Simulation warm-up started: 140 days
Simulation warm-up completed. Measurement starts at simulation day 140.

Simulation Progress: Day 5 / 360
Simulation Clock Time: 0001-05-26 00:00:00


============================================================
Shipment Waiting for Loading Statistics
============================================================

TEUs by Demand Matrix
------------------------------------------------------------
Origin Dest       Busan         Cartagena     Colombo       Hamburg       Ho Chi Minh CityJakarta       Jebel Ali     Kaohsiung     Laem Chabang  Los Angeles   New Jersey    Piraeus       Qingdao       Rotterdam     Shanghai      Shenzhen      Singapore     Tanger Med    Tianjin       Xiamen        
----------------------------------------------------------------------------------------------------------------------------------------------------------------------------------------------------------------------------------------------------------------------------------------------------------
Busan             -             4             16            7             3             2             18            56            2             42            20            5             12            8             27            23            12            8             5             8             
Cartagena         0             -             3             7             1             0             4             2             1             3             24            5             2             9             7             4             5             13            1             2             
Colombo           22            8             -             17            10            11            80            12            23            11            20            23            25            49            62            51            76            15            2             8             
Hamburg           7             24            12            -             2             1             14            5             2             7             106           9             4             24            20            10            8             26            2             2             
Ho Chi Minh City  2             1             3             4             -             3             10            2             7             4             6             4             2             4             13            8             17            5             2             3             
Jakarta           2             0             4             3             3             -             12            2             3             6             4             5             1             7             11            9             5             2             1             2             
Jebel Ali         15            12            170           18            19            19            -             13            18            9             34            14            9             19            21            26            80            23            4             17            
Kaohsiung         23            1             3             14            4             5             11            -             4             12            8             1             14            14            18            9             8             6             5             4             
Laem Chabang      2             2             5             4             3             6             11            1             -             6             4             6             3             8             12            10            10            1             4             3             
Los Angeles       27            4             14            6             3             2             13            10            2             -             19            5             21            11            38            27            10            3             8             10            
New Jersey        13            44            21            22            2             4             11            11            1             36            -             7             12            25            34            21            6             14            2             16            
Piraeus           7             8             22            8             3             2             34            3             3             5             9             -             7             17            21            18            16            20            5             3             
Qingdao           10            2             7             8             2             2             11            7             2             30            12            8             -             7             28            7             12            4             7             0             
Rotterdam         10            58            26            12            3             3             45            5             4             10            179           20            8             -             24            34            19            44            6             6             
Shanghai          39            28            31            29            8             12            60            12            5             40            96            33            16            66            -             30            66            24            13            13            
Shenzhen          45            30            38            34            9             11            37            22            5             39            110           22            13            46            26            -             36            12            9             5             
Singapore         10            9             30            18            9             16            55            9             8             25            42            15            11            34            41            39            -             12            4             10            
Tanger Med        8             36            19            11            5             5             19            5             4             5             37            12            6             11            21            24            19            -             4             4             
Tianjin           11            2             4             4             0             4             11            6             0             20            8             3             9             11            16            3             7             3             -             0             
Xiamen            16            4             23            19            3             2             26            19            2             28            18            15            5             22            15            73            20            7             1             -             

Port-Level Shipment Waiting and Vessel Queue Statistics

Port                       Origin Waiting TEU   Transshipment Waiting TEU   Total Waiting TEU   Vessels Waiting
---------------------------------------------------------------------------------------------------------------
Busan                                     276                          61                 337              0.00
Cartagena                                  95                           0                  95              0.00
Colombo                                   524                           0                 524              0.00
Hamburg                                   284                           0                 284              0.00
Ho Chi Minh City                           98                           0                  98              0.07
Jakarta                                    81                           0                  81              0.07
Jebel Ali                                 540                           0                 540              0.00
Kaohsiung                                 164                           0                 164              0.00
Laem Chabang                              100                           0                 100              0.03
Los Angeles                               233                           0                 233              0.00
New Jersey                                302                          62                 364              0.00
Piraeus                                   211                           0                 211              0.00
Qingdao                                   166                          33                 199              0.01
Rotterdam                                 517                           0                 517              0.00
Shanghai                                  622                       1,020               1,642              0.00
Shenzhen                                  551                          61                 611              0.00
Singapore                                 395                         456                 851              0.00
Tanger Med                                257                         107                 363              0.00
Tianjin                                   121                           0                 121              0.03
Xiamen                                    317                           0                 317              0.05
---------------------------------------------------------------------------------------------------------------
TOTAL                                   5,854                       1,799               7,654              0.25



============================================================
Shipment Being Transported Statistics
============================================================

Average TEUs in Transition by Demand Matrix
------------------------------------------------------------
Origin Dest       Busan         Cartagena     Colombo       Hamburg       Ho Chi Minh CityJakarta       Jebel Ali     Kaohsiung     Laem Chabang  Los Angeles   New Jersey    Piraeus       Qingdao       Rotterdam     Shanghai      Shenzhen      Singapore     Tanger Med    Tianjin       Xiamen        
----------------------------------------------------------------------------------------------------------------------------------------------------------------------------------------------------------------------------------------------------------------------------------------------------------
Busan             -             31            77            181           3             19            139           67            13            482           222           127           4             213           26            35            80            102           9             20            
Cartagena         29            -             74            80            18            28            59            18            14            124           32            44            41            78            160           103           59            61            30            26            
Colombo           31            41            -             149           15            6             162           25            24            60            92            67            29            173           57            58            0             84            20            35            
Hamburg           81            4             198           -             18            30            233           62            25            134           0             38            77            14            262           247           90            54            48            78            
Ho Chi Minh City  6             17            21            37            -             7             68            11            3             71            33            25            11            56            56            70            10            28            8             16            
Jakarta           17            13            29            56            5             -             79            5             7             108           50            61            9             82            40            32            6             33            11            14            
Jebel Ali         62            35            0             121           19            5             -             49            25            139           76            79            32            173           74            85            0             155           20            58            
Kaohsiung         0             14            34            86            7             16            48            -             16            314           71            57            6             96            14            13            28            33            5             5             
Laem Chabang      13            9             27            49            6             4             52            4             -             83            36            37            9             61            46            49            3             28            17            15            
Los Angeles       261           125           88            103           26            39            134           126           25            -             474           99            211           182           370           271           106           72            64            133           
New Jersey        106           23            156           150           18            24            122           73            17            472           -             81            93            151           315           233           77            35            32            75            
Piraeus           57            22            102           17            11            24            146           37            15            101           48            -             50            31            196           160           62            9             27            61            
Qingdao           15            31            36            99            9             12            56            4             7             402           110           72            -             121           14            13            27            67            15            1             
Rotterdam         108           7             279           14            40            61            327           79            36            161           0             42            94            -             298           363           121           64            51            116           
Shanghai          4             52            55            247           8             21            89            7             16            487           186           191           11            319           -             0             42            134           22            6             
Shenzhen          4             32            29            298           20            22            156           2             11            225           284           199           5             435           32            -             40            110           4             6             
Singapore         26            45            32            138           7             10            222           21            11            324           90            90            45            205           86            79            -             83            14            59            
Tanger Med        47            6             119           17            16            27            191           31            25            78            0             6             39            10            170           139           102           -             27            44            
Tianjin           20            15            25            82            6             14            63            8             5             186           84            72            4             119           14            7             26            38            -             1             
Xiamen            6             26            42            130           5             7             71            6             5             148           174           95            5             173           16            24            28            55            1             -             

Completed TEUs by Demand Matrix
------------------------------------------------------------
Origin Dest       Busan         Cartagena     Colombo       Hamburg       Ho Chi Minh CityJakarta       Jebel Ali     Kaohsiung     Laem Chabang  Los Angeles   New Jersey    Piraeus       Qingdao       Rotterdam     Shanghai      Shenzhen      Singapore     Tanger Med    Tianjin       Xiamen        
----------------------------------------------------------------------------------------------------------------------------------------------------------------------------------------------------------------------------------------------------------------------------------------------------------
Busan             -             6             0             58            0             2             55            97            0             125           0             0             17            74            60            35            45            19            29            25            
Cartagena         0             -             23            0             5             0             24            0             1             5             0             0             0             46            0             0             10            56            0             0             
Colombo           18            7             -             75            21            27            0             0             26            24            0             0             19            114           0             0             0             23            4             14            
Hamburg           11            12            0             -             3             0             58            0             4             19            0             0             10            63            0             0             22            76            5             11            
Ho Chi Minh City  1             0             19            14            -             18            0             0             13            26            0             0             3             23            0             0             0             4             0             5             
Jakarta           3             4             43            15            9             -             0             0             9             27            0             0             6             33            0             0             21            0             4             5             
Jebel Ali         31            0             0             60            27            21            -             0             27            21            0             0             13            85            0             0             0             28            5             20            
Kaohsiung         51            3             0             32            0             8             17            -             0             117           0             0             14            32            24            13            8             1             16            6             
Laem Chabang      6             0             29            17            7             11            0             0             -             24            0             0             5             21            0             0             0             4             0             5             
Los Angeles       28            12            0             15            0             10            24            22            0             -             0             0             24            25            0             0             9             0             8             41            
New Jersey        0             66            41            0             7             0             35            0             7             20            -             0             0             123           0             0             26            44            0             0             
Piraeus           6             17            0             41            6             0             40            0             1             19            0             -             9             79            0             0             12            23            4             11            
Qingdao           20            7             0             20            0             8             26            8             0             135           0             0             -             30            66            22            22            0             13            2             
Rotterdam         25            21            0             83            7             0             69            0             10            29            0             0             16            -             0             0             22            120           9             15            
Shanghai          28            4             0             100           0             12            64            24            0             127           0             0             30            101           -             0             76            20            27            21            
Shenzhen          47            9             0             112           0             9             92            0             0             130           0             0             9             153           50            -             73            20            10            7             
Singapore         20            8             102           58            20            45            0             0             21            117           0             0             29            90            0             0             -             12            6             41            
Tanger Med        9             18            0             50            2             0             80            0             7             15            0             0             11            69            0             0             18            -             3             3             
Tianjin           23            3             0             22            0             2             28            0             0             51            0             0             24            23            42            10            21            0             -             1             
Xiamen            33            5             0             30            0             6             56            0             0             57            0             0             7             39            18            117           38            0             1             -             


============================================================
Service Route Capacity and Utilization Statistics
============================================================
Route     Name                                Avg Capacity TEU     Avg Carried TEU    Utilization
-------------------------------------------------------------------------------------------------
S1        Asia-Europe-NorthEurope                      190,165              13,482          7.09%
S2        Intra-EastAsia                                12,125                 351          2.90%
S3        SEA-Feeder                                     6,843                 213          3.11%
S4        Transpacific-WestCoast                       126,976               5,451          4.29%
S5        Asia-US-East                                 116,297               3,752          3.23%
S6        Transatlantic-SouthConnector                  23,150                 787          3.40%
S7        IndianOcean-MiddleEast                         7,676                 528          6.88%
-------------------------------------------------------------------------------------------------
TOTAL                                                  483,234              24,564          5.08%


============================================================
Vessel Statistics
============================================================
Metric                                            Average Count
---------------------------------------------------------------
Average vessels sailing                                   37.09
Average vessels waiting for berth at port                  0.25
Average vessels being served at berth                      1.66
---------------------------------------------------------------
TOTAL average active/port vessels                         39.00


Period Result Output: Period 1 (Days 1-5)
Output Simulation Day: 5
Simulation Running Time: 00:02:59

Simulation Progress: Day 10 / 360
Simulation Clock Time: 0001-05-31 00:00:00


============================================================
Shipment Waiting for Loading Statistics
============================================================

TEUs by Demand Matrix
------------------------------------------------------------
Origin Dest       Busan         Cartagena     Colombo       Hamburg       Ho Chi Minh CityJakarta       Jebel Ali     Kaohsiung     Laem Chabang  Los Angeles   New Jersey    Piraeus       Qingdao       Rotterdam     Shanghai      Shenzhen      Singapore     Tanger Med    Tianjin       Xiamen        
----------------------------------------------------------------------------------------------------------------------------------------------------------------------------------------------------------------------------------------------------------------------------------------------------------
Busan             -             7             26            15            5             4             35            92            3             80            34            11            21            16            59            26            23            12            7             12            
Cartagena         1             -             5             13            1             0             8             3             2             4             39            15            4             15            8             6             7             15            1             6             
Colombo           17            12            -             19            11            15            83            10            27            8             27            18            17            36            47            38            93            13            3             6             
Hamburg           4             15            9             -             2             1             17            3             2             7             63            8             6             24            16            13            7             21            2             3             
Ho Chi Minh City  1             1             6             4             -             5             13            2             6             4             5             3             1             6             19            9             18            4             1             3             
Jakarta           2             0             5             3             3             -             10            2             3             7             6             5             2             8             11            10            5             3             1             3             
Jebel Ali         12            7             106           21            12            13            -             9             10            8             21            16            8             30            18            26            50            34            3             11            
Kaohsiung         22            1             2             10            3             4             7             -             3             24            8             1             11            12            15            6             7             5             5             3             
Laem Chabang      2             1             6             4             3             4             7             1             -             6             2             4             2             5             11            9             10            2             2             1             
Los Angeles       24            4             11            5             3             2             11            7             2             -             19            5             20            9             38            20            9             3             7             8             
New Jersey        11            72            16            26            2             3             12            7             1             26            -             8             8             24            28            19            5             11            3             11            
Piraeus           7             6             20            7             2             2             31            4             3             4             11            -             7             16            20            15            13            17            4             4             
Qingdao           13            3             9             9             3             2             15            14            2             52            21            11            -             14            35            8             15            4             7             0             
Rotterdam         8             39            26            12            3             3             40            5             4             9             123           14            7             -             24            24            15            36            5             5             
Shanghai          51            17            29            22            7             9             39            18            5             57            62            22            23            45            -             28            48            17            15            14            
Shenzhen          36            23            37            31            8             12            37            19            6             30            90            23            10            44            20            -             37            14            7             3             
Singapore         13            12            52            23            9             17            91            10            8             31            49            20            13            35            59            56            -             12            8             13            
Tanger Med        5             34            14            15            3             3             14            3             3             3             35            10            3             19            15            17            11            -             3             4             
Tianjin           11            3             5             6             1             3             14            8             1             24            8             4             11            13            19            4             12            5             -             0             
Xiamen            16            3             16            17            2             2             22            16            2             18            16            13            5             19            14            57            19            7             1             -             

Port-Level Shipment Waiting and Vessel Queue Statistics

Port                       Origin Waiting TEU   Transshipment Waiting TEU   Total Waiting TEU   Vessels Waiting
---------------------------------------------------------------------------------------------------------------
Busan                                     486                          71                 558              0.00
Cartagena                                 151                           0                 151              0.00
Colombo                                   500                           3                 503              0.00
Hamburg                                   223                           0                 223              0.00
Ho Chi Minh City                          109                           0                 109              0.04
Jakarta                                    87                           0                  87              0.09
Jebel Ali                                 414                           0                 414              0.00
Kaohsiung                                 151                          48                 199              0.02
Laem Chabang                               84                           0                  84              0.01
Los Angeles                               206                           0                 206              0.00
New Jersey                                295                          88                 383              0.00
Piraeus                                   195                           0                 195              0.00
Qingdao                                   235                          42                 277              0.01
Rotterdam                                 401                           0                 401              0.00
Shanghai                                  526                         998               1,524              0.00
Shenzhen                                  488                          96                 584              0.00
Singapore                                 529                         521               1,050              0.00
Tanger Med                                216                          81                 297              0.00
Tianjin                                   153                           0                 153              0.02
Xiamen                                    265                           0                 265              0.02
---------------------------------------------------------------------------------------------------------------
TOTAL                                   5,715                       1,948               7,663              0.21



============================================================
Shipment Being Transported Statistics
============================================================

Average TEUs in Transition by Demand Matrix
------------------------------------------------------------
Origin Dest       Busan         Cartagena     Colombo       Hamburg       Ho Chi Minh CityJakarta       Jebel Ali     Kaohsiung     Laem Chabang  Los Angeles   New Jersey    Piraeus       Qingdao       Rotterdam     Shanghai      Shenzhen      Singapore     Tanger Med    Tianjin       Xiamen        
----------------------------------------------------------------------------------------------------------------------------------------------------------------------------------------------------------------------------------------------------------------------------------------------------------
Busan             -             30            61            167           3             17            128           37            13            440           205           115           3             197           16            33            70            98            7             10            
Cartagena         29            -             66            59            16            27            52            19            13            125           18            34            42            57            156           101           52            48            30            27            
Colombo           47            40            -             143           9             5             95            34            15            60            80            73            40            194           74            76            11            86            21            37            
Hamburg           87            17            186           -             19            29            212           67            25            136           58            39            79            10            262           247           93            37            49            75            
Ho Chi Minh City  7             18            20            37            -             6             58            11            2             66            33            24            12            54            41            56            10            30            9             15            
Jakarta           19            13            27            57            5             -             65            6             5             102           52            61            10            88            41            37            6             34            10            14            
Jebel Ali         70            42            88            116           20            15            -             58            24            138           80            70            37            171           71            90            50            157           22            62            
Kaohsiung         10            14            33            85            9             17            50            -             18            297           73            54            12            94            23            12            32            37            7             5             
Laem Chabang      15            11            27            46            5             5             54            6             -             80            35            39            10            62            37            46            4             28            18            14            
Los Angeles       278           127           98            105           28            39            138           125           28            -             455           96            229           190           392           281           112           74            70            126           
New Jersey        115           12            148           111           18            25            113           79            15            472           -             71            102           112           295           227           73            31            34            84            
Piraeus           62            25            102           15            10            25            142           41            16            96            57            -             52            30            196           161           67            17            29            58            
Qingdao           17            31            29            101           10            11            55            2             8             374           108           72            -             125           9             7             26            68            16            0             
Rotterdam         116           37            266           7             41            63            328           84            36            158           98            41            98            -             300           375           135           44            54            115           
Shanghai          15            69            57            247           13            26            116           4             22            471           221           193           12            342           -             11            65            147           24            3             
Shenzhen          20            42            41            292           26            24            157           5             16            236           298           186           12            436           37            -             41            112           8             8             
Singapore         28            43            16            135           5             14            125           23            8             291           78            87            44            207           59            67            -             84            14            46            
Tanger Med        53            12            123           11            20            29            164           35            25            78            9             11            41            9             176           151           112           -             31            48            
Tianjin           23            15            21            83            7             14            63            11            5             188           82            67            4             124           11            5             26            40            -             0             
Xiamen            11            29            44            144           6             7             72            6             6             160           167           95            7             188           19            12            32            59            1             -             

Completed TEUs by Demand Matrix
------------------------------------------------------------
Origin Dest       Busan         Cartagena     Colombo       Hamburg       Ho Chi Minh CityJakarta       Jebel Ali     Kaohsiung     Laem Chabang  Los Angeles   New Jersey    Piraeus       Qingdao       Rotterdam     Shanghai      Shenzhen      Singapore     Tanger Med    Tianjin       Xiamen        
----------------------------------------------------------------------------------------------------------------------------------------------------------------------------------------------------------------------------------------------------------------------------------------------------------
Busan             -             6             44            58            0             13            55            97            0             212           53            34            17            74            60            35            45            40            44            25            
Cartagena         0             -             23            70            5             5             30            0             1             5             46            33            0             67            16            12            38            70            0             0             
Colombo           18            7             -             75            21            27            224           0             26            35            32            20            19            114           57            58            0             51            13            14            
Hamburg           11            12            74            -             3             7             98            0             4             23            0             42            10            102           40            48            45            109           11            11            
Ho Chi Minh City  1             0             19            14            -             28            39            0             13            36            11            8             3             23            49            65            32            9             2             5             
Jakarta           3             4             43            15            9             -             51            0             9             47            4             12            6             33            17            11            39            12            8             5             
Jebel Ali         31            0             210           60            27            21            -             0             27            44            40            40            13            85            47            53            0             75            12            20            
Kaohsiung         97            3             10            32            0             13            17            -             0             152           15            12            35            32            24            13            8             8             30            6             
Laem Chabang      6             0             29            17            7             23            23            0             -             35            13            8             5             21            43            46            20            8             5             5             
Los Angeles       28            12            2             15            0             11            24            22            0             -             97            19            24            25            81            39            9             16            15            41            
New Jersey        0             66            61            150           7             7             55            0             7             83            -             67            0             160           96            76            48            59            0             0             
Piraeus           6             17            44            41            6             3             68            0             1             31            0             -             9             79            31            28            22            60            8             11            
Qingdao           31            7             26            20            0             14            26            8             0             193           21            12            -             30            66            22            22            20            31            2             
Rotterdam         25            21            123           83            7             12            124           0             10            45            0             57            16            -             55            65            53            169           13            15            
Shanghai          28            4             55            100           0             30            64            24            0             178           60            55            30            101           -             50            76            55            54            21            
Shenzhen          109           9             29            112           0             29            92            37            0             130           95            85            28            153           50            -             73            55            24            7             
Singapore         20            8             102           58            20            99            222           0             21            182           31            29            29            90            95            87            -             36            12            41            
Tanger Med        9             18            48            50            2             2             131           0             7             20            0             25            11            69            26            22            43            -             8             3             
Tianjin           30            3             18            22            0             8             28            0             0             51            18            19            52            23            42            10            21            8             -             1             
Xiamen            61            5             34            30            0             11            56            29            0             57            53            27            16            39            18            117           38            10            2             -             


============================================================
Service Route Capacity and Utilization Statistics
============================================================
Route     Name                                Avg Capacity TEU     Avg Carried TEU    Utilization
-------------------------------------------------------------------------------------------------
S1        Asia-Europe-NorthEurope                      189,203              13,408          7.09%
S2        Intra-EastAsia                                12,773                 383          3.00%
S3        SEA-Feeder                                     7,042                 208          2.95%
S4        Transpacific-WestCoast                       127,508               5,292          4.15%
S5        Asia-US-East                                 115,337               3,718          3.22%
S6        Transatlantic-SouthConnector                  22,683                 773          3.41%
S7        IndianOcean-MiddleEast                         7,415                 465          6.28%
-------------------------------------------------------------------------------------------------
TOTAL                                                  481,960              24,246          5.03%


============================================================
Vessel Statistics
============================================================
Metric                                            Average Count
---------------------------------------------------------------
Average vessels sailing                                   37.07
Average vessels waiting for berth at port                  0.21
Average vessels being served at berth                      1.72
---------------------------------------------------------------
TOTAL average active/port vessels                         39.00


Period Result Output: Period 2 (Days 6-10)
Output Simulation Day: 10
Simulation Running Time: 00:03:07

Simulation Progress: Day 15 / 360
Simulation Clock Time: 0001-06-05 00:00:00


============================================================
Shipment Waiting for Loading Statistics
============================================================

TEUs by Demand Matrix
------------------------------------------------------------
Origin Dest       Busan         Cartagena     Colombo       Hamburg       Ho Chi Minh CityJakarta       Jebel Ali     Kaohsiung     Laem Chabang  Los Angeles   New Jersey    Piraeus       Qingdao       Rotterdam     Shanghai      Shenzhen      Singapore     Tanger Med    Tianjin       Xiamen        
----------------------------------------------------------------------------------------------------------------------------------------------------------------------------------------------------------------------------------------------------------------------------------------------------------
Busan             -             5             22            17            3             3             32            77            2             66            27            9             18            15            53            30            20            10            10            10            
Cartagena         2             -             9             21            1             1             14            4             2             5             56            23            5             22            11            10            13            21            2             7             
Colombo           14            14            -             22            9             12            115           11            19            8             30            19            14            36            46            35            72            15            3             8             
Hamburg           4             12            12            -             2             2             21            3             2             6             48            9             6             27            17            16            8             22            1             5             
Ho Chi Minh City  1             1             5             4             -             6             11            2             5             4             4             3             1             6             15            8             16            3             1             2             
Jakarta           2             0             8             3             4             -             10            1             3             7             8             5             2             10            13            13            7             4             1             4             
Jebel Ali         12            6             106           18            13            13            -             7             8             8             24            16            8             27            17            24            49            29            2             9             
Kaohsiung         29            1             2             9             3             4             8             -             3             34            9             2             11            12            18            6             7             5             7             4             
Laem Chabang      2             1             7             4             3             5             7             1             -             5             2             4             2             4             11            9             11            2             2             1             
Los Angeles       39            5             12            7             5             4             15            9             2             -             27            5             22            12            57            22            12            5             8             10            
New Jersey        11            99            19            41            2             3             19            7             1             25            -             14            7             38            34            25            6             14            3             10            
Piraeus           6             6             16            8             2             2             27            4             3             4             15            -             6             20            18            12            10            22            3             4             
Qingdao           10            3             6             8             2             2             15            12            2             51            17            10            -             13            32            8             13            4             6             0             
Rotterdam         9             30            28            12            3             3             45            7             4             9             92            14            8             -             30            28            16            39            5             7             
Shanghai          40            13            37            27            8             10            39            20            7             56            52            23            22            48            -             34            53            18            13            10            
Shenzhen          37            17            41            30            8             16            51            19            6             33            70            31            9             53            20            -             44            20            7             3             
Singapore         10            10            57            17            10            16            92            8             8             24            36            16            10            28            48            44            -             11            6             11            
Tanger Med        6             24            20            13            3             4             19            5             3             4             27            14            4             17            18            20            12            -             3             6             
Tianjin           10            2             6             5             1             2             14            7             1             20            9             5             9             13            20            5             10            5             -             0             
Xiamen            16            2             14            16            2             2             20            13            2             17            15            11            5             17            14            51            18            6             1             -             

Port-Level Shipment Waiting and Vessel Queue Statistics

Port                       Origin Waiting TEU   Transshipment Waiting TEU   Total Waiting TEU   Vessels Waiting
---------------------------------------------------------------------------------------------------------------
Busan                                     429                          81                 510              0.00
Cartagena                                 229                           0                 229              0.00
Colombo                                   501                          13                 514              0.00
Hamburg                                   223                           0                 223              0.00
Ho Chi Minh City                           97                           0                  97              0.05
Jakarta                                   105                           0                 105              0.09
Jebel Ali                                 397                           0                 397              0.00
Kaohsiung                                 174                          66                 240              0.04
Laem Chabang                               82                           0                  82              0.02
Los Angeles                               279                           0                 279              0.00
New Jersey                                378                         105                 483              0.00
Piraeus                                   189                           0                 189              0.00
Qingdao                                   213                          40                 253              0.01
Rotterdam                                 390                           0                 390              0.00
Shanghai                                  528                       1,021               1,549              0.00
Shenzhen                                  515                         101                 616              0.00
Singapore                                 462                         519                 980              0.00
Tanger Med                                222                          70                 292              0.00
Tianjin                                   144                           0                 144              0.01
Xiamen                                    242                           0                 242              0.03
---------------------------------------------------------------------------------------------------------------
TOTAL                                   5,798                       2,015               7,813              0.26



============================================================
Shipment Being Transported Statistics
============================================================

Average TEUs in Transition by Demand Matrix
------------------------------------------------------------
Origin Dest       Busan         Cartagena     Colombo       Hamburg       Ho Chi Minh CityJakarta       Jebel Ali     Kaohsiung     Laem Chabang  Los Angeles   New Jersey    Piraeus       Qingdao       Rotterdam     Shanghai      Shenzhen      Singapore     Tanger Med    Tianjin       Xiamen        
----------------------------------------------------------------------------------------------------------------------------------------------------------------------------------------------------------------------------------------------------------------------------------------------------------
Busan             -             33            66            164           5             16            134           62            13            468           214           116           6             197           28            33            64            98            5             13            
Cartagena         28            -             63            44            12            25            47            19            13            125           12            25            42            44            144           95            45            37            31            26            
Colombo           48            43            -             143           11            12            64            39            23            62            79            78            41            203           89            87            36            83            21            35            
Hamburg           89            26            180           -             20            29            203           69            25            139           89            33            79            11            265           249           88            35            48            74            
Ho Chi Minh City  6             18            25            38            -             8             61            12            2             67            33            24            12            55            47            50            13            30            9             15            
Jakarta           16            12            30            57            4             -             63            7             5             100           55            62            11            92            44            44            5             32            9             14            
Jebel Ali         66            44            59            120           20            18            -             61            24            138           79            72            39            180           74            96            54            165           22            63            
Kaohsiung         14            15            30            85            9             17            48            -             18            299           75            53            10            93            21            12            27            38            7             4             
Laem Chabang      13            12            30            47            5             5             55            6             -             83            33            39            10            63            37            45            6             29            18            12            
Los Angeles       265           128           102           105           29            39            137           123           28            -             441           93            220           186           381           283           111           70            71            121           
New Jersey        112           8             144           88            17            24            105           80            15            472           -             55            101           88            276           214           67            24            36            85            
Piraeus           62            27            107           14            11            25            146           43            17            95            64            -             54            27            203           166           69            15            30            59            
Qingdao           20            32            29            102           11            11            55            6             9             397           116           77            -             127           9             8             27            64            14            0             
Rotterdam         116           57            256           7             42            62            324           87            38            158           162           33            98            -             308           379           135           42            55            114           
Shanghai          13            77            57            244           14            26            114           8             21            487           242           191           15            342           -             13            54            145           28            4             
Shenzhen          26            53            45            287           25            23            131           7             17            254           321           181           11            428           32            -             28            106           9             8             
Singapore         30            49            33            140           4             12            116           27            6             291           92            95            43            213           83            86            -             84            18            49            
Tanger Med        55            28            120           12            21            30            148           37            26            78            29            8             41            12            177           155           109           -             31            49            
Tianjin           22            16            21            83            6             14            61            13            4             202           83            66            3             124           9             5             29            41            -             0             
Xiamen            17            30            45            151           6             6             71            7             7             169           167           95            6             190           23            15            32            60            1             -             

Completed TEUs by Demand Matrix
------------------------------------------------------------
Origin Dest       Busan         Cartagena     Colombo       Hamburg       Ho Chi Minh CityJakarta       Jebel Ali     Kaohsiung     Laem Chabang  Los Angeles   New Jersey    Piraeus       Qingdao       Rotterdam     Shanghai      Shenzhen      Singapore     Tanger Med    Tianjin       Xiamen        
----------------------------------------------------------------------------------------------------------------------------------------------------------------------------------------------------------------------------------------------------------------------------------------------------------
Busan             -             6             78            96            0             21            101           258           7             212           70            45            60            106           180           98            103           40            44            25            
Cartagena         2             -             23            70            14            15            43            0             3             5             46            41            3             87            67            50            38            101           0             3             
Colombo           47            7             -             109           21            54            224           25            26            35            72            56            41            155           150           58            156           51            13            37            
Hamburg           16            12            74            -             3             17            157           8             4             23            0             65            18            170           92            48            58            109           11            21            
Ho Chi Minh City  6             0             19            22            -             41            39            10            24            36            17            15            11            35            70            65            68            9             2             15            
Jakarta           14            4             43            24            19            -             51            1             16            47            27            37            9             44            70            11            39            12            8             8             
Jebel Ali         67            0             210           102           27            48            -             29            27            44            40            65            31            131           94            53            108           75            12            41            
Kaohsiung         97            3             34            45            5             22            33            -             6             152           15            12            35            46            60            26            32            8             30            11            
Laem Chabang      18            0             29            23            11            29            23            4             -             35            23            20            12            31            66            46            43            8             5             15            
Los Angeles       98            12            12            27            1             13            38            50            4             -             159           35            100           59            149           39            23            16            15            61            
New Jersey        26            66            61            150           13            16            77            23            9             83            -             81            23            206           167           118           61            83            0             19            
Piraeus           23            17            44            57            6             16            108           7             1             31            0             -             21            115           84            28            37            60            8             21            
Qingdao           42            7             42            42            6             20            56            39            3             193           43            27            -             60            125           38            46            20            31            2             
Rotterdam         44            21            123           115           7             29            212           15            10            45            0             77            34            -             101           65            60            169           13            27            
Shanghai          122           4             103           148           8             53            121           74            16            178           137           98            81            176           -             50            166           55            54            43            
Shenzhen          109           9             104           171           20            54            202           76            11            130           219           126           28            244           91            -             140           55            24            17            
Singapore         46            8             102           105           34            124           222           23            35            182           78            54            68            138           222           87            -             36            12            68            
Tanger Med        15            18            48            80            2             11            172           6             7             20            0             38            16            119           80            22            55            -             8             13            
Tianjin           47            3             28            42            4             18            57            26            4             51            32            37            52            55            84            21            40            8             -             1             
Xiamen            61            5             73            57            4             15            91            50            5             57            78            58            16            86            41            219           73            10            2             -             


============================================================
Service Route Capacity and Utilization Statistics
============================================================
Route     Name                                Avg Capacity TEU     Avg Carried TEU    Utilization
-------------------------------------------------------------------------------------------------
S1        Asia-Europe-NorthEurope                      189,255              13,359          7.06%
S2        Intra-EastAsia                                12,701                 398          3.14%
S3        SEA-Feeder                                     6,914                 223          3.23%
S4        Transpacific-WestCoast                       127,220               5,351          4.21%
S5        Asia-US-East                                 114,985               3,735          3.25%
S6        Transatlantic-SouthConnector                  22,777                 824          3.62%
S7        IndianOcean-MiddleEast                         7,447                 461          6.20%
-------------------------------------------------------------------------------------------------
TOTAL                                                  481,300              24,351          5.06%


============================================================
Vessel Statistics
============================================================
Metric                                            Average Count
---------------------------------------------------------------
Average vessels sailing                                   36.98
Average vessels waiting for berth at port                  0.26
Average vessels being served at berth                      1.76
---------------------------------------------------------------
TOTAL average active/port vessels                         39.00


Period Result Output: Period 3 (Days 11-15)
Output Simulation Day: 15
Simulation Running Time: 00:03:15

Simulation Progress: Day 20 / 360
Simulation Clock Time: 0001-06-10 00:00:00


============================================================
Shipment Waiting for Loading Statistics
============================================================

TEUs by Demand Matrix
------------------------------------------------------------
Origin Dest       Busan         Cartagena     Colombo       Hamburg       Ho Chi Minh CityJakarta       Jebel Ali     Kaohsiung     Laem Chabang  Los Angeles   New Jersey    Piraeus       Qingdao       Rotterdam     Shanghai      Shenzhen      Singapore     Tanger Med    Tianjin       Xiamen        
----------------------------------------------------------------------------------------------------------------------------------------------------------------------------------------------------------------------------------------------------------------------------------------------------------
Busan             -             4             19            16            3             3             28            68            2             61            24            9             16            17            45            27            16            10            9             10            
Cartagena         3             -             12            25            1             1             16            4             2             6             66            26            6             29            13            13            16            26            3             7             
Colombo           13            12            -             24            10            13            101           10            17            7             27            17            12            32            41            32            73            17            3             7             
Hamburg           6             11            14            -             2             3             26            4             2             6             42            13            6             29            21            20            10            25            2             7             
Ho Chi Minh City  2             1             5             4             -             6             11            2             5             4             3             3             1             5             14            9             16            3             1             2             
Jakarta           3             1             8             3             3             -             10            2             3             6             7             5             2             9             14            14            7             4             1             4             
Jebel Ali         12            7             121           19            14            16            -             8             8             10            28            16            9             29            20            24            53            27            2             9             
Kaohsiung         30            1             3             8             2             4             7             -             3             32            8             3             11            11            17            6             7             5             10            3             
Laem Chabang      2             1             7             4             2             6             9             1             -             5             2             4             2             4             11            9             14            2             2             2             
Los Angeles       33            4             10            5             4             3             14            10            2             -             24            5             22            11            50            21            11            4             7             10            
New Jersey        10            79            16            56            2             2             27            6             1             22            -             21            6             58            27            22            5             20            2             8             
Piraeus           5             5             16            8             2             2             27            3             3             4             14            -             6             19            20            13            10            21            3             6             
Qingdao           10            3             7             7             2             3             15            11            2             50            17            10            -             13            31            8             13            4             6             0             
Rotterdam         10            25            29            15            4             4             49            7             4             10            77            16            9             -             32            31            16            38            4             9             
Shanghai          35            11            30            23            7             9             32            18            6             52            46            20            23            41            -             29            46            16            14            11            
Shenzhen          39            13            34            25            7             13            45            20            5             36            56            27            10            46            23            -             39            17            7             4             
Singapore         10            8             50            18            9             16            84            7             9             25            30            17            12            31            48            44            -             12            5             12            
Tanger Med        5             21            18            12            3             4             18            4             3             4             23            12            4             18            17            19            10            -             2             5             
Tianjin           9             2             6             6             1             2             14            6             1             19            9             5             7             13            20            6             10            5             -             0             
Xiamen            16            2             15            15            2             3             23            13            2             21            16            11            6             19            14            53            18            8             1             -             

Port-Level Shipment Waiting and Vessel Queue Statistics

Port                       Origin Waiting TEU   Transshipment Waiting TEU   Total Waiting TEU   Vessels Waiting
---------------------------------------------------------------------------------------------------------------
Busan                                     387                         103                 490              0.00
Cartagena                                 276                           0                 276              0.00
Colombo                                   469                          10                 479              0.00
Hamburg                                   248                           0                 248              0.00
Ho Chi Minh City                           96                           0                  96              0.06
Jakarta                                   105                           0                 105              0.07
Jebel Ali                                 432                           0                 432              0.00
Kaohsiung                                 171                          66                 238              0.03
Laem Chabang                               87                           0                  87              0.02
Los Angeles                               250                           0                 250              0.00
New Jersey                                390                          83                 473              0.00
Piraeus                                   187                           0                 187              0.00
Qingdao                                   212                          39                 251              0.01
Rotterdam                                 389                           0                 389              0.00
Shanghai                                  468                       1,043               1,511              0.00
Shenzhen                                  465                          83                 548              0.00
Singapore                                 446                         500                 946              0.00
Tanger Med                                203                          55                 258              0.00
Tianjin                                   139                           0                 139              0.01
Xiamen                                    260                           0                 260              0.03
---------------------------------------------------------------------------------------------------------------
TOTAL                                   5,679                       1,984               7,663              0.23



============================================================
Shipment Being Transported Statistics
============================================================

Average TEUs in Transition by Demand Matrix
------------------------------------------------------------
Origin Dest       Busan         Cartagena     Colombo       Hamburg       Ho Chi Minh CityJakarta       Jebel Ali     Kaohsiung     Laem Chabang  Los Angeles   New Jersey    Piraeus       Qingdao       Rotterdam     Shanghai      Shenzhen      Singapore     Tanger Med    Tianjin       Xiamen        
----------------------------------------------------------------------------------------------------------------------------------------------------------------------------------------------------------------------------------------------------------------------------------------------------------
Busan             -             35            69            170           7             15            138           62            12            473           217           116           6             199           29            39            63            99            5             19            
Cartagena         26            -             62            36            11            22            45            20            13            120           17            22            39            37            134           87            44            30            29            26            
Colombo           52            48            -             146           10            9             98            40            23            64            77            78            44            213           88            89            27            83            21            37            
Hamburg           91            33            172           -             20            27            196           67            25            139           86            30            81            8             257           243           85            27            47            74            
Ho Chi Minh City  6             19            27            40            -             8             66            10            2             65            32            23            11            57            49            49            15            29            9             16            
Jakarta           17            12            29            57            5             -             65            7             5             98            54            60            12            97            42            46            4             32            9             16            
Jebel Ali         68            45            46            123           18            14            -             56            23            138           75            72            41            187           70            92            41            166           21            63            
Kaohsiung         13            16            26            84            9             16            47            -             18            303           79            53            11            96            25            12            27            39            7             5             
Laem Chabang      12            12            30            48            5             5             60            5             -             81            30            38            10            64            37            44            9             29            17            11            
Los Angeles       267           129           107           106           32            41            144           121           28            -             434           90            212           187           392           280           116           70            72            122           
New Jersey        108           44            146           66            16            23            99            78            14            474           -             45            99            66            272           213           65            18            36            87            
Piraeus           64            31            105           16            11            23            147           43            18            92            66            -             56            34            197           161           69            20            30            60            
Qingdao           18            33            27            103           11            10            57            7             9             410           117           78            -             129           10            8             28            62            13            0             
Rotterdam         119           70            247           6             41            58            323           87            38            157           152           29            99            -             310           370           138           34            56            115           
Shanghai          11            81            65            250           16            26            121           8             23            488           246           188           14            356           -             14            67            147           28            5             
Shenzhen          23            59            51            292           25            25            139           5             18            256           312           185           11            442           31            -             38            112           9             8             
Singapore         33            52            32            139           5             10            136           25            6             277           91            95            42            215           73            79            -             83            19            51            
Tanger Med        59            36            124           12            23            30            146           38            27            79            29            11            42            15            170           158           108           -             31            51            
Tianjin           19            17            21            81            6             13            61            12            4             202           82            62            2             125           11            6             31            42            -             0             
Xiamen            15            31            41            154           6             6             70            6             7             165           161           91            6             189           26            13            35            60            1             -             

Completed TEUs by Demand Matrix
------------------------------------------------------------
Origin Dest       Busan         Cartagena     Colombo       Hamburg       Ho Chi Minh CityJakarta       Jebel Ali     Kaohsiung     Laem Chabang  Los Angeles   New Jersey    Piraeus       Qingdao       Rotterdam     Shanghai      Shenzhen      Singapore     Tanger Med    Tianjin       Xiamen        
----------------------------------------------------------------------------------------------------------------------------------------------------------------------------------------------------------------------------------------------------------------------------------------------------------
Busan             -             18            78            96            3             21            169           349           13            323           130           80            81            130           254           98            151           51            69            60            
Cartagena         12            -             30            84            14            15            43            3             3             27            46            45            17            87            67            50            38            101           13            13            
Colombo           47            35            -             109           37            54            224           57            65            44            92            67            41            227           192           167           156           82            23            60            
Hamburg           16            42            112           -             7             17            226           26            11            33            152           95            18            170           112           121           71            162           22            41            
Ho Chi Minh City  6             10            39            22            -             41            39            12            32            53            24            18            11            43            70            79            104           20            7             20            
Jakarta           14            14            74            24            30            -             51            9             25            63            27            37            9             76            70            63            58            25            11            20            
Jebel Ali         67            14            210           102           48            48            -             67            52            57            76            91            31            213           109           124           108           147           17            87            
Kaohsiung         168           5             34            45            7             22            56            -             16            228           25            26            48            46            80            26            45            8             46            18            
Laem Chabang      18            8             56            23            17            29            23            7             -             55            31            26            12            40            66            68            91            17            16            19            
Los Angeles       147           51            12            27            3             13            48            66            7             -             159           38            143           76            149           132           47            25            38            84            
New Jersey        50            242           109           191           15            16            77            44            12            117           -             102           39            206           188           142           61            83            15            40            
Piraeus           23            33            77            57            10            16            168           26            9             44            71            -             21            165           97            85            51            113           11            50            
Qingdao           67            24            42            42            11            20            77            58            9             266           68            39            -             86            191           38            72            32            41            4             
Rotterdam         44            100           180           115           22            29            304           37            23            59            293           102           34            -             128           170           83            255           21            64            
Shanghai          154           40            103           148           19            53            209           103           28            304           186           144           114           243           -             132           272           85            93            68            
Shenzhen          182           30            104           171           41            54            279           76            27            199           284           154           41            353           115           -             222           74            44            24            
Singapore         46            40            234           105           52            124           222           45            46            263           90            75            68            201           259           220           -             57            19            117           
Tanger Med        15            72            79            80            3             11            226           17            17            25            79            71            16            165           113           70            91            -             11            30            
Tianjin           68            10            28            42            7             18            84            26            5             103           48            50            59            81            124           21            74            18            -             2             
Xiamen            104           14            73            57            8             15            129           50            7             105           119           71            22            133           66            219           120           24            4             -             


============================================================
Service Route Capacity and Utilization Statistics
============================================================
Route     Name                                Avg Capacity TEU     Avg Carried TEU    Utilization
-------------------------------------------------------------------------------------------------
S1        Asia-Europe-NorthEurope                      189,028              13,316          7.04%
S2        Intra-EastAsia                                12,659                 407          3.22%
S3        SEA-Feeder                                     6,926                 243          3.51%
S4        Transpacific-WestCoast                       127,114               5,409          4.26%
S5        Asia-US-East                                 114,897               3,707          3.23%
S6        Transatlantic-SouthConnector                  22,625                 834          3.69%
S7        IndianOcean-MiddleEast                         7,420                 480          6.46%
-------------------------------------------------------------------------------------------------
TOTAL                                                  480,669              24,396          5.08%


============================================================
Vessel Statistics
============================================================
Metric                                            Average Count
---------------------------------------------------------------
Average vessels sailing                                   36.93
Average vessels waiting for berth at port                  0.23
Average vessels being served at berth                      1.84
---------------------------------------------------------------
TOTAL average active/port vessels                         39.00


Period Result Output: Period 4 (Days 16-20)
Output Simulation Day: 20
Simulation Running Time: 00:03:23

Simulation Progress: Day 25 / 360
Simulation Clock Time: 0001-06-15 00:00:00


============================================================
Shipment Waiting for Loading Statistics
============================================================

TEUs by Demand Matrix
------------------------------------------------------------
Origin Dest       Busan         Cartagena     Colombo       Hamburg       Ho Chi Minh CityJakarta       Jebel Ali     Kaohsiung     Laem Chabang  Los Angeles   New Jersey    Piraeus       Qingdao       Rotterdam     Shanghai      Shenzhen      Singapore     Tanger Med    Tianjin       Xiamen        
----------------------------------------------------------------------------------------------------------------------------------------------------------------------------------------------------------------------------------------------------------------------------------------------------------
Busan             -             3             17            15            2             3             26            62            1             59            23            9             16            16            43            27            18            10            10            9             
Cartagena         3             -             10            22            1             1             13            3             2             6             56            22            5             25            11            11            13            22            2             6             
Colombo           13            10            -             25            13            14            95            9             16            8             23            18            12            31            42            35            77            17            3             8             
Hamburg           5             14            13            -             2             3             23            3             2             6             46            14            6             30            20            20            9             23            2             6             
Ho Chi Minh City  2             1             5             4             -             6             11            1             5             4             3             3             2             5             13            9             16            2             1             2             
Jakarta           2             1             9             3             3             -             9             2             3             6             6             5             2             9             14            13            7             3             1             3             
Jebel Ali         13            6             104           22            12            13            -             7             7             12            23            16            8             34            20            22            47            29            2             9             
Kaohsiung         28            1             3             8             2             3             6             -             3             32            8             3             10            10            16            7             7             4             10            3             
Laem Chabang      2             1             7             4             3             6             11            1             -             5             2             4             3             5             12            9             16            2             2             2             
Los Angeles       31            4             9             5             3             3             13            9             2             -             23            4             22            10            48            21            10            4             7             11            
New Jersey        11            69            15            60            2             3             29            7             1             23            -             24            6             65            28            21            6             23            3             8             
Piraeus           6             5             16            8             2             2             25            3             2             4             17            -             5             22            19            13            9             21            2             6             
Qingdao           12            4             8             9             2             3             16            10            2             51            18            10            -             15            29            8             15            4             6             0             
Rotterdam         10            26            27            13            4             4             47            6             3             10            83            16            9             -             31            31            14            35            4             9             
Shanghai          31            12            28            23            6             9             30            18            7             54            51            19            22            40            -             28            45            16            15            11            
Shenzhen          33            13            38            26            9             12            46            18            6             32            54            27            9             45            22            -             43            17            6             4             
Singapore         12            7             56            15            8             15            90            8             9             25            26            15            12            27            49            42            -             12            5             14            
Tanger Med        6             19            18            12            3             5             19            4             3             4             21            13            5             17            19            20            10            -             3             5             
Tianjin           8             2             7             7             1             2             15            5             1             20            9             4             8             16            21            7             11            6             -             0             
Xiamen            16            2             14            16            2             3             22            11            2             19            16            11            6             17            12            50            17            7             1             -             

Port-Level Shipment Waiting and Vessel Queue Statistics

Port                       Origin Waiting TEU   Transshipment Waiting TEU   Total Waiting TEU   Vessels Waiting
---------------------------------------------------------------------------------------------------------------
Busan                                     369                         106                 475              0.00
Cartagena                                 236                           0                 236              0.00
Colombo                                   468                          10                 478              0.00
Hamburg                                   245                           0                 245              0.00
Ho Chi Minh City                           96                           0                  96              0.06
Jakarta                                   102                           0                 102              0.07
Jebel Ali                                 408                           0                 408              0.00
Kaohsiung                                 165                          68                 233              0.03
Laem Chabang                               96                           0                  96              0.03
Los Angeles                               237                           0                 237              0.00
New Jersey                                402                          80                 483              0.00
Piraeus                                   190                           0                 190              0.00
Qingdao                                   223                          37                 259              0.01
Rotterdam                                 380                           0                 380              0.00
Shanghai                                  465                         991               1,456              0.00
Shenzhen                                  460                         115                 574              0.00
Singapore                                 448                         511                 959              0.00
Tanger Med                                204                          49                 252              0.00
Tianjin                                   151                           0                 151              0.01
Xiamen                                    244                           0                 244              0.02
---------------------------------------------------------------------------------------------------------------
TOTAL                                   5,590                       1,966               7,556              0.23



============================================================
Shipment Being Transported Statistics
============================================================

Average TEUs in Transition by Demand Matrix
------------------------------------------------------------
Origin Dest       Busan         Cartagena     Colombo       Hamburg       Ho Chi Minh CityJakarta       Jebel Ali     Kaohsiung     Laem Chabang  Los Angeles   New Jersey    Piraeus       Qingdao       Rotterdam     Shanghai      Shenzhen      Singapore     Tanger Med    Tianjin       Xiamen        
----------------------------------------------------------------------------------------------------------------------------------------------------------------------------------------------------------------------------------------------------------------------------------------------------------
Busan             -             35            69            175           7             15            140           66            11            475           217           116           6             201           29            38            59            99            6             18            
Cartagena         26            -             66            40            10            22            49            21            13            118           34            29            39            46            134           87            48            36            28            26            
Colombo           50            48            -             150           9             8             79            38            19            66            81            82            43            211           89            92            28            83            20            35            
Hamburg           91            32            172           -             20            28            192           66            24            139           76            32            80            9             257           244           85            28            46            73            
Ho Chi Minh City  7             18            29            41            -             8             65            10            2             65            31            23            11            57            51            50            14            28            8             15            
Jakarta           17            11            32            54            4             -             60            7             5             96            56            60            12            96            45            50            5             31            9             15            
Jebel Ali         67            44            68            123           19            18            -             50            21            138           78            71            42            180           72            93            49            159           21            57            
Kaohsiung         15            16            24            86            9             15            46            -             18            299           81            53            13            100           27            13            26            41            9             5             
Laem Chabang      11            12            30            50            5             5             56            5             -             81            28            37            11            63            39            45            8             28            16            10            
Los Angeles       267           124           109           105           33            42            152           121           29            -             436           89            211           187           396           279           116           68            72            121           
New Jersey        105           42            142           64            16            22            101           75            13            471           -             41            97            66            270           213           61            19            35            84            
Piraeus           64            31            103           16            12            21            144           41            18            91            64            -             57            32            196           160           69            19            31            57            
Qingdao           16            31            27            100           10            10            59            7             9             417           119           80            -             127           8             7             27            59            12            0             
Rotterdam         120           64            246           6             41            57            321           85            38            158           132           28            101           -             316           370           141           32            56            112           
Shanghai          11            78            64            245           17            24            122           9             24            485           243           182           15            357           -             15            61            145           29            4             
Shenzhen          27            60            49            286           23            21            143           6             18            263           301           186           12            433           37            -             31            113           9             7             
Singapore         33            49            25            141           5             9             110           23            8             267           93            98            42            215           76            78            -             82            20            47            
Tanger Med        59            33            126           13            24            30            140           38            27            80            26            12            42            15            167           160           104           -             31            51            
Tianjin           16            16            21            78            6             11            62            11            4             198           82            59            2             123           9             5             29            41            -             0             
Xiamen            16            30            41            157           6             7             74            6             8             168           158           90            8             188           27            12            34            61            1             -             

Completed TEUs by Demand Matrix
------------------------------------------------------------
Origin Dest       Busan         Cartagena     Colombo       Hamburg       Ho Chi Minh CityJakarta       Jebel Ali     Kaohsiung     Laem Chabang  Los Angeles   New Jersey    Piraeus       Qingdao       Rotterdam     Shanghai      Shenzhen      Singapore     Tanger Med    Tianjin       Xiamen        
----------------------------------------------------------------------------------------------------------------------------------------------------------------------------------------------------------------------------------------------------------------------------------------------------------
Busan             -             21            130           147           10            29            169           463           18            417           130           80            114           170           317           162           151           74            92            60            
Cartagena         12            -             30            84            14            15            43            3             5             40            186           45            17            87            67            50            41            101           13            13            
Colombo           97            46            -             187           37            54            468           57            65            52            92            67            80            263           267           167           156           98            33            60            
Hamburg           44            55            148           -             9             19            226           26            14            47            190           95            44            220           163           121           71            209           31            41            
Ho Chi Minh City  9             13            39            34            -             55            82            12            45            53            24            18            17            59            110           79            104           23            10            20            
Jakarta           24            14            74            46            33            -             106           9             30            80            27            37            19            76            104           63            79            25            15            20            
Jebel Ali         108           35            402           170           48            48            -             67            52            81            76            91            55            254           147           124           108           193           30            87            
Kaohsiung         226           7             40            55            12            29            56            -             21            325           25            26            56            63            101           38            45            11            73            18            
Laem Chabang      23            9             56            46            21            45            75            7             -             55            31            26            16            53            89            68            91            19            21            19            
Los Angeles       199           51            51            46            15            21            48            99            12            -             159           38            164           95            220           132           57            33            51            84            
New Jersey        58            277           131           191           17            16            77            44            15            166           -             102           50            206           188           142           80            83            16            40            
Piraeus           38            47            102           91            12            21            168           26            12            49            109           -             37            193           144           85            51            154           21            50            
Qingdao           85            27            58            78            17            26            77            78            13            367           68            39            -             112           191           60            72            45            41            4             
Rotterdam         74            121           243           170           26            41            304           37            26            70            354           102           57            -             187           170           83            310           32            64            
Shanghai          195           55            195           252           41            73            209           137           49            426           186           144           159           297           -             132           297           105           99            68            
Shenzhen          255           38            187           281           61            87            279           111           43            255           284           154           44            435           125           -             245           104           51            24            
Singapore         83            50            234           154           70            157           417           45            71            310           90            75            100           233           378           220           -             79            38            117           
Tanger Med        38            80            111           121           7             20            226           17            20            34            92            71            28            192           132           70            91            -             17            30            
Tianjin           80            14            41            74            9             24            84            37            6             149           48            50            59            107           124           33            74            24            -             2             
Xiamen            134           19            101           115           11            18            129           75            14            136           119           71            23            164           81            316           120           39            4             -             


============================================================
Service Route Capacity and Utilization Statistics
============================================================
Route     Name                                Avg Capacity TEU     Avg Carried TEU    Utilization
-------------------------------------------------------------------------------------------------
S1        Asia-Europe-NorthEurope                      189,157              13,242          7.00%
S2        Intra-EastAsia                                12,863                 412          3.20%
S3        SEA-Feeder                                     6,878                 235          3.42%
S4        Transpacific-WestCoast                       127,021               5,461          4.30%
S5        Asia-US-East                                 115,048               3,667          3.19%
S6        Transatlantic-SouthConnector                  22,699                 863          3.80%
S7        IndianOcean-MiddleEast                         7,435                 458          6.16%
-------------------------------------------------------------------------------------------------
TOTAL                                                  481,101              24,338          5.06%


============================================================
Vessel Statistics
============================================================
Metric                                            Average Count
---------------------------------------------------------------
Average vessels sailing                                   36.96
Average vessels waiting for berth at port                  0.23
Average vessels being served at berth                      1.81
---------------------------------------------------------------
TOTAL average active/port vessels                         39.00


Period Result Output: Period 5 (Days 21-25)
Output Simulation Day: 25
Simulation Running Time: 00:03:30

Simulation Progress: Day 30 / 360
Simulation Clock Time: 0001-06-20 00:00:00


============================================================
Shipment Waiting for Loading Statistics
============================================================

TEUs by Demand Matrix
------------------------------------------------------------
Origin Dest       Busan         Cartagena     Colombo       Hamburg       Ho Chi Minh CityJakarta       Jebel Ali     Kaohsiung     Laem Chabang  Los Angeles   New Jersey    Piraeus       Qingdao       Rotterdam     Shanghai      Shenzhen      Singapore     Tanger Med    Tianjin       Xiamen        
----------------------------------------------------------------------------------------------------------------------------------------------------------------------------------------------------------------------------------------------------------------------------------------------------------
Busan             -             3             16            15            2             3             26            64            2             62            23            10            17            16            44            28            21            9             11            11            
Cartagena         3             -             8             20            1             1             12            3             2             5             49            19            5             23            10            10            12            19            2             5             
Colombo           14            9             -             23            12            12            98            9             14            8             24            19            11            31            42            36            67            17            4             10            
Hamburg           5             17            15            -             2             3             24            3             2             6             54            14            6             30            19            18            9             23            2             5             
Ho Chi Minh City  2             1             6             4             -             6             11            1             4             4             3             3             2             5             12            9             16            3             1             2             
Jakarta           3             1             9             3             3             -             9             2             4             6             6             5             2             9             15            12            8             3             1             3             
Jebel Ali         14            5             107           21            12            13            -             7             7             12            21            16            8             33            22            22            49            27            2             9             
Kaohsiung         28            2             3             7             2             4             6             -             3             30            9             4             11            10            16            8             8             5             9             4             
Laem Chabang      2             1             7             4             2             6             10            1             -             5             2             4             3             5             12            9             15            2             2             1             
Los Angeles       30            3             9             4             3             2             13            10            2             -             20            4             20            9             44            22            9             4             7             10            
New Jersey        13            63            20            53            2             3             25            8             2             29            -             22            6             57            36            26            9             20            3             9             
Piraeus           5             6             16            8             2             2             24            3             2             4             16            -             5             22            19            14            9             21            2             6             
Qingdao           11            3             7             8             2             3             15            9             2             58            16            9             -             14            28            8             14            4             6             0             
Rotterdam         9             28            26            14            4             4             44            6             3             10            95            15            8             -             29            29            14            34            4             9             
Shanghai          31            11            26            26            6             9             30            20            7             59            45            20            23            41            -             30            44            15            15            11            
Shenzhen          32            12            36            25            9             10            43            18            5             31            52            26            9             40            23            -             40            16            6             4             
Singapore         13            8             56            15            9             15            89            8             9             26            25            16            12            27            45            42            -             13            4             14            
Tanger Med        5             20            16            14            2             4             19            4             3             4             22            12            4             19            16            18            9             -             2             5             
Tianjin           8             2             7             7             1             2             14            5             1             20            9             5             7             15            20            7             10            5             -             0             
Xiamen            17            2             14            16            2             3             21            11            2             18            17            10            6             16            12            49            16            6             1             -             

Port-Level Shipment Waiting and Vessel Queue Statistics

Port                       Origin Waiting TEU   Transshipment Waiting TEU   Total Waiting TEU   Vessels Waiting
---------------------------------------------------------------------------------------------------------------
Busan                                     383                         105                 488              0.00
Cartagena                                 208                           0                 208              0.00
Colombo                                   460                          19                 479              0.00
Hamburg                                   255                           0                 255              0.00
Ho Chi Minh City                           97                           0                  97              0.05
Jakarta                                   104                           0                 104              0.07
Jebel Ali                                 408                           0                 408              0.00
Kaohsiung                                 168                          58                 227              0.03
Laem Chabang                               91                           0                  91              0.02
Los Angeles                               226                           0                 226              0.00
New Jersey                                406                         104                 509              0.00
Piraeus                                   187                           0                 187              0.00
Qingdao                                   216                          38                 254              0.01
Rotterdam                                 382                           0                 382              0.00
Shanghai                                  468                         975               1,443              0.00
Shenzhen                                  437                         113                 550              0.00
Singapore                                 447                         508                 955              0.00
Tanger Med                                200                          49                 249              0.00
Tianjin                                   144                           0                 144              0.01
Xiamen                                    239                           0                 239              0.03
---------------------------------------------------------------------------------------------------------------
TOTAL                                   5,527                       1,968               7,495              0.22



============================================================
Shipment Being Transported Statistics
============================================================

Average TEUs in Transition by Demand Matrix
------------------------------------------------------------
Origin Dest       Busan         Cartagena     Colombo       Hamburg       Ho Chi Minh CityJakarta       Jebel Ali     Kaohsiung     Laem Chabang  Los Angeles   New Jersey    Piraeus       Qingdao       Rotterdam     Shanghai      Shenzhen      Singapore     Tanger Med    Tianjin       Xiamen        
----------------------------------------------------------------------------------------------------------------------------------------------------------------------------------------------------------------------------------------------------------------------------------------------------------
Busan             -             35            67            175           7             15            135           62            9             471           221           117           7             200           29            37            57            99            5             18            
Cartagena         27            -             68            47            10            21            52            21            14            117           33            35            40            55            133           89            52            41            28            26            
Colombo           48            48            -             152           13            11            66            38            19            66            85            86            41            211           89            94            34            86            20            34            
Hamburg           90            28            170           -             21            28            190           65            24            137           63            32            80            8             257           248           85            27            44            73            
Ho Chi Minh City  8             17            31            42            -             9             66            9             2             66            31            23            11            56            50            50            14            28            8             15            
Jakarta           17            10            36            52            4             -             59            8             5             93            58            59            12            97            46            49            5             32            9             15            
Jebel Ali         66            41            57            122           19            20            -             47            20            135           80            72            42            182           74            88            48            159           18            53            
Kaohsiung         14            16            22            87            9             15            45            -             17            290           84            52            12            102           25            13            27            43            8             5             
Laem Chabang      11            11            32            48            5             5             57            5             -             82            27            37            12            63            43            44            9             29            15            10            
Los Angeles       268           121           107           105           33            42            157           118           29            -             441           89            214           186           408           277           116           67            72            123           
New Jersey        101           42            135           80            16            21            106           73            13            467           -             47            94            84            261           208           57            27            34            81            
Piraeus           63            30            105           15            12            20            142           40            18            89            62            -             58            35            194           159           68            21            30            56            
Qingdao           18            30            28            100           10            10            63            7             9             416           124           80            -             129           9             8             31            58            12            0             
Rotterdam         122           56            244           5             42            55            327           86            37            157           110           29            102           -             321           369           143           30            55            112           
Shanghai          11            77            61            240           16            24            116           7             23            473           258           176           17            358           -             13            59            145           29            4             
Shenzhen          26            62            54            282           23            20            143           7             17            261           305           191           11            426           37            -             36            116           8             7             
Singapore         35            46            33            139           6             9             107           24            7             262           96            100           44            215           74            74            -             83            18            46            
Tanger Med        60            29            128           11            25            30            140           39            28            79            21            12            43            13            169           162           102           -             31            51            
Tianjin           15            15            23            77            6             10            62            10            4             194           84            57            2             126           10            6             31            42            -             0             
Xiamen            18            30            42            156           6             8             75            6             8             165           159           89            8             185           25            14            35            61            1             -             

Completed TEUs by Demand Matrix
------------------------------------------------------------
Origin Dest       Busan         Cartagena     Colombo       Hamburg       Ho Chi Minh CityJakarta       Jebel Ali     Kaohsiung     Laem Chabang  Los Angeles   New Jersey    Piraeus       Qingdao       Rotterdam     Shanghai      Shenzhen      Singapore     Tanger Med    Tianjin       Xiamen        
----------------------------------------------------------------------------------------------------------------------------------------------------------------------------------------------------------------------------------------------------------------------------------------------------------
Busan             -             21            130           147           10            29            245           463           18            495           130           99            153           170           317           219           198           92            92            77            
Cartagena         14            -             62            84            14            16            62            3             5             40            222           45            23            87            79            55            41            154           13            13            
Colombo           113           46            -             187           37            54            468           57            65            66            92            100           94            263           267           230           290           119           33            80            
Hamburg           55            72            148           -             9             26            268           26            14            68            190           132           59            273           163           144           94            243           31            50            
Ho Chi Minh City  10            13            39            34            -             77            82            12            45            59            24            23            19            59            110           104           139           28            10            27            
Jakarta           33            14            74            46            33            -             106           9             30            98            27            63            24            76            104           102           104           34            15            29            
Jebel Ali         132           35            402           170           48            48            -             67            52            112           76            122           75            254           147           176           189           255           30            102           
Kaohsiung         226           7             40            55            12            29            71            -             21            388           25            39            76            63            132           57            59            19            73            24            
Laem Chabang      26            9             56            46            21            54            75            7             -             64            31            36            22            53            89            95            133           30            21            20            
Los Angeles       240           51            51            46            15            29            83            99            12            -             159           45            184           95            280           174           79            36            51            108           
New Jersey        81            336           162           191           17            22            130           44            15            166           -             102           69            206           234           182           87            139           16            53            
Piraeus           55            57            102           91            12            24            226           26            12            62            109           -             45            193           144           115           72            199           21            60            
Qingdao           96            27            58            78            17            26            111           78            13            443           68            62            -             112           238           75            95            60            51            5             
Rotterdam         88            144           243           170           26            54            387           37            26            92            354           134           80            -             187           228           113           351           32            81            
Shanghai          247           55            195           252           41            80            318           137           49            533           186           191           212           297           -             178           376           146           128           87            
Shenzhen          255           38            187           281           61            88            439           155           43            312           284           199           59            435           181           -             328           122           53            31            
Singapore         106           50            234           154           70            187           417           45            71            344           90            106           128           233           378           296           -             101           38            147           
Tanger Med        41            96            111           121           7             25            262           17            20            52            92            104           37            192           132           103           110           -             17            39            
Tianjin           80            14            41            74            9             24            114           37            6             194           48            62            76            107           169           51            92            32            -             2             
Xiamen            134           19            101           115           11            18            174           93            14            177           119           90            37            164           103           421           153           52            4             -             


============================================================
Service Route Capacity and Utilization Statistics
============================================================
Route     Name                                Avg Capacity TEU     Avg Carried TEU    Utilization
-------------------------------------------------------------------------------------------------
S1        Asia-Europe-NorthEurope                      189,337              13,231          6.99%
S2        Intra-EastAsia                                12,779                 411          3.22%
S3        SEA-Feeder                                     6,959                 236          3.39%
S4        Transpacific-WestCoast                       127,081               5,434          4.28%
S5        Asia-US-East                                 115,042               3,665          3.19%
S6        Transatlantic-SouthConnector                  22,775                 887          3.89%
S7        IndianOcean-MiddleEast                         7,449                 458          6.14%
-------------------------------------------------------------------------------------------------
TOTAL                                                  481,421              24,323          5.05%


============================================================
Vessel Statistics
============================================================
Metric                                            Average Count
---------------------------------------------------------------
Average vessels sailing                                   37.00
Average vessels waiting for berth at port                  0.22
Average vessels being served at berth                      1.78
---------------------------------------------------------------
TOTAL average active/port vessels                         39.00


Period Result Output: Period 6 (Days 26-30)
Output Simulation Day: 30
Simulation Running Time: 00:03:37

Simulation Progress: Day 35 / 360
Simulation Clock Time: 0001-06-25 00:00:00


============================================================
Shipment Waiting for Loading Statistics
============================================================

TEUs by Demand Matrix
------------------------------------------------------------
Origin Dest       Busan         Cartagena     Colombo       Hamburg       Ho Chi Minh CityJakarta       Jebel Ali     Kaohsiung     Laem Chabang  Los Angeles   New Jersey    Piraeus       Qingdao       Rotterdam     Shanghai      Shenzhen      Singapore     Tanger Med    Tianjin       Xiamen        
----------------------------------------------------------------------------------------------------------------------------------------------------------------------------------------------------------------------------------------------------------------------------------------------------------
Busan             -             4             17            17            2             3             26            71            2             66            24            10            19            16            45            27            22            9             11            11            
Cartagena         3             -             8             18            1             1             11            3             2             5             45            18            4             22            10            10            11            19            2             5             
Colombo           14            9             -             21            13            12            91            8             15            7             25            18            11            31            41            35            66            17            4             10            
Hamburg           5             18            17            -             2             3             26            4             2             6             54            15            6             32            20            18            10            24            2             5             
Ho Chi Minh City  2             1             5             4             -             6             10            1             4             5             3             3             2             5             11            9             15            2             1             2             
Jakarta           3             1             9             4             3             -             10            2             4             6             6             5             2             9             15            14            9             3             1             4             
Jebel Ali         13            6             114           23            11            15            -             7             8             12            21            17            7             33            20            20            54            26            2             8             
Kaohsiung         26            1             3             7             2             3             6             -             3             30            10            4             10            10            15            7             8             5             9             3             
Laem Chabang      2             1             7             4             2             5             9             1             -             5             3             4             2             5             11            9             14            2             2             1             
Los Angeles       29            3             9             4             3             2             12            10            2             -             19            4             18            9             45            23            9             3             6             10            
New Jersey        14            66            24            48            2             3             22            10            3             36            -             20            7             52            46            32            12            18            4             11            
Piraeus           5             7             16            9             1             2             23            3             2             4             16            -             5             23            18            14            9             23            2             6             
Qingdao           11            3             8             8             2             3             14            9             2             57            15            9             -             14            28            8             14            4             5             0             
Rotterdam         9             29            29            14            4             4             44            6             3             10            101           15            9             -             31            30            15            37            4             10            
Shanghai          33            10            25            25            6             8             29            19            7             61            43            19            24            38            -             30            42            14            16            11            
Shenzhen          34            11            37            25            9             10            43            19            5             32            48            26            9             38            23            -             40            16            7             4             
Singapore         17            7             53            15            9             15            88            10            10            28            23            17            15            27            47            52            -             13            5             15            
Tanger Med        6             23            17            15            2             4             22            4             3             4             24            12            4             18            18            18            9             -             2             5             
Tianjin           8             2             7             7             1             2             14            5             1             20            9             5             7             15            20            7             11            5             -             0             
Xiamen            17            3             14            16            2             3             20            11            2             18            18            10            6             18            14            51            15            7             1             -             

Port-Level Shipment Waiting and Vessel Queue Statistics

Port                       Origin Waiting TEU   Transshipment Waiting TEU   Total Waiting TEU   Vessels Waiting
---------------------------------------------------------------------------------------------------------------
Busan                                     401                         106                 507              0.00
Cartagena                                 197                           0                 197              0.00
Colombo                                   449                          22                 470              0.01
Hamburg                                   268                           0                 268              0.00
Ho Chi Minh City                           92                           0                  92              0.05
Jakarta                                   110                           0                 110              0.07
Jebel Ali                                 419                           0                 419              0.00
Kaohsiung                                 164                          54                 218              0.02
Laem Chabang                               89                           0                  89              0.02
Los Angeles                               220                           0                 220              0.00
New Jersey                                430                         124                 555              0.00
Piraeus                                   188                           0                 188              0.00
Qingdao                                   216                          38                 254              0.01
Rotterdam                                 405                           0                 405              0.00
Shanghai                                  462                         958               1,419              0.00
Shenzhen                                  433                         115                 548              0.00
Singapore                                 466                         507                 973              0.00
Tanger Med                                210                          86                 296              0.00
Tianjin                                   145                           0                 145              0.01
Xiamen                                    245                           0                 245              0.02
---------------------------------------------------------------------------------------------------------------
TOTAL                                   5,607                       2,010               7,617              0.22



============================================================
Shipment Being Transported Statistics
============================================================

Average TEUs in Transition by Demand Matrix
------------------------------------------------------------
Origin Dest       Busan         Cartagena     Colombo       Hamburg       Ho Chi Minh CityJakarta       Jebel Ali     Kaohsiung     Laem Chabang  Los Angeles   New Jersey    Piraeus       Qingdao       Rotterdam     Shanghai      Shenzhen      Singapore     Tanger Med    Tianjin       Xiamen        
----------------------------------------------------------------------------------------------------------------------------------------------------------------------------------------------------------------------------------------------------------------------------------------------------------
Busan             -             36            64            176           6             15            134           59            9             470           228           118           6             200           26            37            57            97            5             21            
Cartagena         28            -             67            50            9             21            52            22            14            117           30            40            40            59            133           91            54            40            27            27            
Colombo           48            48            -             155           12            13            74            38            17            67            92            91            39            211           86            98            29            88            20            35            
Hamburg           89            28            167           -             21            28            188           63            23            136           63            30            78            9             255           248           85            26            43            74            
Ho Chi Minh City  8             17            30            42            -             9             69            9             2             68            32            24            11            57            49            50            13            28            8             15            
Jakarta           16            10            35            51            4             -             59            9             5             91            61            57            12            97            46            49            5             31            8             14            
Jebel Ali         67            40            54            122           17            22            -             46            18            136           82            73            42            182           76            86            43            153           17            51            
Kaohsiung         14            17            22            87            9             15            45            -             16            282           88            52            12            103           25            14            28            44            8             6             
Laem Chabang      12            10            30            47            5             6             58            6             -             83            27            37            12            63            45            43            9             29            15            11            
Los Angeles       272           120           108           105           33            41            161           120           29            -             448           89            216           187           417           278           115           67            73            125           
New Jersey        97            36            129           87            15            20            107           71            12            465           -             54            90            89            251           202           54            27            33            78            
Piraeus           63            30            107           16            12            20            138           40            18            88            63            -             58            35            191           159           68            20            30            56            
Qingdao           18            30            29            99            9             11            66            7             8             423           129           80            -             129           9             8             34            56            12            0             
Rotterdam         123           51            241           5             41            53            322           85            37            158           106           28            100           -             322           367           144           30            54            111           
Shanghai          11            78            58            243           15            25            111           8             23            473           272           174           16            362           -             15            60            142           28            4             
Shenzhen          24            64            56            279           22            20            140           6             16            264           316           194           11            418           38            -             36            118           8             7             
Singapore         35            46            30            139           5             10            114           24            7             260           102           102           42            214           67            69            -             84            17            44            
Tanger Med        61            25            129           13            25            31            138           39            29            79            18            11            43            14            168           163           101           -             31            51            
Tianjin           15            16            24            76            6             9             63            10            4             194           87            55            2             129           10            6             32            43            -             0             
Xiamen            17            30            42            156           6             9             76            5             8             164           163           88            7             182           24            12            35            60            1             -             

Completed TEUs by Demand Matrix
------------------------------------------------------------
Origin Dest       Busan         Cartagena     Colombo       Hamburg       Ho Chi Minh CityJakarta       Jebel Ali     Kaohsiung     Laem Chabang  Los Angeles   New Jersey    Piraeus       Qingdao       Rotterdam     Shanghai      Shenzhen      Singapore     Tanger Med    Tianjin       Xiamen        
----------------------------------------------------------------------------------------------------------------------------------------------------------------------------------------------------------------------------------------------------------------------------------------------------------
Busan             -             21            178           176           15            43            245           582           19            577           224           128           153           196           400           219           198           92            121           77            
Cartagena         14            -             62            133           14            25            67            4             5             40            246           45            23            159           79            55            56            168           16            13            
Colombo           113           46            -             218           67            80            614           81            81            66            148           139           94            344           356           332           290           119           39            80            
Hamburg           55            72            204           -             12            26            288           37            20            68            190           154           59            357           209           202           94            243           38            50            
Ho Chi Minh City  10            13            83            39            -             84            155           15            48            59            40            29            19            66            137           130           160           28            11            27            
Jakarta           33            14            119           70            45            -             148           11            40            98            63            78            24            118           142           137           104           34            17            29            
Jebel Ali         132           35            402           210           70            80            -             78            66            112           116           158           75            313           201           218           189           255           34            102           
Kaohsiung         272           7             46            70            16            35            71            -             28            421           71            57            97            79            163           57            59            19            87            24            
Laem Chabang      26            9             99            54            29            68            136           8             -             64            43            46            22            72            118           117           159           30            24            20            
Los Angeles       240           51            59            48            18            33            83            107           16            -             242           48            184           106           395           221           79            36            58            108           
New Jersey        81            336           162           331           20            24            141           56            17            166           -             102           69            361           275           211           97            163           22            53            
Piraeus           55            57            144           108           13            24            253           35            15            62            109           -             45            260           196           160           72            199           26            60            
Qingdao           118           27            74            105           21            32            111           95            17            522           118           79            -             139           294           75            95            60            62            5             
Rotterdam         88            144           292           206           35            54            458           49            31            92            354           162           80            -             245           307           113           351           39            81            
Shanghai          247           55            238           296           52            99            318           177           69            617           311           238           212           373           -             240           376           146           164           87            
Shenzhen          306           38            268           358           83            100           439           155           56            312           451           263           77            531           238           -             328           122           67            31            
Singapore         106           50            358           190           100           229           590           58            93            344           155           145           128           298           465           357           -             101           41            147           
Tanger Med        41            96            145           163           14            25            273           23            24            52            92            121           37            238           162           131           110           -             19            39            
Tianjin           89            14            55            93            12            26            114           42            9             194           90            75            90            127           206           51            92            32            -             2             
Xiamen            183           19            129           147           16            27            174           93            17            177           200           115           41            203           121           421           153           52            5             -             


============================================================
Service Route Capacity and Utilization Statistics
============================================================
Route     Name                                Avg Capacity TEU     Avg Carried TEU    Utilization
-------------------------------------------------------------------------------------------------
S1        Asia-Europe-NorthEurope                      189,264              13,142          6.94%
S2        Intra-EastAsia                                12,904                 415          3.22%
S3        SEA-Feeder                                     6,942                 237          3.42%
S4        Transpacific-WestCoast                       127,137               5,463          4.30%
S5        Asia-US-East                                 114,915               3,672          3.20%
S6        Transatlantic-SouthConnector                  22,758                 861          3.78%
S7        IndianOcean-MiddleEast                         7,414                 457          6.16%
-------------------------------------------------------------------------------------------------
TOTAL                                                  481,333              24,247          5.04%


============================================================
Vessel Statistics
============================================================
Metric                                            Average Count
---------------------------------------------------------------
Average vessels sailing                                   37.00
Average vessels waiting for berth at port                  0.22
Average vessels being served at berth                      1.79
---------------------------------------------------------------
TOTAL average active/port vessels                         39.00


Period Result Output: Period 7 (Days 31-35)
Output Simulation Day: 35
Simulation Running Time: 00:03:46

Simulation Progress: Day 40 / 360
Simulation Clock Time: 0001-06-30 00:00:00


============================================================
Shipment Waiting for Loading Statistics
============================================================

TEUs by Demand Matrix
------------------------------------------------------------
Origin Dest       Busan         Cartagena     Colombo       Hamburg       Ho Chi Minh CityJakarta       Jebel Ali     Kaohsiung     Laem Chabang  Los Angeles   New Jersey    Piraeus       Qingdao       Rotterdam     Shanghai      Shenzhen      Singapore     Tanger Med    Tianjin       Xiamen        
----------------------------------------------------------------------------------------------------------------------------------------------------------------------------------------------------------------------------------------------------------------------------------------------------------
Busan             -             3             16            17            2             3             25            70            2             63            23            10            18            16            44            28            22            8             11            11            
Cartagena         3             -             9             18            1             1             12            3             2             6             48            18            5             24            12            11            11            20            2             4             
Colombo           13            8             -             21            13            13            93            8             15            7             23            19            11            31            40            33            65            16            3             10            
Hamburg           5             16            18            -             2             3             28            4             2             6             50            16            5             34            21            19            10            24            2             5             
Ho Chi Minh City  2             1             5             4             -             6             10            1             4             5             3             3             2             5             11            9             15            2             1             2             
Jakarta           3             1             10            4             3             -             11            2             4             6             5             6             2             9             16            14            10            3             1             3             
Jebel Ali         15            5             105           21            11            14            -             8             7             14            19            18            8             32            22            21            52            26            2             9             
Kaohsiung         25            1             4             7             2             3             6             -             2             33            10            4             9             9             15            7             8             4             8             3             
Laem Chabang      2             0             7             4             2             5             9             2             -             5             3             4             2             5             11            9             14            2             2             1             
Los Angeles       33            4             10            5             4             3             12            11            3             -             23            5             21            10            56            28            10            4             6             12            
New Jersey        13            75            23            47            2             3             20            9             3             33            -             20            6             52            43            31            11            17            3             10            
Piraeus           5             8             18            8             2             2             26            3             2             4             16            -             6             22            19            15            9             24            2             6             
Qingdao           12            4             9             8             2             3             14            9             2             57            15            9             -             15            27            8             14            5             5             0             
Rotterdam         10            27            30            15            4             4             45            7             3             10            92            15            9             -             35            30            15            39            4             10            
Shanghai          31            9             27            28            7             8             31            19            8             64            42            20            24            40            -             33            46            15            16            10            
Shenzhen          32            10            37            29            9             11            44            20            5             31            46            29            8             41            21            -             42            16            6             3             
Singapore         16            7             57            15            9             16            96            9             9             26            22            17            14            25            44            48            -             12            4             14            
Tanger Med        6             21            16            15            2             4             22            3             3             4             22            11            4             18            18            17            9             -             2             5             
Tianjin           8             2             7             7             1             1             15            6             1             20            9             5             8             15            20            7             12            5             -             0             
Xiamen            16            2             13            15            2             3             19            11            2             17            17            10            6             17            13            46            15            6             1             -             

Port-Level Shipment Waiting and Vessel Queue Statistics

Port                       Origin Waiting TEU   Transshipment Waiting TEU   Total Waiting TEU   Vessels Waiting
---------------------------------------------------------------------------------------------------------------
Busan                                     393                         106                 499              0.00
Cartagena                                 209                           0                 209              0.00
Colombo                                   443                          20                 463              0.00
Hamburg                                   272                           0                 272              0.00
Ho Chi Minh City                           91                           0                  91              0.06
Jakarta                                   114                           0                 114              0.06
Jebel Ali                                 407                           0                 407              0.00
Kaohsiung                                 164                          52                 216              0.03
Laem Chabang                               89                           0                  89              0.02
Los Angeles                               259                           0                 259              0.00
New Jersey                                422                         137                 559              0.00
Piraeus                                   197                           0                 197              0.00
Qingdao                                   219                          38                 256              0.01
Rotterdam                                 404                           0                 404              0.00
Shanghai                                  477                         962               1,440              0.00
Shenzhen                                  441                         122                 563              0.00
Singapore                                 461                         496                 957              0.00
Tanger Med                                203                          86                 289              0.00
Tianjin                                   150                           0                 150              0.01
Xiamen                                    231                           0                 231              0.02
---------------------------------------------------------------------------------------------------------------
TOTAL                                   5,646                       2,020               7,666              0.21



============================================================
Shipment Being Transported Statistics
============================================================

Average TEUs in Transition by Demand Matrix
------------------------------------------------------------
Origin Dest       Busan         Cartagena     Colombo       Hamburg       Ho Chi Minh CityJakarta       Jebel Ali     Kaohsiung     Laem Chabang  Los Angeles   New Jersey    Piraeus       Qingdao       Rotterdam     Shanghai      Shenzhen      Singapore     Tanger Med    Tianjin       Xiamen        
----------------------------------------------------------------------------------------------------------------------------------------------------------------------------------------------------------------------------------------------------------------------------------------------------------
Busan             -             37            62            179           6             15            128           68            9             481           228           118           7             202           27            36            56            96            6             21            
Cartagena         28            -             65            47            9             20            53            22            14            117           26            43            40            56            129           90            55            36            27            27            
Colombo           48            50            -             156           11            12            65            38            16            70            95            93            39            210           90            99            30            90            20            36            
Hamburg           88            31            165           -             21            29            191           63            22            136           73            31            76            8             255           246           85            24            42            73            
Ho Chi Minh City  9             17            29            43            -             9             64            9             2             70            31            25            12            57            50            50            15            28            8             16            
Jakarta           15            10            35            50            4             -             57            10            5             91            59            56            12            95            48            50            5             31            9             14            
Jebel Ali         65            39            66            123           17            23            -             44            17            137           82            73            41            185           75            82            52            150           16            48            
Kaohsiung         14            17            23            89            9             16            45            -             15            281           88            51            12            105           25            14            29            44            8             6             
Laem Chabang      12            10            29            47            4             6             54            6             -             85            27            38            12            62            47            43            9             28            15            10            
Los Angeles       269           119           107           105           33            41            162           121           29            -             443           89            214           186           410           276           113           67            74            126           
New Jersey        96            31            130           82            15            20            108           72            12            475           -             60            88            85            255           204           55            26            33            78            
Piraeus           62            31            106           17            12            20            136           39            17            88            66            -             58            36            189           158           67            21            29            56            
Qingdao           18            30            30            98            9             12            66            7             8             437           128           80            -             130           8             7             34            54            11            0             
Rotterdam         122           53            239           5             41            52            320           86            37            160           123           28            100           -             328           367           145           29            54            110           
Shanghai          12            80            54            243           15            24            105           8             22            484           274           169           17            362           -             14            56            138           29            4             
Shenzhen          28            67            57            275           22            20            134           6             14            272           309           194           11            408           37            -             33            120           9             7             
Singapore         39            47            27            139           5             9             100           27            8             267           101           103           44            214           72            82            -             85            17            43            
Tanger Med        62            28            128           15            24            31            143           40            29            79            22            12            43            14            170           165           98            -             32            51            
Tianjin           14            16            24            75            5             9             62            9             4             196           86            53            2             132           9             6             31            43            -             0             
Xiamen            18            32            43            156           6             10            75            6             8             168           160           87            8             181           26            12            34            60            1             -             

Completed TEUs by Demand Matrix
------------------------------------------------------------
Origin Dest       Busan         Cartagena     Colombo       Hamburg       Ho Chi Minh CityJakarta       Jebel Ali     Kaohsiung     Laem Chabang  Los Angeles   New Jersey    Piraeus       Qingdao       Rotterdam     Shanghai      Shenzhen      Singapore     Tanger Med    Tianjin       Xiamen        
----------------------------------------------------------------------------------------------------------------------------------------------------------------------------------------------------------------------------------------------------------------------------------------------------------
Busan             -             21            207           176           15            43            322           754           19            577           224           128           196           253           479           271           250           115           121           112           
Cartagena         14            -             80            158           17            25            67            12            10            40            246           106           23            182           134           87            56            184           16            13            
Colombo           138           46            -             218           67            80            614           95            81            66            148           139           110           402           430           332           290           149           39            99            
Hamburg           70            72            221           -             19            26            288           49            26            68            190           195           74            357           267           202           121           295           38            64            
Ho Chi Minh City  15            13            83            39            -             84            155           19            58            59            40            29            23            75            178           130           196           36            11            33            
Jakarta           40            14            119           70            54            -             148           17            48            98            63            78            28            137           171           137           134           39            17            33            
Jebel Ali         162           35            619           210           70            80            -             94            66            112           116           158           91            373           267           218           189           308           34            118           
Kaohsiung         305           7             55            70            16            35            88            -             28            421           71            57            97            106           163           76            73            34            87            35            
Laem Chabang      30            9             99            54            30            68            136           8             -             64            43            46            25            84            171           117           185           33            24            26            
Los Angeles       298           51            65            48            18            33            103           138           16            -             242           48            238           115           446           221           91            38            58            117           
New Jersey        92            336           193           369           20            24            141           73            18            166           -             187           81            401           315           233           97            179           22            64            
Piraeus           62            57            165           108           16            24            253           37            19            62            109           -             56            304           238           160           104           261           26            63            
Qingdao           146           27            94            105           21            32            147           111           17            522           118           79            -             157           294           99            132           71            62            6             
Rotterdam         116           144           332           206           44            54            458           66            39            92            354           198           95            -             317           307           178           439           39            105           
Shanghai          325           55            267           296           52            99            362           210           69            617           311           238           261           468           -             240           452           186           164           107           
Shenzhen          383           38            348           358           83            100           526           204           56            312           451           263           77            627           238           -             407           149           67            39            
Singapore         143           50            358           190           116           229           590           80            114           344           155           145           160           349           565           357           -             121           41            179           
Tanger Med        51            96            164           163           25            25            273           29            31            52            92            144           44            272           196           131           151           -             19            43            
Tianjin           106           14            73            93            12            26            146           50            9             194           90            75            90            147           206           64            118           40            -             4             
Xiamen            211           19            161           147           16            27            219           117           17            177           200           115           45            242           123           497           188           65            5             -             


============================================================
Service Route Capacity and Utilization Statistics
============================================================
Route     Name                                Avg Capacity TEU     Avg Carried TEU    Utilization
-------------------------------------------------------------------------------------------------
S1        Asia-Europe-NorthEurope                      189,252              13,125          6.94%
S2        Intra-EastAsia                                12,932                 415          3.21%
S3        SEA-Feeder                                     6,942                 235          3.39%
S4        Transpacific-WestCoast                       127,095               5,517          4.34%
S5        Asia-US-East                                 114,955               3,674          3.20%
S6        Transatlantic-SouthConnector                  22,768                 866          3.80%
S7        IndianOcean-MiddleEast                         7,446                 449          6.03%
-------------------------------------------------------------------------------------------------
TOTAL                                                  481,390              24,281          5.04%


============================================================
Vessel Statistics
============================================================
Metric                                            Average Count
---------------------------------------------------------------
Average vessels sailing                                   37.01
Average vessels waiting for berth at port                  0.21
Average vessels being served at berth                      1.78
---------------------------------------------------------------
TOTAL average active/port vessels                         39.00


Period Result Output: Period 8 (Days 36-40)
Output Simulation Day: 40
Simulation Running Time: 00:03:54

Simulation Progress: Day 45 / 360
Simulation Clock Time: 0001-07-05 00:00:00


============================================================
Shipment Waiting for Loading Statistics
============================================================

TEUs by Demand Matrix
------------------------------------------------------------
Origin Dest       Busan         Cartagena     Colombo       Hamburg       Ho Chi Minh CityJakarta       Jebel Ali     Kaohsiung     Laem Chabang  Los Angeles   New Jersey    Piraeus       Qingdao       Rotterdam     Shanghai      Shenzhen      Singapore     Tanger Med    Tianjin       Xiamen        
----------------------------------------------------------------------------------------------------------------------------------------------------------------------------------------------------------------------------------------------------------------------------------------------------------
Busan             -             3             15            16            2             3             24            68            2             60            22            10            17            16            43            28            20            8             11            11            
Cartagena         4             -             11            20            2             1             13            3             2             8             55            20            5             28            15            13            12            22            2             4             
Colombo           13            7             -             20            12            12            101           8             15            8             21            18            12            32            43            35            62            17            3             11            
Hamburg           5             15            18            -             2             3             26            4             2             6             47            16            5             33            21            20            10            23            3             5             
Ho Chi Minh City  2             1             5             4             -             6             10            1             5             5             3             3             2             5             11            9             14            2             1             2             
Jakarta           3             1             10            4             3             -             11            2             4             6             5             6             2             9             15            14            10            3             1             3             
Jebel Ali         14            5             104           22            11            14            -             8             8             13            19            18            8             32            21            21            55            26            2             9             
Kaohsiung         25            2             4             7             2             4             6             -             2             32            10            4             10            9             17            7             8             4             9             4             
Laem Chabang      2             1             7             4             2             5             10            2             -             5             3             4             2             5             12            9             14            2             2             2             
Los Angeles       32            4             9             5             4             2             12            11            3             -             22            5             20            10            54            27            9             3             6             12            
New Jersey        12            75            22            51            2             3             21            9             3             31            -             23            6             56            40            29            11            18            3             9             
Piraeus           5             9             18            9             2             2             25            3             2             4             16            -             5             22            19            15            10            24            2             5             
Qingdao           11            4             8             8             2             3             14            9             2             54            15            9             -             15            27            9             13            4             5             0             
Rotterdam         10            25            29            15            4             4             45            7             3             10            85            15            9             -             34            30            15            39            4             9             
Shanghai          31            10            25            26            7             8             28            18            8             62            45            19            23            37            -             31            43            14            15            10            
Shenzhen          33            11            36            30            9             12            44            21            5             31            46            29            8             40            21            -             42            16            6             3             
Singapore         16            7             55            17            9             16            93            10            9             25            21            20            13            27            46            48            -             13            4             13            
Tanger Med        6             19            16            16            3             4             22            3             3             4             21            11            4             19            18            17            9             -             2             5             
Tianjin           8             2             7             6             1             1             14            5             1             18            9             5             8             14            19            6             11            5             -             0             
Xiamen            17            2             13            14            2             3             19            11            2             16            17            11            6             17            12            45            15            6             1             -             

Port-Level Shipment Waiting and Vessel Queue Statistics

Port                       Origin Waiting TEU   Transshipment Waiting TEU   Total Waiting TEU   Vessels Waiting
---------------------------------------------------------------------------------------------------------------
Busan                                     379                         100                 478              0.00
Cartagena                                 238                           0                 238              0.00
Colombo                                   452                          22                 474              0.01
Hamburg                                   262                           0                 262              0.00
Ho Chi Minh City                           91                           0                  91              0.06
Jakarta                                   110                           0                 110              0.06
Jebel Ali                                 410                           0                 410              0.00
Kaohsiung                                 166                          47                 213              0.03
Laem Chabang                               91                           0                  91              0.02
Los Angeles                               250                           0                 250              0.00
New Jersey                                424                         133                 557              0.00
Piraeus                                   196                           0                 196              0.00
Qingdao                                   212                          36                 247              0.01
Rotterdam                                 390                           0                 390              0.00
Shanghai                                  461                         989               1,450              0.00
Shenzhen                                  443                         121                 564              0.00
Singapore                                 462                         499                 961              0.00
Tanger Med                                201                          82                 282              0.00
Tianjin                                   143                           0                 143              0.01
Xiamen                                    231                           0                 231              0.03
---------------------------------------------------------------------------------------------------------------
TOTAL                                   5,610                       2,028               7,638              0.22



============================================================
Shipment Being Transported Statistics
============================================================

Average TEUs in Transition by Demand Matrix
------------------------------------------------------------
Origin Dest       Busan         Cartagena     Colombo       Hamburg       Ho Chi Minh CityJakarta       Jebel Ali     Kaohsiung     Laem Chabang  Los Angeles   New Jersey    Piraeus       Qingdao       Rotterdam     Shanghai      Shenzhen      Singapore     Tanger Med    Tianjin       Xiamen        
----------------------------------------------------------------------------------------------------------------------------------------------------------------------------------------------------------------------------------------------------------------------------------------------------------
Busan             -             38            61            180           6             14            126           67            9             484           231           119           7             201           27            37            58            95            5             22            
Cartagena         27            -             62            43            9             19            52            21            14            115           23            40            39            51            123           88            55            32            26            27            
Colombo           49            52            -             155           12            14            58            36            17            71            97            96            39            207           86            96            31            93            20            36            
Hamburg           88            36            167           -             21            29            194           62            22            136           78            32            75            9             253           246           86            26            41            72            
Ho Chi Minh City  9             17            29            43            -             9             63            9             2             70            31            26            12            58            47            49            14            28            8             16            
Jakarta           15            10            37            50            4             -             59            10            5             91            58            57            12            94            49            53            6             31            8             15            
Jebel Ali         66            39            58            123           16            24            -             44            17            139           82            74            41            184           73            82            51            147           16            47            
Kaohsiung         13            18            23            88            9             16            44            -             15            279           89            51            11            104           24            14            30            44            8             6             
Laem Chabang      12            10            29            47            4             5             53            7             -             84            27            38            13            62            44            42            8             28            15            10            
Los Angeles       273           120           109           106           34            40            164           122           29            -             441           89            214           187           415           279           114           68            75            129           
New Jersey        95            39            130           74            14            20            106           72            13            476           -             56            85            77            260           208           57            23            33            78            
Piraeus           62            34            109           16            12            19            135           39            17            87            67            -             59            35            186           159           66            21            29            57            
Qingdao           19            31            32            97            9             12            67            7             9             443           127           81            -             132           8             8             36            53            11            0             
Rotterdam         124           57            241           5             41            51            319           86            37            161           130           28            101           -             333           367           145           30            53            109           
Shanghai          11            82            56            246           17            24            104           8             24            493           274           168           17            362           -             17            62            138           29            4             
Shenzhen          27            70            56            272           22            20            133           8             15            274           304           196           11            400           36            -             38            122           9             7             
Singapore         42            49            32            135           6             9             105           28            8             269           102           104           45            210           67            84            -             86            16            41            
Tanger Med        64            31            128           14            23            32            145           40            29            79            23            11            43            13            170           166           96            -             31            52            
Tianjin           14            17            25            74            6             8             64            10            5             195           86            53            2             134           9             6             34            44            -             0             
Xiamen            18            33            42            154           7             11            75            6             9             167           157           87            8             179           26            13            34            60            1             -             

Completed TEUs by Demand Matrix
------------------------------------------------------------
Origin Dest       Busan         Cartagena     Colombo       Hamburg       Ho Chi Minh CityJakarta       Jebel Ali     Kaohsiung     Laem Chabang  Los Angeles   New Jersey    Piraeus       Qingdao       Rotterdam     Shanghai      Shenzhen      Singapore     Tanger Med    Tianjin       Xiamen        
----------------------------------------------------------------------------------------------------------------------------------------------------------------------------------------------------------------------------------------------------------------------------------------------------------
Busan             -             21            207           209           16            50            369           850           22            807           224           154           224           253           539           331           296           115           146           134           
Cartagena         25            -             80            174           19            25            75            12            14            90            246           106           36            210           134           87            70            184           16            23            
Colombo           138           46            -             266           92            80            614           113           108           101           182           177           110           402           481           418           396           149           50            128           
Hamburg           70            72            258           -             23            32            347           63            28            96            317           195           74            431           298           252           121           347           48            82            
Ho Chi Minh City  15            13            83            51            -             101           155           23            78            94            45            34            23            75            178           166           196           36            13            44            
Jakarta           40            14            119           75            64            -             148           23            56            142           81            89            28            137           203           152           175           39            21            40            
Jebel Ali         162           35            619           252           84            80            -             106           81            173           116           198           91            373           276           257           304           308           36            132           
Kaohsiung         305           7             55            98            19            41            105           -             33            577           71            60            111           106           194           92            93            34            103           40            
Laem Chabang      30            9             99            60            33            79            136           18            -             110           44            51            25            84            171           145           185           33            26            31            
Los Angeles       331           51            65            53            21            40            121           149           20            -             319           66            282           115           446           285           115           38            73            164           
New Jersey        106           336           193           397           26            24            159           73            21            344           -             187           93            442           315           233           109           179           28            75            
Piraeus           62            57            185           133           19            31            303           48            22            85            172           -             56            304           260           188           104           261           30            68            
Qingdao           146           27            94            122           25            39            185           122           20            726           155           102           -             157           350           122           164           71            71            6             
Rotterdam         116           144           395           239           49            71            550           84            47            137           574           198           95            -             354           384           178           524           49            124           
Shanghai          364           55            267           348           62            115           408           241           85            813           372           278           308           468           -             319           550           186           198           119           
Shenzhen          383           38            348           422           104           118           602           268           63            458           512           330           90            627           273           -             519           149           87            46            
Singapore         143           50            358           233           146           270           590           107           128           480           175           179           160           349           603           517           -             121           49            210           
Tanger Med        51            96            212           207           26            34            327           37            35            74            142           144           44            272           215           166           151           -             27            50            
Tianjin           106           14            73            103           15            28            170           66            10            280           104           85            118           147           236           77            141           40            -             5             
Xiamen            211           19            161           187           20            37            257           140           24            253           232           136           57            242           162           576           207           65            6             -             


============================================================
Service Route Capacity and Utilization Statistics
============================================================
Route     Name                                Avg Capacity TEU     Avg Carried TEU    Utilization
-------------------------------------------------------------------------------------------------
S1        Asia-Europe-NorthEurope                      189,268              13,114          6.93%
S2        Intra-EastAsia                                12,805                 412          3.22%
S3        SEA-Feeder                                     6,935                 236          3.41%
S4        Transpacific-WestCoast                       126,975               5,546          4.37%
S5        Asia-US-East                                 114,964               3,666          3.19%
S6        Transatlantic-SouthConnector                  22,753                 869          3.82%
S7        IndianOcean-MiddleEast                         7,420                 447          6.02%
-------------------------------------------------------------------------------------------------
TOTAL                                                  481,121              24,290          5.05%


============================================================
Vessel Statistics
============================================================
Metric                                            Average Count
---------------------------------------------------------------
Average vessels sailing                                   36.97
Average vessels waiting for berth at port                  0.22
Average vessels being served at berth                      1.81
---------------------------------------------------------------
TOTAL average active/port vessels                         39.00


Period Result Output: Period 9 (Days 41-45)
Output Simulation Day: 45
Simulation Running Time: 00:04:02

Simulation Progress: Day 50 / 360
Simulation Clock Time: 0001-07-10 00:00:00


============================================================
Shipment Waiting for Loading Statistics
============================================================

TEUs by Demand Matrix
------------------------------------------------------------
Origin Dest       Busan         Cartagena     Colombo       Hamburg       Ho Chi Minh CityJakarta       Jebel Ali     Kaohsiung     Laem Chabang  Los Angeles   New Jersey    Piraeus       Qingdao       Rotterdam     Shanghai      Shenzhen      Singapore     Tanger Med    Tianjin       Xiamen        
----------------------------------------------------------------------------------------------------------------------------------------------------------------------------------------------------------------------------------------------------------------------------------------------------------
Busan             -             4             16            17            3             3             25            72            2             65            26            11            19            18            48            27            21            9             11            13            
Cartagena         4             -             10            19            2             1             13            3             2             8             54            19            5             27            15            13            11            21            2             4             
Colombo           12            8             -             20            12            12            95            8             16            8             19            18            12            33            43            35            64            17            4             11            
Hamburg           5             15            19            -             2             3             27            4             2             6             45            16            5             34            21            22            11            25            3             5             
Ho Chi Minh City  2             1             5             4             -             5             10            1             5             5             3             3             2             5             12            9             15            3             1             2             
Jakarta           3             1             9             4             3             -             11            2             4             6             5             6             2             9             15            13            11            3             1             3             
Jebel Ali         14            6             106           22            11            14            -             9             8             13            20            18            8             32            20            21            58            27            2             8             
Kaohsiung         25            1             4             7             2             3             6             -             2             34            9             4             10            9             16            8             7             4             9             4             
Laem Chabang      2             1             6             4             2             5             9             1             -             5             3             4             2             4             11            9             14            2             2             2             
Los Angeles       33            5             9             5             3             2             12            11            2             -             22            5             21            9             52            28            9             4             7             11            
New Jersey        12            70            21            59            2             3             23            8             3             29            -             26            6             62            37            29            10            20            3             9             
Piraeus           5             8             18            8             1             2             25            3             2             4             15            -             5             22            18            15            10            23            2             5             
Qingdao           12            3             8             9             2             3             14            10            2             58            15            10            -             15            27            9             13            4             5             0             
Rotterdam         10            24            30            17            4             5             47            7             4             9             81            16            9             -             35            31            15            41            4             10            
Shanghai          35            9             26            27            7             9             28            20            9             64            43            18            25            37            -             31            45            15            16            11            
Shenzhen          33            10            34            29            9             11            42            21            5             31            45            27            8             39            20            -             42            15            6             3             
Singapore         16            7             55            16            9             16            91            10            9             26            21            18            14            25            49            48            -             13            4             13            
Tanger Med        6             18            16            15            2             4             22            3             3             4             19            12            5             18            19            17            9             -             2             5             
Tianjin           8             2             7             6             1             2             14            6             1             19            9             6             8             13            20            6             11            5             -             0             
Xiamen            18            2             14            14            2             3             19            12            2             17            17            11            6             16            13            46            15            6             1             -             

Port-Level Shipment Waiting and Vessel Queue Statistics

Port                       Origin Waiting TEU   Transshipment Waiting TEU   Total Waiting TEU   Vessels Waiting
---------------------------------------------------------------------------------------------------------------
Busan                                     410                         102                 512              0.00
Cartagena                                 232                           0                 232              0.00
Colombo                                   448                          20                 468              0.00
Hamburg                                   269                           0                 269              0.00
Ho Chi Minh City                           93                           0                  93              0.05
Jakarta                                   110                           0                 110              0.06
Jebel Ali                                 417                           0                 417              0.00
Kaohsiung                                 165                          51                 216              0.02
Laem Chabang                               89                           0                  89              0.02
Los Angeles                               252                           0                 252              0.00
New Jersey                                431                         122                 553              0.00
Piraeus                                   191                           0                 191              0.00
Qingdao                                   219                          35                 253              0.01
Rotterdam                                 399                           0                 399              0.00
Shanghai                                  471                         992               1,464              0.00
Shenzhen                                  431                         111                 542              0.00
Singapore                                 460                         501                 962              0.00
Tanger Med                                200                          80                 279              0.00
Tianjin                                   144                           0                 144              0.01
Xiamen                                    235                           0                 235              0.02
---------------------------------------------------------------------------------------------------------------
TOTAL                                   5,666                       2,014               7,680              0.21



============================================================
Shipment Being Transported Statistics
============================================================

Average TEUs in Transition by Demand Matrix
------------------------------------------------------------
Origin Dest       Busan         Cartagena     Colombo       Hamburg       Ho Chi Minh CityJakarta       Jebel Ali     Kaohsiung     Laem Chabang  Los Angeles   New Jersey    Piraeus       Qingdao       Rotterdam     Shanghai      Shenzhen      Singapore     Tanger Med    Tianjin       Xiamen        
----------------------------------------------------------------------------------------------------------------------------------------------------------------------------------------------------------------------------------------------------------------------------------------------------------
Busan             -             39            59            180           7             13            121           61            9             477           228           119           6             199           24            37            55            92            6             21            
Cartagena         27            -             62            41            8             18            54            21            14            112           32            39            38            51            119           88            56            33            26            27            
Colombo           52            52            -             154           11            14            70            34            15            72            96            96            41            206           87            94            28            92            19            37            
Hamburg           88            36            168           -             21            29            195           60            21            135           76            31            74            9             251           244           87            25            41            71            
Ho Chi Minh City  10            17            27            43            -             9             62            8             2             70            30            26            12            59            47            48            13            28            8             15            
Jakarta           15            11            38            50            4             -             61            10            5             88            57            57            13            93            50            53            6             31            8             15            
Jebel Ali         68            38            57            125           15            24            -             43            16            138           83            75            41            183           71            82            49            142           16            46            
Kaohsiung         13            18            23            88            9             16            43            -             14            274           90            51            11            104           26            14            30            44            8             6             
Laem Chabang      13            9             28            48            4             5             53            7             -             83            28            37            13            61            44            43            8             29            15            10            
Los Angeles       280           119           110           106           35            39            166           124           30            -             434           88            215           188           425           277           113           68            76            129           
New Jersey        95            43            131           67            14            20            105           73            13            470           -             51            83            69            262           212           59            20            33            78            
Piraeus           63            37            113           18            12            19            136           38            17            86            66            -             60            36            185           159           67            21            28            58            
Qingdao           19            31            33            97            9             13            67            6             9             442           126           81            -             134           9             8             34            52            10            0             
Rotterdam         126           58            240           5             40            50            316           85            36            160           126           26            102           -             337           362           145           29            53            108           
Shanghai          11            82            56            249           19            24            102           8             24            495           275           165           15            361           -             15            59            136           29            4             
Shenzhen          26            70            57            274           22            21            136           7             15            272           301           198           12            396           36            -             37            122           8             7             
Singapore         46            49            29            135           6             9             111           28            8             266           100           107           48            210           67            82            -             87            16            39            
Tanger Med        65            32            125           15            23            32            147           39            28            78            23            10            43            14            170           165           94            -             31            53            
Tianjin           14            17            25            73            6             8             65            9             6             194           86            53            2             137           10            6             33            44            -             0             
Xiamen            18            32            42            153           7             11            76            6             9             165           155           87            8             178           25            11            33            60            1             -             

Completed TEUs by Demand Matrix
------------------------------------------------------------
Origin Dest       Busan         Cartagena     Colombo       Hamburg       Ho Chi Minh CityJakarta       Jebel Ali     Kaohsiung     Laem Chabang  Los Angeles   New Jersey    Piraeus       Qingdao       Rotterdam     Shanghai      Shenzhen      Singapore     Tanger Med    Tianjin       Xiamen        
----------------------------------------------------------------------------------------------------------------------------------------------------------------------------------------------------------------------------------------------------------------------------------------------------------
Busan             -             35            237           238           16            54            369           850           22            807           288           154           224           292           539           336           332           138           174           134           
Cartagena         25            -             80            174           19            28            75            12            14            90            246           118           36            210           167           106           70            184           25            23            
Colombo           138           86            -             331           92            106           825           113           108           101           201           196           110           464           481           445           396           198           50            128           
Hamburg           70            116           258           -             23            32            398           63            28            96            345           232           74            504           298           273           136           347           48            82            
Ho Chi Minh City  15            20            108           58            -             116           197           23            78            94            50            38            23            89            178           166           226           44            13            44            
Jakarta           40            16            154           81            64            -             194           23            56            142           81            89            28            157           203           199           211           49            21            40            
Jebel Ali         162           49            619           298           84            113           -             106           81            173           116           203           91            456           276           275           304           372           36            132           
Kaohsiung         344           16            66            119           19            49            105           -             33            577           88            60            121           126           218           92            113           44            121           40            
Laem Chabang      30            15            127           72            33            87            173           18            -             110           50            59            25            95            171           145           213           45            26            31            
Los Angeles       331           96            94            71            21            48            121           149           20            -             359           79            282           143           446           323           131           51            89            164           
New Jersey        106           509           243           397           26            30            159           73            21            344           -             210           93            442           369           270           109           179           32            75            
Piraeus           62            81            185           155           19            31            330           48            22            85            196           -             56            347           260           206           119           333           30            68            
Qingdao           158           41            117           137           25            49            185           122           20            726           155           102           -             181           405           122           185           78            76            6             
Rotterdam         116           204           395           290           49            71            632           84            47            137           632           227           95            -             354           427           213           524           49            124           
Shanghai          364           98            323           407           62            132           408           241           85            813           419           294           308           559           -             345           600           228           232           119           
Shenzhen          450           89            410           479           104           144           602           268           63            458           543           347           98            735           295           -             552           211           95            46            
Singapore         143           79            469           273           146           299           794           107           128           480           196           189           160           411           603           569           -             153           49            210           
Tanger Med        51            147           212           241           26            34            366           37            35            74            155           157           44            320           215           186           171           -             27            50            
Tianjin           113           21            86            115           15            32            170           66            10            280           104           85            140           170           280           77            172           52            -             5             
Xiamen            253           39            184           219           20            44            257           140           24            253           232           136           70            274           179           576           241           77            6             -             


============================================================
Service Route Capacity and Utilization Statistics
============================================================
Route     Name                                Avg Capacity TEU     Avg Carried TEU    Utilization
-------------------------------------------------------------------------------------------------
S1        Asia-Europe-NorthEurope                      189,283              13,131          6.94%
S2        Intra-EastAsia                                12,867                 409          3.18%
S3        SEA-Feeder                                     6,970                 237          3.40%
S4        Transpacific-WestCoast                       127,193               5,525          4.34%
S5        Asia-US-East                                 114,966               3,651          3.18%
S6        Transatlantic-SouthConnector                  22,774                 870          3.82%
S7        IndianOcean-MiddleEast                         7,430                 450          6.06%
-------------------------------------------------------------------------------------------------
TOTAL                                                  481,484              24,274          5.04%


============================================================
Vessel Statistics
============================================================
Metric                                            Average Count
---------------------------------------------------------------
Average vessels sailing                                   37.02
Average vessels waiting for berth at port                  0.21
Average vessels being served at berth                      1.78
---------------------------------------------------------------
TOTAL average active/port vessels                         39.00


Period Result Output: Period 10 (Days 46-50)
Output Simulation Day: 50
Simulation Running Time: 00:04:09

Simulation Progress: Day 55 / 360
Simulation Clock Time: 0001-07-15 00:00:00


============================================================
Shipment Waiting for Loading Statistics
============================================================

TEUs by Demand Matrix
------------------------------------------------------------
Origin Dest       Busan         Cartagena     Colombo       Hamburg       Ho Chi Minh CityJakarta       Jebel Ali     Kaohsiung     Laem Chabang  Los Angeles   New Jersey    Piraeus       Qingdao       Rotterdam     Shanghai      Shenzhen      Singapore     Tanger Med    Tianjin       Xiamen        
----------------------------------------------------------------------------------------------------------------------------------------------------------------------------------------------------------------------------------------------------------------------------------------------------------
Busan             -             4             16            16            3             3             24            70            3             65            25            11            20            19            47            27            21            8             11            13            
Cartagena         3             -             10            18            2             1             12            3             2             7             51            17            5             26            14            12            11            20            2             4             
Colombo           12            8             -             19            11            12            97            8             16            8             19            18            12            31            43            35            64            16            4             11            
Hamburg           5             15            18            -             2             3             26            4             2             6             48            15            5             32            20            21            11            23            3             5             
Ho Chi Minh City  2             1             5             3             -             5             9             1             5             5             3             3             2             5             11            9             15            3             1             2             
Jakarta           3             1             9             4             4             -             11            2             4             5             5             6             2             9             15            13            11            3             1             3             
Jebel Ali         13            5             101           22            11            14            -             8             8             13            19            18            8             32            20            21            55            26            3             8             
Kaohsiung         26            1             4             7             2             3             6             -             2             39            9             4             10            9             16            8             7             4             9             4             
Laem Chabang      2             1             6             4             2             5             9             1             -             5             3             4             2             4             11            9             14            2             2             2             
Los Angeles       31            5             9             4             3             2             11            11            2             -             22            5             21            9             50            27            9             3             7             11            
New Jersey        12            67            22            56            2             3             22            8             2             29            -             25            7             59            37            31            11            19            3             9             
Piraeus           6             8             18            8             2             3             25            4             2             4             15            -             5             22            19            15            10            22            2             6             
Qingdao           12            3             9             9             2             3             14            11            2             60            14            10            -             15            28            10            13            5             5             0             
Rotterdam         9             25            28            16            4             4             45            6             4             9             83            15            9             -             33            30            14            38            4             10            
Shanghai          33            9             27            27            7             9             28            22            9             68            44            18            25            37            -             30            45            15            16            10            
Shenzhen          33            10            36            30            10            11            45            20            6             30            45            27            8             41            20            -             47            16            6             3             
Singapore         17            6             60            16            9             15            95            10            10            28            20            19            14            24            52            48            -             13            4             14            
Tanger Med        6             18            16            15            2             4             22            3             2             4             20            12            5             18            18            17            9             -             2             5             
Tianjin           8             2             7             6             1             2             15            5             2             19            9             6             8             13            20            6             11            5             -             0             
Xiamen            17            2             14            14            2             3             19            11            2             16            17            10            5             16            12            44            15            6             1             -             

Port-Level Shipment Waiting and Vessel Queue Statistics

Port                       Origin Waiting TEU   Transshipment Waiting TEU   Total Waiting TEU   Vessels Waiting
---------------------------------------------------------------------------------------------------------------
Busan                                     405                         106                 511              0.00
Cartagena                                 220                           0                 220              0.00
Colombo                                   445                          18                 463              0.00
Hamburg                                   263                           0                 263              0.00
Ho Chi Minh City                           90                           0                  90              0.05
Jakarta                                   111                           0                 111              0.06
Jebel Ali                                 403                           0                 403              0.00
Kaohsiung                                 170                          58                 228              0.02
Laem Chabang                               88                           0                  88              0.02
Los Angeles                               244                           0                 244              0.00
New Jersey                                422                         129                 550              0.00
Piraeus                                   195                           0                 195              0.00
Qingdao                                   224                          36                 260              0.01
Rotterdam                                 386                           0                 386              0.00
Shanghai                                  479                         986               1,466              0.00
Shenzhen                                  443                         114                 558              0.00
Singapore                                 477                         499                 976              0.00
Tanger Med                                200                          81                 281              0.00
Tianjin                                   149                           0                 149              0.01
Xiamen                                    227                           0                 227              0.03
---------------------------------------------------------------------------------------------------------------
TOTAL                                   5,642                       2,027               7,669              0.21



============================================================
Shipment Being Transported Statistics
============================================================

Average TEUs in Transition by Demand Matrix
------------------------------------------------------------
Origin Dest       Busan         Cartagena     Colombo       Hamburg       Ho Chi Minh CityJakarta       Jebel Ali     Kaohsiung     Laem Chabang  Los Angeles   New Jersey    Piraeus       Qingdao       Rotterdam     Shanghai      Shenzhen      Singapore     Tanger Med    Tianjin       Xiamen        
----------------------------------------------------------------------------------------------------------------------------------------------------------------------------------------------------------------------------------------------------------------------------------------------------------
Busan             -             39            57            181           6             13            119           66            9             477           230           118           7             200           29            36            53            90            5             23            
Cartagena         28            -             63            42            9             18            56            22            14            111           33            39            38            55            118           89            57            36            26            26            
Colombo           52            50            -             150           11            14            63            34            16            73            96            95            43            206           89            97            30            94            19            38            
Hamburg           87            34            170           -             21            30            197           59            21            135           71            31            74            9             252           246           90            25            41            72            
Ho Chi Minh City  11            17            27            42            -             8             60            8             2             71            30            26            12            58            47            49            14            29            8             15            
Jakarta           15            11            39            51            4             -             60            10            5             86            56            58            13            93            50            54            6             31            8             15            
Jebel Ali         69            38            62            125           15            24            -             45            16            140           86            76            42            180           71            85            56            140           16            45            
Kaohsiung         15            18            22            88            9             16            42            -             13            267           91            51            12            104           27            14            29            44            8             7             
Laem Chabang      13            9             28            47            4             5             51            8             -             84            28            37            13            61            44            45            9             29            15            10            
Los Angeles       285           117           110           106           35            39            167           127           30            -             433           88            218           187           427           281           113           68            78            130           
New Jersey        94            44            130           74            13            20            109           73            13            466           -             52            81            76            263           214           60            23            33            76            
Piraeus           62            38            115           17            12            20            136           38            16            85            66            -             60            36            183           159           67            21            28            58            
Qingdao           19            31            32            97            8             13            67            7             9             440           127           81            -             135           8             8             33            51            10            0             
Rotterdam         128           55            242           5             40            50            316           86            36            160           117           29            104           -             344           364           145           31            53            110           
Shanghai          12            81            56            250           18            24            99            9             23            492           278           162           17            356           -             16            59            135           29            4             
Shenzhen          28            68            54            272           20            21            133           7             15            269           301           197           12            385           36            -             35            120           8             6             
Singapore         47            49            26            133           5             9             101           29            8             268           102           108           49            207           68            83            -             88            17            38            
Tanger Med        66            30            123           14            23            33            149           40            28            78            21            11            44            14            171           167           93            -             31            53            
Tianjin           13            17            25            73            5             8             66            9             6             193           87            53            2             138           9             6             32            45            -             0             
Xiamen            19            32            42            151           6             11            78            6             9             162           158           88            8             178           24            12            33            61            1             -             

Completed TEUs by Demand Matrix
------------------------------------------------------------
Origin Dest       Busan         Cartagena     Colombo       Hamburg       Ho Chi Minh CityJakarta       Jebel Ali     Kaohsiung     Laem Chabang  Los Angeles   New Jersey    Piraeus       Qingdao       Rotterdam     Shanghai      Shenzhen      Singapore     Tanger Med    Tianjin       Xiamen        
----------------------------------------------------------------------------------------------------------------------------------------------------------------------------------------------------------------------------------------------------------------------------------------------------------
Busan             -             46            258           238           24            58            409           1000          33            891           288           202           281           292           683           385           332           169           174           150           
Cartagena         29            -             80            174           19            28            75            20            14            90            384           118           43            210           167           106           70            184           25            27            
Colombo           188           91            -             350           92            106           825           134           108           101           201           239           142           472           576           523           396           235           50            143           
Hamburg           103           140           294           -             25            40            427           77            31            96            392           260           90            512           336           321           136           413           48            82            
Ho Chi Minh City  23            23            108           72            -             120           197           26            84            94            50            46            32            102           222           206           257           50            13            44            
Jakarta           49            16            154           81            72            -             194           30            67            142           81            101           39            157           244           229           211           57            21            47            
Jebel Ali         207           49            809           305           84            113           -             135           81            173           116           239           116           471           323           328           304           413           36            145           
Kaohsiung         415           18            76            119           28            55            117           -             38            623           88            70            129           126           243           106           113           53            121           53            
Laem Chabang      42            16            127           80            38            98            173           28            -             110           50            70            36            102           217           197           244           51            26            31            
Los Angeles       419           106           114           74            31            50            153           170           31            -             359           88            322           149           574           368           131           55            89            164           
New Jersey        128           549           243           397           26            35            159           88            21            344           -             210           115           442           437           270           123           179           32            98            
Piraeus           88            98            223           171           24            35            365           59            28            85            196           -             77            365           301           239           119           359           30            80            
Qingdao           195           41            143           137           32            56            211           165           31            830           155           123           -             181           405           142           185           88            76            7             
Rotterdam         150           226           455           303           55            78            704           108           55            137           690           268           120           -             434           482           213           648           49            128           
Shanghai          459           107           351           420           97            144           466           317           111           936           419           322           370           588           -             406           600           251           232           146           
Shenzhen          519           95            440           493           125           162           718           298           85            536           543           398           110           766           311           -             552           237           95            50            
Singapore         210           80            469           276           157           331           794           152           152           480           196           226           216           425           739           675           -             188           49            220           
Tanger Med        74            155           246           251           31            43            398           52            42            74            167           187           55            331           255           223           171           -             27            60            
Tianjin           138           21            101           115           20            34            197           78            20            315           104           97            140           170           280           89            172           60            -             7             
Xiamen            291           39            210           219           28            54            287           169           34            306           232           157           70            274           179           676           241           95            6             -             


============================================================
Service Route Capacity and Utilization Statistics
============================================================
Route     Name                                Avg Capacity TEU     Avg Carried TEU    Utilization
-------------------------------------------------------------------------------------------------
S1        Asia-Europe-NorthEurope                      189,122              13,107          6.93%
S2        Intra-EastAsia                                12,885                 406          3.15%
S3        SEA-Feeder                                     6,953                 237          3.41%
S4        Transpacific-WestCoast                       127,083               5,540          4.36%
S5        Asia-US-East                                 114,995               3,651          3.17%
S6        Transatlantic-SouthConnector                  22,795                 877          3.85%
S7        IndianOcean-MiddleEast                         7,452                 444          5.96%
-------------------------------------------------------------------------------------------------
TOTAL                                                  481,285              24,262          5.04%


============================================================
Vessel Statistics
============================================================
Metric                                            Average Count
---------------------------------------------------------------
Average vessels sailing                                   37.00
Average vessels waiting for berth at port                  0.21
Average vessels being served at berth                      1.78
---------------------------------------------------------------
TOTAL average active/port vessels                         39.00


Period Result Output: Period 11 (Days 51-55)
Output Simulation Day: 55
Simulation Running Time: 00:04:17

Simulation Progress: Day 60 / 360
Simulation Clock Time: 0001-07-20 00:00:00


============================================================
Shipment Waiting for Loading Statistics
============================================================

TEUs by Demand Matrix
------------------------------------------------------------
Origin Dest       Busan         Cartagena     Colombo       Hamburg       Ho Chi Minh CityJakarta       Jebel Ali     Kaohsiung     Laem Chabang  Los Angeles   New Jersey    Piraeus       Qingdao       Rotterdam     Shanghai      Shenzhen      Singapore     Tanger Med    Tianjin       Xiamen        
----------------------------------------------------------------------------------------------------------------------------------------------------------------------------------------------------------------------------------------------------------------------------------------------------------
Busan             -             4             15            16            3             3             23            67            3             62            24            11            19            18            46            27            20            8             11            13            
Cartagena         3             -             9             17            2             1             11            3             2             7             49            16            4             24            14            12            10            19            2             4             
Colombo           12            7             -             20            11            12            101           8             15            8             19            19            12            33            41            33            63            16            3             10            
Hamburg           5             17            18            -             2             3             26            4             2             6             53            15            5             31            20            21            11            23            3             5             
Ho Chi Minh City  2             1             5             3             -             5             9             1             5             5             3             3             2             5             10            9             15            3             1             2             
Jakarta           3             1             9             4             4             -             10            2             4             5             5             6             2             8             14            13            11            3             1             3             
Jebel Ali         14            6             102           21            11            14            -             9             8             13            19            17            8             31            22            21            54            26            3             8             
Kaohsiung         27            1             4             7             2             3             7             -             2             38            9             4             10            9             17            8             7             4             9             5             
Laem Chabang      2             1             6             4             2             6             9             1             -             5             3             4             2             4             11            10            14            2             2             2             
Los Angeles       32            5             10            5             3             2             11            12            2             -             24            5             22            10            52            28            9             3             8             11            
New Jersey        12            66            21            53            1             3             21            8             2             27            -             24            6             56            35            30            10            18            3             8             
Piraeus           6             8             17            8             2             3             24            3             2             3             14            -             5             22            18            14            10            22            2             5             
Qingdao           12            3             8             9             2             3             14            11            2             58            14            9             -             15            28            9             13            5             4             1             
Rotterdam         10            29            28            16            4             4             44            7             4             9             89            15            9             -             32            29            13            37            4             10            
Shanghai          31            9             27            29            7             9             29            21            9             65            42            19            24            37            -             31            45            16            15            11            
Shenzhen          34            10            35            30            10            11            43            20            6             31            44            27            8             42            20            -             46            15            6             3             
Singapore         16            6             58            17            8             16            93            10            10            27            21            20            14            24            51            46            -             13            4             13            
Tanger Med        6             20            16            15            2             4             23            3             2             4             22            12            4             18            18            16            9             -             2             5             
Tianjin           8             2             8             7             1             2             15            5             1             19            9             6             8             13            19            6             11            5             -             0             
Xiamen            17            2             15            14            2             3             19            12            2             16            16            10            5             15            12            45            15            6             0             -             

Port-Level Shipment Waiting and Vessel Queue Statistics

Port                       Origin Waiting TEU   Transshipment Waiting TEU   Total Waiting TEU   Vessels Waiting
---------------------------------------------------------------------------------------------------------------
Busan                                     391                         109                 500              0.00
Cartagena                                 210                           0                 210              0.00
Colombo                                   445                          17                 461              0.00
Hamburg                                   268                           0                 268              0.00
Ho Chi Minh City                           89                           0                  89              0.06
Jakarta                                   109                           0                 109              0.06
Jebel Ali                                 407                           0                 407              0.00
Kaohsiung                                 174                          53                 227              0.02
Laem Chabang                               89                           0                  89              0.02
Los Angeles                               253                           0                 253              0.00
New Jersey                                403                         129                 533              0.00
Piraeus                                   189                           0                 189              0.00
Qingdao                                   220                          36                 256              0.01
Rotterdam                                 392                           0                 392              0.00
Shanghai                                  475                         983               1,458              0.00
Shenzhen                                  441                         108                 549              0.00
Singapore                                 468                         494                 962              0.00
Tanger Med                                201                          92                 293              0.00
Tianjin                                   146                           0                 146              0.01
Xiamen                                    228                           0                 228              0.03
---------------------------------------------------------------------------------------------------------------
TOTAL                                   5,599                       2,021               7,620              0.21



============================================================
Shipment Being Transported Statistics
============================================================

Average TEUs in Transition by Demand Matrix
------------------------------------------------------------
Origin Dest       Busan         Cartagena     Colombo       Hamburg       Ho Chi Minh CityJakarta       Jebel Ali     Kaohsiung     Laem Chabang  Los Angeles   New Jersey    Piraeus       Qingdao       Rotterdam     Shanghai      Shenzhen      Singapore     Tanger Med    Tianjin       Xiamen        
----------------------------------------------------------------------------------------------------------------------------------------------------------------------------------------------------------------------------------------------------------------------------------------------------------
Busan             -             39            57            181           7             13            115           66            10            483           231           118           7             200           29            36            54            87            5             25            
Cartagena         28            -             65            44            9             18            59            21            15            110           35            40            38            59            117           91            60            38            25            27            
Colombo           52            50            -             145           11            15            61            34            17            76            93            94            44            204           92            98            30            93            19            39            
Hamburg           85            32            172           -             21            30            201           58            21            136           65            30            73            8             252           248           92            25            41            72            
Ho Chi Minh City  10            16            27            41            -             8             59            8             2             71            30            27            12            58            46            48            15            29            8             15            
Jakarta           15            12            41            52            4             -             60            10            5             86            55            59            13            93            51            55            6             30            9             15            
Jebel Ali         66            38            57            126           15            24            -             45            15            141           85            76            42            179           70            84            54            139           17            44            
Kaohsiung         13            18            22            88            9             15            41            -             12            269           91            51            12            103           27            16            28            43            8             7             
Laem Chabang      13            9             28            47            4             6             51            7             -             84            29            38            13            60            42            43            9             28            15            11            
Los Angeles       286           116           109           105           35            38            166           129           30            -             430           88            218           186           424           282           112           68            79            131           
New Jersey        93            42            133           83            13            20            115           73            13            467           -             54            79            85            262           217           63            24            33            75            
Piraeus           61            40            117           17            12            21            139           38            16            84            67            -             60            35            184           160           68            20            28            58            
Qingdao           19            31            32            98            9             13            66            8             9             444           127           82            -             137           9             8             34            51            10            0             
Rotterdam         128           51            242           5             40            50            315           85            36            161           107           28            104           -             349           363           144           30            52            111           
Shanghai          12            81            58            251           18            24            96            9             23            499           281           160           18            351           -             15            59            134           31            4             
Shenzhen          27            68            57            273           21            21            131           7             15            267           300           197           12            380           35            -             39            119           8             6             
Singapore         47            49            32            132           5             9             104           29            8             274           101           109           48            203           72            83            -             87            17            39            
Tanger Med        66            28            123           14            23            34            152           39            27            78            19            11            44            14            173           169           92            -             30            54            
Tianjin           14            18            26            73            5             8             65            9             6             194           88            55            2             140           10            6             32            45            -             0             
Xiamen            18            32            43            150           6             11            76            6             9             160           158           88            8             176           24            13            33            60            1             -             

Completed TEUs by Demand Matrix
------------------------------------------------------------
Origin Dest       Busan         Cartagena     Colombo       Hamburg       Ho Chi Minh CityJakarta       Jebel Ali     Kaohsiung     Laem Chabang  Los Angeles   New Jersey    Piraeus       Qingdao       Rotterdam     Shanghai      Shenzhen      Singapore     Tanger Med    Tianjin       Xiamen        
----------------------------------------------------------------------------------------------------------------------------------------------------------------------------------------------------------------------------------------------------------------------------------------------------------
Busan             -             46            258           314           24            58            446           1086          33            1027          353           227           311           354           733           429           332           169           198           198           
Cartagena         29            -             80            174           19            28            75            20            14            96            436           118           43            210           167           106           70            237           31            27            
Colombo           214           91            -             379           92            106           825           134           108           115           276           276           174           536           576           523           510           235           62            175           
Hamburg           113           146           308           -             29            40            427           77            33            107           392           271           102           546           336           321           171           413           56            96            
Ho Chi Minh City  32            23            131           77            -             120           197           26            98            105           64            51            39            110           222           206           302           50            19            54            
Jakarta           53            16            223           88            83            -             194           30            77            155           101           125           44            170           244           229           243           57            26            54            
Jebel Ali         239           49            809           347           84            113           -             135           81            188           166           287           132           523           323           328           432           413           43            162           
Kaohsiung         415           18            76            128           28            55            129           -             38            673           108           80            148           151           278           106           113           53            136           53            
Laem Chabang      51            16            157           85            45            98            173           28            -             127           61            81            43            115           217           197           275           51            36            41            
Los Angeles       485           106           114           90            31            50            171           195           31            -             429           90            372           165           718           368           156           55            103           205           
New Jersey        149           625           243           397           30            35            159           108           23            404           -             210           127           442           450           355           123           226           38            112           
Piraeus           97            98            252           182           25            35            365           59            29            95            196           -             92            408           301           239           147           359           40            96            
Qingdao           220           41            143           153           32            56            240           185           31            973           220           139           -             212           479           167           209           88            85            9             
Rotterdam         171           246           478           336           65            78            704           108           59            151           690           286           137           -             434           482           256           648           67            146           
Shanghai          512           107           351           465           97            144           491           350           111           1092          544           365           407           657           -             406           700           251           262           173           
Shenzhen          519           95            440           544           125           162           759           298           85            591           685           452           125           828           344           -             694           237           104           50            
Singapore         247           80            601           306           176           331           794           152           179           527           249           266           244           480           739           675           -             188           60            241           
Tanger Med        85            168           263           279           35            43            398           52            48            77            167           202           62            364           255           223           203           -             39            73            
Tianjin           157           21            101           123           20            34            234           85            20            364           141           101           156           194           333           104           195           60            -             9             
Xiamen            291           39            210           245           28            54            336           169           34            336           303           179           76            320           204           776           279           95            7             -             


============================================================
Service Route Capacity and Utilization Statistics
============================================================
Route     Name                                Avg Capacity TEU     Avg Carried TEU    Utilization
-------------------------------------------------------------------------------------------------
S1        Asia-Europe-NorthEurope                      189,178              13,099          6.92%
S2        Intra-EastAsia                                12,842                 401          3.12%
S3        SEA-Feeder                                     6,952                 234          3.37%
S4        Transpacific-WestCoast                       126,924               5,579          4.40%
S5        Asia-US-East                                 114,926               3,662          3.19%
S6        Transatlantic-SouthConnector                  22,806                 876          3.84%
S7        IndianOcean-MiddleEast                         7,429                 447          6.01%
-------------------------------------------------------------------------------------------------
TOTAL                                                  481,057              24,298          5.05%


============================================================
Vessel Statistics
============================================================
Metric                                            Average Count
---------------------------------------------------------------
Average vessels sailing                                   36.98
Average vessels waiting for berth at port                  0.21
Average vessels being served at berth                      1.81
---------------------------------------------------------------
TOTAL average active/port vessels                         39.00


Period Result Output: Period 12 (Days 56-60)
Output Simulation Day: 60
Simulation Running Time: 00:04:25

Simulation Progress: Day 65 / 360
Simulation Clock Time: 0001-07-25 00:00:00


============================================================
Shipment Waiting for Loading Statistics
============================================================

TEUs by Demand Matrix
------------------------------------------------------------
Origin Dest       Busan         Cartagena     Colombo       Hamburg       Ho Chi Minh CityJakarta       Jebel Ali     Kaohsiung     Laem Chabang  Los Angeles   New Jersey    Piraeus       Qingdao       Rotterdam     Shanghai      Shenzhen      Singapore     Tanger Med    Tianjin       Xiamen        
----------------------------------------------------------------------------------------------------------------------------------------------------------------------------------------------------------------------------------------------------------------------------------------------------------
Busan             -             4             15            15            2             3             22            65            2             60            23            10            19            17            44            29            19            8             12            12            
Cartagena         3             -             9             17            2             1             11            2             2             7             49            16            4             25            14            12            10            20            2             4             
Colombo           12            7             -             20            12            13            97            8             16            8             20            19            13            32            41            34            66            16            4             11            
Hamburg           5             16            18            -             2             3             27            4             2             6             51            15            5             32            21            21            12            24            3             5             
Ho Chi Minh City  2             1             5             3             -             5             9             1             5             5             3             3             2             5             10            10            15            3             1             2             
Jakarta           3             1             9             4             4             -             10            2             4             5             5             5             2             8             14            12            11            2             1             3             
Jebel Ali         14            6             104           22            11            15            -             9             8             13            20            18            8             33            22            21            54            27            3             8             
Kaohsiung         31            2             5             8             2             3             8             -             2             37            10            5             11            9             20            9             8             4             11            5             
Laem Chabang      2             1             6             4             2             6             9             1             -             5             3             4             2             4             12            10            14            2             2             2             
Los Angeles       30            5             10            4             4             2             10            12            2             -             24            5             23            10            52            27            9             4             8             11            
New Jersey        11            69            21            51            1             3             19            7             2             26            -             23            7             53            33            29            11            17            3             8             
Piraeus           6             8             17            8             2             3             24            4             2             4             14            -             5             21            18            14            10            22            2             5             
Qingdao           12            3             9             10            2             3             15            11            2             57            14            10            -             14            29            9             13            5             5             1             
Rotterdam         10            29            29            18            4             4             45            7             4             9             87            16            9             -             33            30            14            38            4             9             
Shanghai          30            9             26            27            7             8             28            21            9             63            42            19            24            35            -             30            43            15            15            11            
Shenzhen          34            9             34            30            9             11            42            20            6             31            43            27            8             42            19            -             45            14            6             3             
Singapore         16            6             58            18            8             15            93            9             10            26            20            20            14            25            50            45            -             14            4             14            
Tanger Med        5             21            15            15            2             4             23            3             2             4             24            11            5             18            18            16            9             -             2             5             
Tianjin           9             2             9             7             1             3             15            5             1             21            9             6             9             13            20            7             11            5             -             0             
Xiamen            18            2             14            15            2             2             19            11            2             16            16            10            5             16            12            45            15            6             1             -             

Port-Level Shipment Waiting and Vessel Queue Statistics

Port                       Origin Waiting TEU   Transshipment Waiting TEU   Total Waiting TEU   Vessels Waiting
---------------------------------------------------------------------------------------------------------------
Busan                                     383                         112                 495              0.00
Cartagena                                 210                           0                 210              0.00
Colombo                                   448                          15                 464              0.00
Hamburg                                   272                           0                 272              0.00
Ho Chi Minh City                           90                           0                  90              0.06
Jakarta                                   106                           0                 106              0.06
Jebel Ali                                 415                           0                 415              0.00
Kaohsiung                                 188                          49                 237              0.17
Laem Chabang                               92                           0                  92              0.02
Los Angeles                               253                           0                 253              0.00
New Jersey                                393                         139                 532              0.00
Piraeus                                   187                           0                 187              0.00
Qingdao                                   223                          37                 260              0.01
Rotterdam                                 397                           0                 397              0.00
Shanghai                                  463                         963               1,426              0.00
Shenzhen                                  436                         107                 543              0.00
Singapore                                 464                         489                 952              0.00
Tanger Med                                202                          96                 297              0.00
Tianjin                                   155                           0                 155              0.01
Xiamen                                    228                           0                 228              0.03
---------------------------------------------------------------------------------------------------------------
TOTAL                                   5,605                       2,007               7,612              0.36



============================================================
Shipment Being Transported Statistics
============================================================

Average TEUs in Transition by Demand Matrix
------------------------------------------------------------
Origin Dest       Busan         Cartagena     Colombo       Hamburg       Ho Chi Minh CityJakarta       Jebel Ali     Kaohsiung     Laem Chabang  Los Angeles   New Jersey    Piraeus       Qingdao       Rotterdam     Shanghai      Shenzhen      Singapore     Tanger Med    Tianjin       Xiamen        
----------------------------------------------------------------------------------------------------------------------------------------------------------------------------------------------------------------------------------------------------------------------------------------------------------
Busan             -             40            59            179           7             13            114           66            10            486           234           118           7             199           28            34            56            85            5             26            
Cartagena         28            -             66            43            10            18            59            21            15            109           33            39            38            58            117           93            62            36            25            27            
Colombo           51            50            -             143           11            14            67            34            19            77            91            93            44            204           89            95            28            93            19            38            
Hamburg           84            32            175           -             21            30            203           57            21            136           69            30            72            8             250           249           94            23            41            72            
Ho Chi Minh City  10            16            26            41            -             8             57            7             2             72            30            27            12            57            44            47            15            29            8             14            
Jakarta           16            12            39            53            4             -             60            10            5             84            55            58            13            93            50            55            6             30            9             15            
Jebel Ali         66            38            59            125           16            24            -             45            16            143           84            74            42            178           70            85            53            137           17            44            
Kaohsiung         12            18            22            88            9             14            40            -             12            270           90            50            11            102           25            15            27            43            7             8             
Laem Chabang      13            9             27            47            4             6             51            7             -             84            29            37            13            59            41            43            9             28            14            11            
Los Angeles       287           116           109           105           36            37            166           130           29            -             429           89            219           186           423           282           111           68            81            131           
New Jersey        92            39            137           85            13            20            116           72            13            465           -             56            77            84            262           219           65            23            33            74            
Piraeus           61            42            119           17            12            21            139           39            16            84            69            -             59            35            183           161           68            20            28            58            
Qingdao           17            32            31            99            9             13            65            7             9             446           124           81            -             138           8             8             33            50            10            0             
Rotterdam         129           52            245           5             40            49            314           85            36            161           111           27            104           -             350           362           143           28            51            113           
Shanghai          12            81            59            257           19            24            99            9             24            499           282           159           18            350           -             16            60            135           33            4             
Shenzhen          32            68            57            275           22            21            133           10            16            266           297           197           13            380           36            -             40            118           8             6             
Singapore         47            50            30            132           5             9             105           28            8             280           101           111           48            200           71            83            -             86            18            40            
Tanger Med        66            27            124           14            23            34            153           39            27            79            19            11            44            14            172           169           91            -             30            55            
Tianjin           13            18            26            73            5             8             65            8             6             192           87            56            2             141           9             6             31            45            -             0             
Xiamen            20            32            43            150           6             11            77            8             9             159           156           88            8             174           24            12            33            59            1             -             

Completed TEUs by Demand Matrix
------------------------------------------------------------
Origin Dest       Busan         Cartagena     Colombo       Hamburg       Ho Chi Minh CityJakarta       Jebel Ali     Kaohsiung     Laem Chabang  Los Angeles   New Jersey    Piraeus       Qingdao       Rotterdam     Shanghai      Shenzhen      Singapore     Tanger Med    Tianjin       Xiamen        
----------------------------------------------------------------------------------------------------------------------------------------------------------------------------------------------------------------------------------------------------------------------------------------------------------
Busan             -             46            258           314           24            58            446           1086          33            1027          353           227           331           383           782           431           332           181           198           198           
Cartagena         29            -             80            226           19            28            112           20            14            96            498           155           43            300           167           106           70            255           31            27            
Colombo           240           91            -             379           110           133           1032          134           146           115           276           276           174           586           712           606           510           260           62            175           
Hamburg           127           146           308           -             32            51            498           77            35            107           392           303           102           546           416           372           171           454           56            96            
Ho Chi Minh City  36            23            131           77            -             131           234           26            104           105           64            51            39            121           245           230           302           57            19            54            
Jakarta           59            16            223           88            91            -             260           30            84            155           101           125           44            203           301           261           269           66            26            54            
Jebel Ali         260           49            809           347           102           136           -             135           95            188           166           287           132           581           379           379           432           459           43            162           
Kaohsiung         415           18            76            128           28            55            129           -             38            673           108           80            148           170           278           133           113           59            136           53            
Laem Chabang      55            16            157           85            48            119           212           28            -             127           61            81            43            126           231           212           275           58            36            41            
Los Angeles       539           106           135           90            41            61            208           195           34            -             429           90            393           181           762           439           156           64            103           205           
New Jersey        149           625           243           590           30            35            236           108           23            404           -             274           133           629           450           355           123           235           38            112           
Piraeus           108           98            252           182           26            41            426           59            31            95            196           -             92            453           362           273           147           400           40            96            
Qingdao           220           41            158           153           38            65            270           185           37            973           220           139           -             250           479           167           209           97            85            9             
Rotterdam         194           246           478           336           71            93            770           108           61            151           690           311           137           -             536           549           256           702           67            146           
Shanghai          536           107           433           465           111           169           546           350           130           1092          544           365           437           734           -             461           700           273           262           173           
Shenzhen          519           95            529           544           152           183           870           298           101           591           685           452           125           879           344           -             694           267           104           50            
Singapore         283           80            601           306           189           366           968           152           198           527           249           266           244           520           914           755           -             212           60            241           
Tanger Med        99            168           263           279           37            58            467           52            55            77            167           215           62            411           314           262           203           -             39            73            
Tianjin           157           21            118           123           23            39            258           85            25            364           141           101           156           248           333           104           195           73            -             9             
Xiamen            291           39            250           245           32            60            376           169           40            336           303           179           76            346           204           776           279           106           7             -             


============================================================
Service Route Capacity and Utilization Statistics
============================================================
Route     Name                                Avg Capacity TEU     Avg Carried TEU    Utilization
-------------------------------------------------------------------------------------------------
S1        Asia-Europe-NorthEurope                      189,192              13,114          6.93%
S2        Intra-EastAsia                                11,881                 371          3.12%
S3        SEA-Feeder                                     6,942                 234          3.37%
S4        Transpacific-WestCoast                       127,003               5,605          4.41%
S5        Asia-US-East                                 115,007               3,676          3.20%
S6        Transatlantic-SouthConnector                  22,755                 865          3.80%
S7        IndianOcean-MiddleEast                         7,436                 448          6.03%
-------------------------------------------------------------------------------------------------
TOTAL                                                  480,216              24,311          5.06%


============================================================
Vessel Statistics
============================================================
Metric                                            Average Count
---------------------------------------------------------------
Average vessels sailing                                   36.86
Average vessels waiting for berth at port                  0.36
Average vessels being served at berth                      1.77
---------------------------------------------------------------
TOTAL average active/port vessels                         39.00


Period Result Output: Period 13 (Days 61-65)
Output Simulation Day: 65
Simulation Running Time: 00:04:35

Simulation Progress: Day 70 / 360
Simulation Clock Time: 0001-07-30 00:00:00


============================================================
Shipment Waiting for Loading Statistics
============================================================

TEUs by Demand Matrix
------------------------------------------------------------
Origin Dest       Busan         Cartagena     Colombo       Hamburg       Ho Chi Minh CityJakarta       Jebel Ali     Kaohsiung     Laem Chabang  Los Angeles   New Jersey    Piraeus       Qingdao       Rotterdam     Shanghai      Shenzhen      Singapore     Tanger Med    Tianjin       Xiamen        
----------------------------------------------------------------------------------------------------------------------------------------------------------------------------------------------------------------------------------------------------------------------------------------------------------
Busan             -             3             15            14            3             3             22            68            3             63            22            10            19            18            44            35            19            8             14            12            
Cartagena         3             -             9             18            3             2             11            2             2             7             50            17            4             26            15            13            11            21            2             4             
Colombo           12            7             -             20            12            13            101           9             15            8             20            19            12            32            40            33            67            16            4             11            
Hamburg           5             15            18            -             2             3             27            4             2             6             48            15            5             31            21            21            11            24            3             6             
Ho Chi Minh City  2             1             5             3             -             5             9             1             5             5             3             3             2             5             10            10            15            3             1             2             
Jakarta           3             1             9             4             4             -             10            2             4             6             5             5             2             8             14            12            12            2             1             3             
Jebel Ali         13            6             102           21            11            15            -             9             8             13            19            17            8             33            22            21            52            26            2             8             
Kaohsiung         36            2             6             9             2             4             10            -             2             40            11            5             13            10            23            11            9             4             13            6             
Laem Chabang      2             1             6             4             2             6             9             1             -             6             3             4             2             4             11            10            15            2             1             2             
Los Angeles       29            5             10            4             4             2             10            14            2             -             23            5             22            10            51            27            9             4             8             11            
New Jersey        11            75            20            51            1             3             19            7             2             27            -             23            7             55            32            29            10            17            3             8             
Piraeus           6             8             17            9             2             3             24            4             2             4             14            -             5             21            19            14            10            22            2             5             
Qingdao           13            3             10            11            3             3             16            12            2             61            15            11            -             15            31            10            15            6             5             1             
Rotterdam         9             27            29            18            3             4             44            7             3             10            82            16            9             -             33            29            14            37            3             9             
Shanghai          31            10            26            27            7             9             29            22            9             67            47            19            25            35            -             29            42            15            15            12            
Shenzhen          34            10            33            30            9             10            41            23            7             35            46            26            8             40            19            -             43            14            6             3             
Singapore         17            6             61            17            8             15            97            10            10            29            21            19            14            24            50            45            -             13            4             15            
Tanger Med        6             20            16            16            2             4             23            3             3             4             22            11            5             19            18            16            9             -             3             5             
Tianjin           10            3             11            9             1             3             17            6             2             23            10            7             11            14            23            8             13            5             -             0             
Xiamen            20            2             16            16            2             3             21            12            3             17            17            12            5             17            13            50            17            6             1             -             

Port-Level Shipment Waiting and Vessel Queue Statistics

Port                       Origin Waiting TEU   Transshipment Waiting TEU   Total Waiting TEU   Vessels Waiting
---------------------------------------------------------------------------------------------------------------
Busan                                     395                         119                 514              0.00
Cartagena                                 221                           0                 221              0.00
Colombo                                   450                          17                 466              0.00
Hamburg                                   267                           0                 267              0.00
Ho Chi Minh City                           92                           0                  92              0.05
Jakarta                                   107                           0                 107              0.06
Jebel Ali                                 408                           0                 408              0.00
Kaohsiung                                 216                          46                 261              0.34
Laem Chabang                               92                           0                  92              0.02
Los Angeles                               250                           0                 250              0.00
New Jersey                                399                         149                 547              0.00
Piraeus                                   190                           0                 190              0.00
Qingdao                                   243                          39                 283              0.01
Rotterdam                                 387                           0                 387              0.00
Shanghai                                  475                         953               1,428              0.00
Shenzhen                                  438                         101                 539              0.00
Singapore                                 476                         497                 973              0.00
Tanger Med                                203                          92                 295              0.00
Tianjin                                   178                           0                 178              0.01
Xiamen                                    251                           0                 251              0.02
---------------------------------------------------------------------------------------------------------------
TOTAL                                   5,737                       2,012               7,749              0.52



============================================================
Shipment Being Transported Statistics
============================================================

Average TEUs in Transition by Demand Matrix
------------------------------------------------------------
Origin Dest       Busan         Cartagena     Colombo       Hamburg       Ho Chi Minh CityJakarta       Jebel Ali     Kaohsiung     Laem Chabang  Los Angeles   New Jersey    Piraeus       Qingdao       Rotterdam     Shanghai      Shenzhen      Singapore     Tanger Med    Tianjin       Xiamen        
----------------------------------------------------------------------------------------------------------------------------------------------------------------------------------------------------------------------------------------------------------------------------------------------------------
Busan             -             41            60            176           8             13            116           66            11            482           235           118           7             198           27            31            54            83            5             28            
Cartagena         28            -             66            40            10            18            59            21            16            107           30            37            38            56            117           94            64            33            24            27            
Colombo           50            51            -             141           12            14            62            34            19            77            91            93            44            204           87            94            32            93            19            39            
Hamburg           83            33            175           -             21            30            204           56            21            136           75            30            71            8             249           250           97            25            41            73            
Ho Chi Minh City  11            16            26            40            -             8             55            7             2             72            30            27            11            56            44            47            14            29            8             14            
Jakarta           16            13            37            53            4             -             59            10            5             83            54            58            13            92            49            54            6             29            9             15            
Jebel Ali         65            40            62            124           16            25            -             46            16            144           85            74            42            177           71            85            56            137           18            45            
Kaohsiung         12            18            21            86            9             14            39            -             11            267           89            49            10            99            23            14            26            42            7             8             
Laem Chabang      13            9             26            46            4             6             50            7             -             83            28            38            13            59            42            44            9             28            14            12            
Los Angeles       286           117           110           104           36            36            165           132           29            -             429           89            220           186           426           280           109           69            85            132           
New Jersey        92            36            139           81            13            21            115           72            14            460           -             54            76            81            264           223           69            22            33            73            
Piraeus           61            45            118           17            12            22            138           39            15            82            72            -             58            34            183           159           69            20            29            59            
Qingdao           16            32            30            98            8             13            62            8             8             441           121           81            -             136           7             7             31            50            10            0             
Rotterdam         130           56            247           5             39            49            313           85            37            161           120           28            105           -             352           360           143           29            51            115           
Shanghai          11            82            58            260           19            23            99            9             25            492           280           158           17            346           -             15            59            137           36            4             
Shenzhen          39            68            58            279           22            21            131           13            17            263           292           197           14            382           38            -             39            118           9             6             
Singapore         46            51            27            133           5             9             98            28            8             281           101           113           47            199           69            80            -             87            18            42            
Tanger Med        66            29            123           13            23            34            153           39            26            79            23            11            44            13            173           167           91            -             30            55            
Tianjin           12            18            25            72            5             8             63            8             6             188           86            57            2             138           8             5             29            45            -             0             
Xiamen            21            32            41            148           6             10            74            10            9             156           153           88            8             170           24            11            31            59            0             -             

Completed TEUs by Demand Matrix
------------------------------------------------------------
Origin Dest       Busan         Cartagena     Colombo       Hamburg       Ho Chi Minh CityJakarta       Jebel Ali     Kaohsiung     Laem Chabang  Los Angeles   New Jersey    Piraeus       Qingdao       Rotterdam     Shanghai      Shenzhen      Singapore     Tanger Med    Tianjin       Xiamen        
----------------------------------------------------------------------------------------------------------------------------------------------------------------------------------------------------------------------------------------------------------------------------------------------------------
Busan             -             46            321           340           24            71            446           1086          33            1224          399           249           362           383           835           431           413           181           198           198           
Cartagena         29            -             121           238           19            28            123           20            14            113           498           155           43            328           167           106           70            263           31            27            
Colombo           240           91            -             406           110           133           1032          134           146           146           288           306           196           586           712           634           510           260           62            175           
Hamburg           127           146           371           -             32            51            561           77            35            150           392           303           111           609           416           406           195           521           56            96            
Ho Chi Minh City  36            23            131           83            -             141           234           26            104           137           67            63            42            121           245           230           343           57            19            54            
Jakarta           59            16            223           111           91            -             260           30            84            178           110           147           52            203           301           292           307           66            26            54            
Jebel Ali         260           49            1017          403           102           136           -             135           95            245           197           320           150           581           379           407           432           459           43            162           
Kaohsiung         415           18            96            142           28            63            129           -             38            806           120           96            148           170           278           133           134           59            136           53            
Laem Chabang      55            16            157           96            48            136           212           28            -             158           74            88            47            126           231           212           310           58            36            41            
Los Angeles       539           106           152           102           41            66            208           195           34            -             486           102           418           181           762           484           189           64            103           205           
New Jersey        149           625           312           627           30            35            255           108           23            486           -             274           133           670           450           355           123           255           38            112           
Piraeus           108           98            305           204           26            41            479           59            31            121           196           -             99            453           362           304           167           400           40            96            
Qingdao           220           41            179           175           38            76            270           185           37            1153          240           158           -             250           479           167           239           97            85            9             
Rotterdam         194           246           550           388           71            93            862           108           61            188           690           311           156           -             536           592           300           787           67            146           
Shanghai          536           107           476           536           111           179           546           350           130           1326          620           406           486           734           -             485           821           273           262           173           
Shenzhen          519           95            592           601           152           201           870           298           101           653           750           536           125           879           344           -             811           267           104           50            
Singapore         283           80            601           331           189           395           968           152           198           655           282           315           274           520           914           812           -             212           60            241           
Tanger Med        99            168           289           300           37            58            507           52            55            95            167           215           74            411           314           283           223           -             39            73            
Tianjin           157           21            141           144           23            46            258           85            25            449           168           117           156           248           333           104           217           73            -             9             
Xiamen            291           39            285           281           32            66            376           169           40            370           339           196           76            346           204           776           312           106           7             -             


============================================================
Service Route Capacity and Utilization Statistics
============================================================
Route     Name                                Avg Capacity TEU     Avg Carried TEU    Utilization
-------------------------------------------------------------------------------------------------
S1        Asia-Europe-NorthEurope                      189,267              13,084          6.91%
S2        Intra-EastAsia                                11,033                 344          3.12%
S3        SEA-Feeder                                     6,974                 233          3.34%
S4        Transpacific-WestCoast                       126,555               5,571          4.40%
S5        Asia-US-East                                 115,065               3,673          3.19%
S6        Transatlantic-SouthConnector                  22,765                 871          3.82%
S7        IndianOcean-MiddleEast                         7,451                 445          5.98%
-------------------------------------------------------------------------------------------------
TOTAL                                                  479,110              24,221          5.06%


============================================================
Vessel Statistics
============================================================
Metric                                            Average Count
---------------------------------------------------------------
Average vessels sailing                                   36.75
Average vessels waiting for berth at port                  0.52
Average vessels being served at berth                      1.73
---------------------------------------------------------------
TOTAL average active/port vessels                         39.00


Period Result Output: Period 14 (Days 66-70)
Output Simulation Day: 70
Simulation Running Time: 00:04:46

Simulation Progress: Day 75 / 360
Simulation Clock Time: 0001-08-04 00:00:00


============================================================
Shipment Waiting for Loading Statistics
============================================================

TEUs by Demand Matrix
------------------------------------------------------------
Origin Dest       Busan         Cartagena     Colombo       Hamburg       Ho Chi Minh CityJakarta       Jebel Ali     Kaohsiung     Laem Chabang  Los Angeles   New Jersey    Piraeus       Qingdao       Rotterdam     Shanghai      Shenzhen      Singapore     Tanger Med    Tianjin       Xiamen        
----------------------------------------------------------------------------------------------------------------------------------------------------------------------------------------------------------------------------------------------------------------------------------------------------------
Busan             -             3             17            15            3             3             25            79            3             72            22            11            21            20            48            41            21            8             16            14            
Cartagena         3             -             9             20            3             2             12            3             2             8             53            17            5             29            17            14            11            24            2             4             
Colombo           12            7             -             19            12            13            105           10            15            8             21            18            11            31            39            33            64            16            3             11            
Hamburg           6             15            20            -             2             3             29            4             2             7             46            16            5             32            22            23            11            27            3             6             
Ho Chi Minh City  2             1             5             3             -             5             9             1             5             7             3             3             2             5             10            10            15            3             1             2             
Jakarta           3             1             9             4             3             -             10            3             4             6             5             6             2             8             14            12            13            2             1             3             
Jebel Ali         13            6             104           22            11            15            -             11            8             14            19            17            8             33            23            22            53            26            3             9             
Kaohsiung         41            2             8             11            2             4             12            -             3             46            12            6             15            11            28            12            11            5             15            6             
Laem Chabang      2             1             6             4             2             6             9             2             -             7             3             4             2             4             11            10            15            2             1             2             
Los Angeles       30            5             9             4             3             2             10            16            2             -             23            5             23            10            51            27            9             3             8             12            
New Jersey        11            72            20            53            1             3             20            7             2             29            -             24            7             58            32            28            10            17            3             8             
Piraeus           6             8             17            9             2             3             24            5             2             5             14            -             5             21            18            14            10            22            2             5             
Qingdao           15            4             12            13            3             4             19            13            3             68            18            13            -             17            35            12            18            8             6             1             
Rotterdam         10            26            30            18            4             4             46            8             3             11            78            17            9             -             34            30            15            40            3             9             
Shanghai          33            12            26            27            7             9             31            25            9             77            55            20            27            35            -             29            41            15            17            14            
Shenzhen          37            11            34            33            10            11            44            28            7             40            52            26            8             41            21            -             45            15            6             4             
Singapore         16            7             59            17            9             16            93            11            10            34            24            19            14            24            51            45            -             14            4             15            
Tanger Med        6             19            16            16            3             4             23            3             2             4             21            11            5             19            18            16            9             -             3             5             
Tianjin           11            4             13            11            2             4             20            7             2             28            12            9             14            16            28            10            15            6             -             0             
Xiamen            23            3             18            18            2             3             25            15            4             20            20            14            5             20            15            59            20            7             1             -             

Port-Level Shipment Waiting and Vessel Queue Statistics

Port                       Origin Waiting TEU   Transshipment Waiting TEU   Total Waiting TEU   Vessels Waiting
---------------------------------------------------------------------------------------------------------------
Busan                                     443                         126                 569              0.00
Cartagena                                 239                           0                 239              0.00
Colombo                                   448                          20                 468              0.00
Hamburg                                   279                           0                 279              0.00
Ho Chi Minh City                           92                           0                  92              0.06
Jakarta                                   111                           0                 111              0.06
Jebel Ali                                 420                           0                 420              0.00
Kaohsiung                                 251                          43                 293              0.52
Laem Chabang                               92                           0                  92              0.02
Los Angeles                               253                           0                 253              0.00
New Jersey                                406                         140                 546              0.00
Piraeus                                   189                           0                 189              0.00
Qingdao                                   280                          41                 321              0.01
Rotterdam                                 398                           0                 398              0.00
Shanghai                                  510                         956               1,466              0.00
Shenzhen                                  475                          96                 571              0.00
Singapore                                 479                         497                 976              0.01
Tanger Med                                201                          86                 288              0.00
Tianjin                                   212                           0                 212              0.01
Xiamen                                    292                           0                 292              0.02
---------------------------------------------------------------------------------------------------------------
TOTAL                                   6,067                       2,005               8,073              0.71



============================================================
Shipment Being Transported Statistics
============================================================

Average TEUs in Transition by Demand Matrix
------------------------------------------------------------
Origin Dest       Busan         Cartagena     Colombo       Hamburg       Ho Chi Minh CityJakarta       Jebel Ali     Kaohsiung     Laem Chabang  Los Angeles   New Jersey    Piraeus       Qingdao       Rotterdam     Shanghai      Shenzhen      Singapore     Tanger Med    Tianjin       Xiamen        
----------------------------------------------------------------------------------------------------------------------------------------------------------------------------------------------------------------------------------------------------------------------------------------------------------
Busan             -             41            58            173           8             13            114           65            11            471           235           115           7             197           25            29            51            81            4             30            
Cartagena         28            -             65            38            11            18            58            21            16            105           29            35            38            52            118           96            63            32            24            27            
Colombo           51            51            -             142           12            16            61            34            20            77            90            93            45            206           87            95            32            93            19            42            
Hamburg           82            34            174           -             21            30            204           56            21            134           75            28            71            8             248           250           99            24            41            75            
Ho Chi Minh City  11            16            26            40            -             8             55            7             2             71            30            27            11            56            44            49            15            30            8             14            
Jakarta           17            14            36            53            4             -             58            10            5             81            54            57            13            92            49            54            7             28            10            16            
Jebel Ali         65            40            57            124           16            25            -             47            16            142           84            73            43            179           72            85            53            136           19            46            
Kaohsiung         11            18            20            85            8             13            38            -             11            259           88            47            9             97            22            13            24            41            6             9             
Laem Chabang      13            9             26            46            4             6             51            7             -             82            28            39            13            58            43            45            9             28            15            12            
Los Angeles       287           118           109           104           36            36            162           133           29            -             429           90            223           185           431           280           108           69            89            134           
New Jersey        92            45            139           76            13            21            113           71            14            453           -             52            75            75            267           228           70            21            34            73            
Piraeus           61            48            117           18            12            23            138           39            15            80            70            -             58            36            183           159           69            20            29            60            
Qingdao           15            32            28            97            8             12            58            7             8             431           118           79            -             135           7             7             29            49            10            0             
Rotterdam         130           60            246           5             38            48            311           85            37            159           119           27            105           -             353           358           141           27            51            116           
Shanghai          11            82            56            263           19            23            100           8             25            478           275           157           16            343           -             15            57            137           39            3             
Shenzhen          45            68            56            282           21            21            127           14            17            258           286           193           15            382           40            -             37            117           10            7             
Singapore         46            52            31            134           5             9             102           28            8             277           99            112           47            198           71            82            -             87            19            46            
Tanger Med        66            31            123           14            22            34            155           40            25            78            23            10            45            14            173           167           90            -             31            56            
Tianjin           11            19            23            71            5             7             59            7             6             181           84            56            2             135           8             5             27            44            -             0             
Xiamen            23            32            38            145           6             9             71            11            8             152           149           86            8             167           23            10            29            57            0             -             

Completed TEUs by Demand Matrix
------------------------------------------------------------
Origin Dest       Busan         Cartagena     Colombo       Hamburg       Ho Chi Minh CityJakarta       Jebel Ali     Kaohsiung     Laem Chabang  Los Angeles   New Jersey    Piraeus       Qingdao       Rotterdam     Shanghai      Shenzhen      Singapore     Tanger Med    Tianjin       Xiamen        
----------------------------------------------------------------------------------------------------------------------------------------------------------------------------------------------------------------------------------------------------------------------------------------------------------
Busan             -             61            335           377           37            74            520           1151          46            1224          484           274           362           420           835           431           413           194           198           198           
Cartagena         29            -             121           238           19            37            123           20            14            113           498           163           43            328           167           106           117           263           31            27            
Colombo           240           121           -             443           110           169           1032          165           146           146           312           324           196           666           772           634           660           302           62            175           
Hamburg           127           184           413           -             37            60            561           85            40            150           539           329           111           609           472           406           217           521           56            96            
Ho Chi Minh City  36            31            152           89            -             148           234           28            114           137           72            69            42            136           283           230           377           63            19            54            
Jakarta           59            24            250           127           97            -             260           38            98            178           132           147           52            224           323           292           307           73            26            54            
Jebel Ali         260           73            1017          445           102           174           -             177           95            245           231           331           150           643           441           407           528           523           43            162           
Kaohsiung         415           23            96            153           36            63            158           -             43            806           169           105           148           185           278           133           134           70            136           53            
Laem Chabang      55            17            177           104           51            148           212           29            -             158           80            92            47            141           286           212           350           60            36            41            
Los Angeles       539           136           166           119           48            69            250           237           41            -             515           108           418           214           762           484           189           74            103           205           
New Jersey        149           803           337           627           30            42            255           108           23            486           -             310           133           670           450           355           163           255           38            112           
Piraeus           108           169           343           229           30            46            479           67            34            121           291           -             99            501           410           304           187           449           40            96            
Qingdao           220           58            179           194           43            76            294           193           40            1153          265           176           -             277           479           167           239           108           85            9             
Rotterdam         194           335           615           432           78            102           862           125           70            188           936           352           156           -             617           592           335           787           67            146           
Shanghai          536           150           498           603           129           191           610           355           148           1326          715           431           486           812           -             485           821           315           262           173           
Shenzhen          519           130           626           695           166           217           939           344           120           653           851           561           125           990           351           -             811           298           104           50            
Singapore         283           117           724           375           206           434           968           178           214           655           310           333           274           570           1034          812           -             239           60            241           
Tanger Med        99            217           315           350           41            63            507           62            58            95            247           238           74            463           356           283           242           -             39            73            
Tianjin           157           35            141           159           25            46            294           85            30            449           184           131           156           280           333           104           217           83            -             9             
Xiamen            291           59            285           310           35            66            420           200           45            370           375           227           76            387           204           776           312           121           7             -             


============================================================
Service Route Capacity and Utilization Statistics
============================================================
Route     Name                                Avg Capacity TEU     Avg Carried TEU    Utilization
-------------------------------------------------------------------------------------------------
S1        Asia-Europe-NorthEurope                      189,280              13,028          6.88%
S2        Intra-EastAsia                                10,407                 325          3.12%
S3        SEA-Feeder                                     6,951                 233          3.35%
S4        Transpacific-WestCoast                       125,522               5,492          4.38%
S5        Asia-US-East                                 115,101               3,650          3.17%
S6        Transatlantic-SouthConnector                  22,702                 869          3.83%
S7        IndianOcean-MiddleEast                         7,435                 445          5.99%
-------------------------------------------------------------------------------------------------
TOTAL                                                  477,398              24,042          5.04%


============================================================
Vessel Statistics
============================================================
Metric                                            Average Count
---------------------------------------------------------------
Average vessels sailing                                   36.58
Average vessels waiting for berth at port                  0.71
Average vessels being served at berth                      1.71
---------------------------------------------------------------
TOTAL average active/port vessels                         39.00


Period Result Output: Period 15 (Days 71-75)
Output Simulation Day: 75
Simulation Running Time: 00:05:01

Simulation Progress: Day 80 / 360
Simulation Clock Time: 0001-08-09 00:00:00


============================================================
Shipment Waiting for Loading Statistics
============================================================

TEUs by Demand Matrix
------------------------------------------------------------
Origin Dest       Busan         Cartagena     Colombo       Hamburg       Ho Chi Minh CityJakarta       Jebel Ali     Kaohsiung     Laem Chabang  Los Angeles   New Jersey    Piraeus       Qingdao       Rotterdam     Shanghai      Shenzhen      Singapore     Tanger Med    Tianjin       Xiamen        
----------------------------------------------------------------------------------------------------------------------------------------------------------------------------------------------------------------------------------------------------------------------------------------------------------
Busan             -             3             17            14            3             3             25            94            3             84            22            11            20            20            48            50            21            8             19            14            
Cartagena         3             -             9             20            3             2             12            2             2             8             50            17            4             27            16            14            11            23            2             4             
Colombo           12            8             -             20            12            13            102           12            15            9             24            18            12            31            40            35            64            16            3             11            
Hamburg           5             15            19            -             2             3             27            4             2             8             47            16            5             31            22            22            11            26            3             6             
Ho Chi Minh City  2             1             5             3             -             5             9             2             5             8             3             3             2             5             10            10            15            3             1             2             
Jakarta           3             1             9             4             3             -             10            3             4             7             5             6             2             8             14            12            13            2             1             3             
Jebel Ali         13            6             105           21            11            15            -             11            9             16            20            17            8             32            23            22            54            25            3             10            
Kaohsiung         45            3             9             12            2             4             13            -             3             53            14            7             16            12            31            14            13            6             16            7             
Laem Chabang      2             1             6             4             2             6             10            2             -             8             3             4             2             4             11            10            15            2             1             2             
Los Angeles       32            5             10            5             4             2             11            18            2             -             25            5             25            10            55            29            9             4             9             13            
New Jersey        10            69            20            54            1             3             21            7             2             33            -             26            7             61            31            28            10            17            3             8             
Piraeus           6             8             17            9             2             3             25            6             2             6             14            -             5             22            19            15            11            23            2             5             
Qingdao           18            5             15            16            4             4             22            16            3             79            21            15            -             19            41            14            21            11            7             1             
Rotterdam         10            27            29            18            4             4             44            7             3             13            79            16            9             -             33            29            15            39            3             9             
Shanghai          31            12            25            27            7             9             30            27            9             90            52            20            26            35            -             28            41            15            16            16            
Shenzhen          37            11            33            33            10            11            43            34            7             48            53            25            8             41            21            -             45            15            6             4             
Singapore         15            8             58            17            9             16            91            13            9             41            28            19            14            24            52            44            -             14            3             15            
Tanger Med        6             18            16            16            3             4             23            4             2             5             21            11            5             18            17            17            9             -             3             5             
Tianjin           13            4             16            13            2             5             24            8             2             34            14            11            17            19            35            12            18            7             -             0             
Xiamen            28            3             21            21            3             4             29            18            5             23            23            16            5             24            18            72            24            8             1             -             

Port-Level Shipment Waiting and Vessel Queue Statistics

Port                       Origin Waiting TEU   Transshipment Waiting TEU   Total Waiting TEU   Vessels Waiting
---------------------------------------------------------------------------------------------------------------
Busan                                     479                         139                 618              0.00
Cartagena                                 229                           0                 229              0.00
Colombo                                   458                          22                 480              0.00
Hamburg                                   273                           0                 273              0.00
Ho Chi Minh City                           94                           0                  94              0.06
Jakarta                                   112                           0                 112              0.06
Jebel Ali                                 421                           0                 421              0.00
Kaohsiung                                 281                          40                 321              0.49
Laem Chabang                               94                           0                  94              0.02
Los Angeles                               275                           0                 275              0.00
New Jersey                                410                         134                 545              0.00
Piraeus                                   200                           0                 200              0.00
Qingdao                                   331                          45                 376              0.01
Rotterdam                                 389                           0                 389              0.00
Shanghai                                  518                         973               1,490              0.00
Shenzhen                                  485                          91                 575              0.00
Singapore                                 489                         497                 987              0.01
Tanger Med                                201                          83                 284              0.00
Tianjin                                   254                           0                 254              0.01
Xiamen                                    348                           0                 348              0.02
---------------------------------------------------------------------------------------------------------------
TOTAL                                   6,344                       2,024               8,367              0.68



============================================================
Shipment Being Transported Statistics
============================================================

Average TEUs in Transition by Demand Matrix
------------------------------------------------------------
Origin Dest       Busan         Cartagena     Colombo       Hamburg       Ho Chi Minh CityJakarta       Jebel Ali     Kaohsiung     Laem Chabang  Los Angeles   New Jersey    Piraeus       Qingdao       Rotterdam     Shanghai      Shenzhen      Singapore     Tanger Med    Tianjin       Xiamen        
----------------------------------------------------------------------------------------------------------------------------------------------------------------------------------------------------------------------------------------------------------------------------------------------------------
Busan             -             42            60            170           8             13            114           61            12            462           232           115           8             197           29            27            51            80            4             34            
Cartagena         28            -             65            40            12            18            59            21            17            104           33            35            39            54            118           98            63            34            24            28            
Colombo           50            49            -             140           12            15            66            33            20            76            89            94            45            204           84            92            30            93            20            44            
Hamburg           81            33            176           -             21            29            207           56            21            132           72            30            71            8             249           254           101           26            42            77            
Ho Chi Minh City  11            15            26            39            -             7             54            7             2             70            30            27            11            55            43            49            15            30            8             15            
Jakarta           18            14            36            52            4             -             58            11            5             79            53            57            13            91            49            54            7             28            10            17            
Jebel Ali         64            40            60            124           17            24            -             47            16            140           83            73            43            181           73            85            53            136           20            49            
Kaohsiung         14            18            20            84            8             12            36            -             10            253           85            46            10            95            23            13            23            39            7             10            
Laem Chabang      13            9             25            46            4             6             52            7             -             80            28            39            13            58            41            45            10            27            15            13            
Los Angeles       283           116           109           103           36            35            158           131           29            -             427           90            223           183           425           280           108           69            92            136           
New Jersey        93            44            140           73            13            22            113           71            14            448           -             50            75            73            265           231           71            20            35            73            
Piraeus           61            47            117           17            12            23            137           39            15            79            68            -             57            34            182           157           69            19            30            60            
Qingdao           14            31            26            94            7             11            55            7             7             422           114           77            -             131           6             6             27            47            10            0             
Rotterdam         131           58            248           5             38            48            313           85            37            157           114           28            106           -             355           357           141           30            52            119           
Shanghai          12            82            57            264           19            24            101           10            25            465           277           158           18            340           -             15            57            136           44            3             
Shenzhen          54            67            57            286           22            21            128           13            18            254           282           192           18            380           44            -             38            118           12            7             
Singapore         45            50            29            133           5             8             104           26            8             273           96            112           46            196           72            83            -             87            20            52            
Tanger Med        65            31            124           14            22            35            154           39            25            77            23            10            46            14            173           167           89            -             31            57            
Tianjin           10            18            22            69            4             7             56            7             6             175           81            55            2             130           7             5             26            43            -             0             
Xiamen            24            31            36            141           5             9             66            10            8             149           143           83            8             160           23            10            27            55            0             -             

Completed TEUs by Demand Matrix
------------------------------------------------------------
Origin Dest       Busan         Cartagena     Colombo       Hamburg       Ho Chi Minh CityJakarta       Jebel Ali     Kaohsiung     Laem Chabang  Los Angeles   New Jersey    Piraeus       Qingdao       Rotterdam     Shanghai      Shenzhen      Singapore     Tanger Med    Tianjin       Xiamen        
----------------------------------------------------------------------------------------------------------------------------------------------------------------------------------------------------------------------------------------------------------------------------------------------------------
Busan             -             70            335           398           38            74            548           1151          52            1224          484           274           429           449           1003          431           425           199           198           198           
Cartagena         45            -             121           238           22            37            123           20            22            113           606           163           43            328           214           156           117           263           31            27            
Colombo           280           139           -             461           134           169           1255          165           177           146           312           324           247           688           831           706           660           318           62            175           
Hamburg           150           192           413           -             43            60            636           85            43            150           576           329           133           711           514           435           217           611           56            96            
Ho Chi Minh City  50            33            152           96            -             148           262           28            127           137           72            69            50            146           301           278           417           69            19            54            
Jakarta           75            31            250           127           101           -             308           38            106           178           132           147           58            224           348           311           358           73            26            54            
Jebel Ali         307           85            1017          461           122           174           -             177           113           245           231           331           185           679           479           464           528           543           43            162           
Kaohsiung         415           29            96            177           36            63            158           -             43            806           169           105           148           200           278           133           134           79            136           53            
Laem Chabang      68            19            177           117           53            148           254           29            -             158           80            92            58            146           303           266           383           70            36            41            
Los Angeles       672           142           166           124           50            69            272           237           44            -             515           108           487           226           957           484           189           79            103           205           
New Jersey        181           845           356           627           33            42            255           108           32            486           -             310           133           670           584           440           178           255           38            112           
Piraeus           125           169           343           241           31            46            536           67            36            121           311           -             123           532           442           342           187           469           40            96            
Qingdao           220           68            179           214           43            76            294           193           40            1153          265           176           -             308           479           167           239           117           85            9             
Rotterdam         229           353           615           448           86            102           992           125           77            188           971           352           183           -             713           676           335           901           67            146           
Shanghai          642           170           498           636           135           191           654           355           158           1326          715           431           567           857           -             536           882           333           262           173           
Shenzhen          549           149           626           730           175           217           980           344           131           653           851           561           129           1026          374           -             909           312           104           50            
Singapore         332           129           724           386           225           434           1158          178           228           655           310           333           320           601           1143          904           -             250           60            241           
Tanger Med        124           230           315           365           49            63            582           62            61            95            259           238           84            481           390           317           242           -             39            73            
Tianjin           157           37            141           169           25            46            294           85            30            449           184           131           156           304           333           104           217           91            -             9             
Xiamen            291           61            285           333           35            66            420           200           45            370           375           227           76            422           204           776           312           135           7             -             


============================================================
Service Route Capacity and Utilization Statistics
============================================================
Route     Name                                Avg Capacity TEU     Avg Carried TEU    Utilization
-------------------------------------------------------------------------------------------------
S1        Asia-Europe-NorthEurope                      189,248              12,968          6.85%
S2        Intra-EastAsia                                10,756                 334          3.11%
S3        SEA-Feeder                                     6,955                 235          3.38%
S4        Transpacific-WestCoast                       125,599               5,440          4.33%
S5        Asia-US-East                                 115,091               3,598          3.13%
S6        Transatlantic-SouthConnector                  22,723                 873          3.84%
S7        IndianOcean-MiddleEast                         7,439                 447          6.01%
-------------------------------------------------------------------------------------------------
TOTAL                                                  477,810              23,895          5.00%


============================================================
Vessel Statistics
============================================================
Metric                                            Average Count
---------------------------------------------------------------
Average vessels sailing                                   36.63
Average vessels waiting for berth at port                  0.68
Average vessels being served at berth                      1.69
---------------------------------------------------------------
TOTAL average active/port vessels                         39.00


Period Result Output: Period 16 (Days 76-80)
Output Simulation Day: 80
Simulation Running Time: 00:05:17

Simulation Progress: Day 85 / 360
Simulation Clock Time: 0001-08-14 00:00:00


============================================================
Shipment Waiting for Loading Statistics
============================================================

TEUs by Demand Matrix
------------------------------------------------------------
Origin Dest       Busan         Cartagena     Colombo       Hamburg       Ho Chi Minh CityJakarta       Jebel Ali     Kaohsiung     Laem Chabang  Los Angeles   New Jersey    Piraeus       Qingdao       Rotterdam     Shanghai      Shenzhen      Singapore     Tanger Med    Tianjin       Xiamen        
----------------------------------------------------------------------------------------------------------------------------------------------------------------------------------------------------------------------------------------------------------------------------------------------------------
Busan             -             3             16            14            3             3             25            98            3             99            21            11            20            20            48            51            20            8             20            14            
Cartagena         3             -             9             19            3             2             11            2             2             9             49            16            4             26            15            13            10            22            2             4             
Colombo           12            8             -             19            12            13            104           12            15            8             26            18            12            30            39            34            63            15            3             10            
Hamburg           6             16            20            -             2             3             28            4             2             9             49            16            5             31            23            23            11            26            3             6             
Ho Chi Minh City  2             1             5             3             -             5             10            2             5             9             3             3             2             5             11            10            15            3             1             2             
Jakarta           3             1             9             4             3             -             10            3             4             7             5             6             2             8             14            12            13            2             1             3             
Jebel Ali         13            7             103           22            11            15            -             11            9             19            20            17            8             33            23            22            52            27            3             10            
Kaohsiung         52            3             10            14            3             5             14            -             4             55            16            8             18            14            36            17            15            7             18            7             
Laem Chabang      2             1             6             4             2             6             10            2             -             10            3             4             2             5             12            10            15            2             1             2             
Los Angeles       32            5             10            5             4             3             10            18            2             -             24            5             25            10            54            29            9             4             9             13            
New Jersey        10            66            21            51            1             3             20            8             2             39            -             25            7             58            32            28            10            17            3             8             
Piraeus           5             8             17            9             2             3             25            6             2             6             14            -             5             22            18            15            11            23            2             5             
Qingdao           20            5             18            18            4             5             25            19            4             76            25            18            -             21            47            16            24            13            8             1             
Rotterdam         9             28            29            18            3             4             44            7             3             15            82            16            9             -             33            30            15            40            3             9             
Shanghai          31            11            25            27            7             9             30            26            9             90            52            20            26            35            -             28            41            15            16            20            
Shenzhen          38            11            32            32            9             11            43            40            7             57            52            25            8             40            21            -             44            15            7             4             
Singapore         16            8             59            16            9             16            94            14            9             46            27            18            14            23            54            47            -             14            3             16            
Tanger Med        6             19            16            16            3             4             22            3             2             5             22            11            5             18            17            16            9             -             2             4             
Tianjin           15            5             18            14            2             6             26            8             2             37            15            12            19            20            39            13            20            7             -             1             
Xiamen            35            4             25            26            3             5             34            22            6             28            27            19            6             29            21            87            29            10            2             -             

Port-Level Shipment Waiting and Vessel Queue Statistics

Port                       Origin Waiting TEU   Transshipment Waiting TEU   Total Waiting TEU   Vessels Waiting
---------------------------------------------------------------------------------------------------------------
Busan                                     499                         147                 646              0.00
Cartagena                                 221                           0                 221              0.00
Colombo                                   454                          24                 479              0.00
Hamburg                                   281                           0                 281              0.00
Ho Chi Minh City                           96                           0                  96              0.06
Jakarta                                   110                           0                 110              0.06
Jebel Ali                                 422                           0                 422              0.00
Kaohsiung                                 315                          38                 352              0.46
Laem Chabang                               98                           0                  98              0.02
Los Angeles                               274                           0                 274              0.00
New Jersey                                408                         139                 547              0.00
Piraeus                                   198                           0                 198              0.00
Qingdao                                   367                          50                 417              0.01
Rotterdam                                 398                           0                 398              0.00
Shanghai                                  518                         980               1,498              0.00
Shenzhen                                  496                          96                 592              0.00
Singapore                                 503                         511               1,014              0.01
Tanger Med                                201                          80                 281              0.00
Tianjin                                   281                           0                 281              0.01
Xiamen                                    416                           0                 416              0.02
---------------------------------------------------------------------------------------------------------------
TOTAL                                   6,557                       2,065               8,622              0.66



============================================================
Shipment Being Transported Statistics
============================================================

Average TEUs in Transition by Demand Matrix
------------------------------------------------------------
Origin Dest       Busan         Cartagena     Colombo       Hamburg       Ho Chi Minh CityJakarta       Jebel Ali     Kaohsiung     Laem Chabang  Los Angeles   New Jersey    Piraeus       Qingdao       Rotterdam     Shanghai      Shenzhen      Singapore     Tanger Med    Tianjin       Xiamen        
----------------------------------------------------------------------------------------------------------------------------------------------------------------------------------------------------------------------------------------------------------------------------------------------------------
Busan             -             41            61            167           9             13            116           72            12            448           231           115           7             197           28            33            52            79            6             39            
Cartagena         28            -             65            42            12            18            61            21            17            103           33            36            38            56            119           99            64            38            24            28            
Colombo           50            47            -             140           13            15            62            34            19            75            89            93            45            203           86            92            31            93            20            48            
Hamburg           81            32            175           -             20            29            207           56            21            129           68            30            71            8             247           255           102           25            43            79            
Ho Chi Minh City  11            15            26            39            -             7             54            7             2             68            30            27            12            54            42            48            15            30            8             16            
Jakarta           19            14            36            52            4             -             58            11            5             77            52            57            13            91            49            53            7             27            11            18            
Jebel Ali         63            40            61            124           17            24            -             47            17            137           83            71            43            181           74            86            57            134           21            52            
Kaohsiung         15            17            19            82            8             12            35            -             9             250           82            44            10            92            24            13            23            38            8             11            
Laem Chabang      13            9             25            45            4             6             52            7             -             77            27            39            13            57            40            43            9             27            15            14            
Los Angeles       281           116           109           103           36            34            155           133           28            -             428           90            224           182           425           278           108           69            96            140           
New Jersey        92            43            140           76            13            22            114           71            14            441           -             52            75            79            260           230           71            22            35            74            
Piraeus           61            47            117           18            12            23            138           40            15            78            67            -             56            36            182           156           71            20            30            62            
Qingdao           14            30            26            92            7             11            52            7             7             424           111           74            -             127           8             6             26            46            10            0             
Rotterdam         132           56            246           5             37            48            312           86            37            155           107           27            106           -             353           354           142           28            52            122           
Shanghai          12            81            57            266           20            23            103           15            26            463           282           158           18            339           -             14            56            136           47            3             
Shenzhen          61            66            58            292           22            21            131           13            19            245           284           191           20            382           48            -             39            118           13            8             
Singapore         44            50            28            133           5             8             98            26            8             269           99            110           46            195           71            81            -             88            20            57            
Tanger Med        65            30            123           14            22            35            154           40            25            77            21            11            47            14            173           167           89            -             32            58            
Tianjin           11            18            22            67            4             7             54            7             5             171           80            54            3             127           10            6             26            42            -             0             
Xiamen            23            30            34            136           5             8             62            10            7             144           138           79            9             154           23            9             25            53            0             -             

Completed TEUs by Demand Matrix
------------------------------------------------------------
Origin Dest       Busan         Cartagena     Colombo       Hamburg       Ho Chi Minh CityJakarta       Jebel Ali     Kaohsiung     Laem Chabang  Los Angeles   New Jersey    Piraeus       Qingdao       Rotterdam     Shanghai      Shenzhen      Singapore     Tanger Med    Tianjin       Xiamen        
----------------------------------------------------------------------------------------------------------------------------------------------------------------------------------------------------------------------------------------------------------------------------------------------------------
Busan             -             70            361           398           41            76            548           1151          52            1388          558           274           437           449           1043          431           482           199           280           198           
Cartagena         45            -             121           238           22            37            147           20            22            130           640           163           62            328           214           156           117           263           39            27            
Colombo           280           139           -             461           134           169           1255          173           177           179           366           367           247           688           831           754           660           341           83            175           
Hamburg           150           201           485           -             43            62            700           96            43            172           576           396           133           711           514           480           240           636           73            96            
Ho Chi Minh City  50            33            152           96            -             156           262           32            139           162           80            73            50            146           301           306           417           76            26            54            
Jakarta           75            31            250           127           111           -             308           42            106           202           142           173           58            224           348           339           386           83            39            54            
Jebel Ali         307           85            1236          461           122           174           -             192           113           294           231           370           185           679           479           499           528           602           70            162           
Kaohsiung         474           29            96            177           36            63            158           -             43            916           184           105           148           200           278           133           134           79            156           53            
Laem Chabang      68            19            177           117           55            163           254           33            -             183           84            108           58            146           303           289           383           75            49            41            
Los Angeles       672           142           166           124           50            69            272           237           44            -             572           119           501           226           1024          585           225           89            165           205           
New Jersey        181           888           356           627           36            46            312           108           32            549           -             310           148           670           633           486           192           255           57            112           
Piraeus           125           187           385           241           31            54            586           78            36            134           311           -             123           532           442           371           209           525           53            96            
Qingdao           220           68            179           214           43            76            294           193           40            1312          293           202           -             308           479           167           239           125           96            9             
Rotterdam         229           370           696           448           86            110           1050          142           77            212           971           409           183           -             713           732           358           928           90            146           
Shanghai          642           170           556           636           153           222           654           357           158           1507          802           463           593           857           -             562           941           377           394           173           
Shenzhen          616           149           705           730           203           251           980           344           131           780           925           609           129           1026          374           -             991           348           121           50            
Singapore         332           129           724           386           244           466           1158          180           228           760           353           395           320           601           1143          990           -             278           88            241           
Tanger Med        124           243           373           365           49            71            625           70            61            111           259           276           84            481           390           348           261           -             53            73            
Tianjin           157           37            141           169           25            46            294           85            30            491           202           148           234           304           333           104           217           102           -             9             
Xiamen            330           61            285           333           35            66            420           200           45            440           417           248           76            422           204           776           312           144           7             -             


============================================================
Service Route Capacity and Utilization Statistics
============================================================
Route     Name                                Avg Capacity TEU     Avg Carried TEU    Utilization
-------------------------------------------------------------------------------------------------
S1        Asia-Europe-NorthEurope                      189,255              12,915          6.82%
S2        Intra-EastAsia                                10,843                 364          3.35%
S3        SEA-Feeder                                     6,944                 233          3.35%
S4        Transpacific-WestCoast                       125,604               5,379          4.28%
S5        Asia-US-East                                 115,031               3,572          3.11%
S6        Transatlantic-SouthConnector                  22,766                 879          3.86%
S7        IndianOcean-MiddleEast                         7,452                 443          5.95%
-------------------------------------------------------------------------------------------------
TOTAL                                                  477,896              23,785          4.98%


============================================================
Vessel Statistics
============================================================
Metric                                            Average Count
---------------------------------------------------------------
Average vessels sailing                                   36.64
Average vessels waiting for berth at port                  0.66
Average vessels being served at berth                      1.70
---------------------------------------------------------------
TOTAL average active/port vessels                         39.00


Period Result Output: Period 17 (Days 81-85)
Output Simulation Day: 85
Simulation Running Time: 00:05:27

Simulation Progress: Day 90 / 360
Simulation Clock Time: 0001-08-19 00:00:00


============================================================
Shipment Waiting for Loading Statistics
============================================================

TEUs by Demand Matrix
------------------------------------------------------------
Origin Dest       Busan         Cartagena     Colombo       Hamburg       Ho Chi Minh CityJakarta       Jebel Ali     Kaohsiung     Laem Chabang  Los Angeles   New Jersey    Piraeus       Qingdao       Rotterdam     Shanghai      Shenzhen      Singapore     Tanger Med    Tianjin       Xiamen        
----------------------------------------------------------------------------------------------------------------------------------------------------------------------------------------------------------------------------------------------------------------------------------------------------------
Busan             -             3             16            14            3             3             25            96            3             97            21            11            19            20            47            51            20            7             20            14            
Cartagena         3             -             9             18            3             2             11            2             2             8             48            16            4             26            14            13            10            21            2             4             
Colombo           12            8             -             19            12            13            106           12            14            9             25            18            12            30            39            33            62            15            3             11            
Hamburg           6             17            20            -             2             3             27            4             2             10            51            16            5             31            23            23            11            26            3             6             
Ho Chi Minh City  2             1             5             3             -             5             9             2             5             9             3             3             2             5             11            10            16            3             1             2             
Jakarta           3             1             9             4             3             -             10            3             4             7             5             6             2             8             14            12            13            2             1             3             
Jebel Ali         12            7             106           22            11            15            -             10            10            18            21            17            8             32            22            22            52            26            3             10            
Kaohsiung         56            4             11            15            3             5             15            -             5             53            17            8             19            15            39            19            16            7             20            8             
Laem Chabang      2             1             6             4             2             6             10            2             -             10            3             4             2             5             11            9             15            2             1             2             
Los Angeles       32            5             10            5             4             2             10            18            3             -             24            5             25            10            53            28            9             4             9             13            
New Jersey        10            66            20            49            1             3             19            7             2             37            -             24            7             56            31            27            10            16            3             7             
Piraeus           5             8             16            10            2             2             25            6             2             6             15            -             5             22            19            16            11            23            2             5             
Qingdao           19            5             17            18            4             4             24            18            3             74            24            17            -             20            46            15            23            13            8             1             
Rotterdam         9             31            30            18            3             4             45            7             3             16            86            16            9             -             33            30            15            40            3             8             
Shanghai          32            11            26            28            8             10            30            26            9             88            50            20            27            36            -             28            42            16            16            19            
Shenzhen          38            10            32            33            10            12            47            43            8             60            51            26            8             42            22            -             47            15            7             4             
Singapore         15            8             57            17            8             16            91            14            9             45            26            18            14            24            53            46            -             14            3             16            
Tanger Med        6             20            17            16            3             4             24            3             2             5             24            12            5             19            18            16            9             -             3             4             
Tianjin           15            5             18            14            2             6             25            8             2             37            15            11            19            20            38            13            19            7             -             0             
Xiamen            36            4             25            26            3             5             35            22            6             28            27            19            6             30            22            88            29            10            2             -             

Port-Level Shipment Waiting and Vessel Queue Statistics

Port                       Origin Waiting TEU   Transshipment Waiting TEU   Total Waiting TEU   Vessels Waiting
---------------------------------------------------------------------------------------------------------------
Busan                                     490                         144                 633              0.00
Cartagena                                 216                           0                 216              0.00
Colombo                                   453                          23                 476              0.00
Hamburg                                   285                           0                 285              0.00
Ho Chi Minh City                           97                           0                  97              0.05
Jakarta                                   110                           0                 110              0.06
Jebel Ali                                 425                           0                 425              0.00
Kaohsiung                                 335                          39                 374              0.44
Laem Chabang                               96                           0                  96              0.02
Los Angeles                               269                           0                 269              0.00
New Jersey                                394                         139                 533              0.00
Piraeus                                   199                           0                 199              0.00
Qingdao                                   355                          50                 405              0.01
Rotterdam                                 408                           0                 408              0.00
Shanghai                                  520                         993               1,513              0.00
Shenzhen                                  514                         122                 637              0.00
Singapore                                 492                         511               1,003              0.01
Tanger Med                                208                          89                 297              0.00
Tianjin                                   275                           0                 275              0.01
Xiamen                                    425                           0                 425              0.02
---------------------------------------------------------------------------------------------------------------
TOTAL                                   6,567                       2,109               8,676              0.63



============================================================
Shipment Being Transported Statistics
============================================================

Average TEUs in Transition by Demand Matrix
------------------------------------------------------------
Origin Dest       Busan         Cartagena     Colombo       Hamburg       Ho Chi Minh CityJakarta       Jebel Ali     Kaohsiung     Laem Chabang  Los Angeles   New Jersey    Piraeus       Qingdao       Rotterdam     Shanghai      Shenzhen      Singapore     Tanger Med    Tianjin       Xiamen        
----------------------------------------------------------------------------------------------------------------------------------------------------------------------------------------------------------------------------------------------------------------------------------------------------------
Busan             -             41            61            166           9             12            119           89            12            450           227           116           7             199           29            38            51            79            5             41            
Cartagena         27            -             65            44            13            19            61            22            17            102           33            38            38            57            121           100           65            38            24            29            
Colombo           50            47            -             139           14            16            63            35            20            74            90            92            45            202           87            94            30            93            20            49            
Hamburg           80            30            176           -             20            29            207           55            21            128           66            30            70            8             248           258           102           26            43            80            
Ho Chi Minh City  11            14            27            39            -             7             55            8             2             68            30            28            12            54            43            48            15            30            8             16            
Jakarta           19            14            36            52            4             -             59            12            5             77            51            57            13            90            50            54            7             26            11            19            
Jebel Ali         62            39            58            125           17            24            -             48            17            137           83            71            43            182           75            87            54            135           21            53            
Kaohsiung         17            17            19            81            7             12            35            -             9             250           80            43            11            91            26            15            23            37            9             12            
Laem Chabang      12            9             25            45            4             6             54            8             -             77            27            40            13            57            40            43            9             26            14            15            
Los Angeles       279           116           110           103           37            34            154           135           29            -             427           90            225           181           426           278           107           69            98            141           
New Jersey        91            41            141           79            13            22            113           72            14            439           -             55            75            82            259           231           71            22            35            74            
Piraeus           61            46            116           18            12            23            138           41            15            78            67            -             55            36            183           156           72            20            30            62            
Qingdao           18            30            29            92            8             11            55            10            8             424           111           75            -             126           9             8             31            47            11            0             
Rotterdam         131           53            247           5             37            48            311           86            37            154           102           27            106           -             352           353           142           30            51            123           
Shanghai          11            81            56            267           20            23            102           19            26            462           284           157           18            336           -             15            55            135           46            5             
Shenzhen          66            66            55            294           21            20            128           16            18            242           284           188           21            380           51            -             37            118           14            9             
Singapore         44            50            30            133           5             9             101           28            8             272           100           109           46            193           76            86            -             88            20            60            
Tanger Med        65            28            122           14            22            35            152           40            24            76            20            10            47            14            172           168           88            -             31            58            
Tianjin           15            18            25            68            5             8             57            8             6             172           80            54            3             125           11            7             29            42            -             0             
Xiamen            29            30            36            136           5             9             65            12            8             143           136           79            9             152           26            15            29            53            1             -             

Completed TEUs by Demand Matrix
------------------------------------------------------------
Origin Dest       Busan         Cartagena     Colombo       Hamburg       Ho Chi Minh CityJakarta       Jebel Ali     Kaohsiung     Laem Chabang  Los Angeles   New Jersey    Piraeus       Qingdao       Rotterdam     Shanghai      Shenzhen      Singapore     Tanger Med    Tianjin       Xiamen        
----------------------------------------------------------------------------------------------------------------------------------------------------------------------------------------------------------------------------------------------------------------------------------------------------------
Busan             -             70            420           398           41            87            578           1626          55            1487          558           328           463           449           1135          633           482           199           280           316           
Cartagena         45            -             153           297           22            37            147           28            22            130           695           163           62            400           214           156           117           350           39            42            
Colombo           307           139           -             506           134           205           1255          173           177           179           376           406           256           766           949           754           752           341           83            257           
Hamburg           155           201           511           -             43            67            700           106           43            172           576           396           139           793           575           480           258           636           73            140           
Ho Chi Minh City  54            33            183           104           -             170           262           32            140           162           91            79            52            154           329           306           449           76            26            74            
Jakarta           87            31            294           146           111           -             308           42            116           202           142           180           62            256           412           339           408           83            39            81            
Jebel Ali         322           85            1236          505           122           197           -             192           113           294           231           399           198           754           565           499           643           602           70            225           
Kaohsiung         474           29            96            177           36            63            158           -             43            961           184           121           166           200           320           133           134           79            156           68            
Laem Chabang      73            19            198           122           55            175           254           33            -             183           91            116           65            159           321           289           425           75            49            65            
Los Angeles       729           142           196           138           50            77            272           310           44            -             609           129           553           250           1024          585           225           89            165           310           
New Jersey        194           888           411           745           36            52            312           133           36            612           -             310           156           827           644           505           192           306           57            149           
Piraeus           133           187           413           271           31            67            586           84            36            134           311           -             127           596           501           371           216           525           53            136           
Qingdao           220           68            179           240           43            76            294           276           40            1387          293           219           -             332           671           227           239           125           96            11            
Rotterdam         258           370           755           494           86            123           1050          161           77            212           971           409           208           -             820           732           362           928           90            220           
Shanghai          679           170           592           705           153           232           753           482           183           1583          835           506           641           925           -             562           941           377           394           251           
Shenzhen          654           149           750           795           203           263           1104          528           156           780           950           662           158           1133          483           -             991           348           121           54            
Singapore         347           129           816           434           244           507           1158          180           240           760           360           417           338           646           1343          990           -             278           88            374           
Tanger Med        132           243           399           410           49            84            625           73            61            111           259           276           91            523           441           348           266           -             53            109           
Tianjin           157           37            141           181           25            46            294           116           30            535           202           172           234           326           491           161           217           102           -             10            
Xiamen            330           61            285           358           35            66            420           293           45            440           417           267           86            451           224           1149          312           144           7             -             


============================================================
Service Route Capacity and Utilization Statistics
============================================================
Route     Name                                Avg Capacity TEU     Avg Carried TEU    Utilization
-------------------------------------------------------------------------------------------------
S1        Asia-Europe-NorthEurope                      189,196              12,884          6.81%
S2        Intra-EastAsia                                10,826                 411          3.80%
S3        SEA-Feeder                                     6,960                 236          3.39%
S4        Transpacific-WestCoast                       125,716               5,354          4.26%
S5        Asia-US-East                                 115,024               3,578          3.11%
S6        Transatlantic-SouthConnector                  22,744                 867          3.81%
S7        IndianOcean-MiddleEast                         7,439                 445          5.98%
-------------------------------------------------------------------------------------------------
TOTAL                                                  477,905              23,775          4.97%


============================================================
Vessel Statistics
============================================================
Metric                                            Average Count
---------------------------------------------------------------
Average vessels sailing                                   36.64
Average vessels waiting for berth at port                  0.63
Average vessels being served at berth                      1.73
---------------------------------------------------------------
TOTAL average active/port vessels                         39.00


Period Result Output: Period 18 (Days 86-90)
Output Simulation Day: 90
Simulation Running Time: 00:05:38

Simulation Progress: Day 95 / 360
Simulation Clock Time: 0001-08-24 00:00:00


============================================================
Shipment Waiting for Loading Statistics
============================================================

TEUs by Demand Matrix
------------------------------------------------------------
Origin Dest       Busan         Cartagena     Colombo       Hamburg       Ho Chi Minh CityJakarta       Jebel Ali     Kaohsiung     Laem Chabang  Los Angeles   New Jersey    Piraeus       Qingdao       Rotterdam     Shanghai      Shenzhen      Singapore     Tanger Med    Tianjin       Xiamen        
----------------------------------------------------------------------------------------------------------------------------------------------------------------------------------------------------------------------------------------------------------------------------------------------------------
Busan             -             3             17            14            3             3             25            96            3             96            22            12            19            20            48            49            20            8             20            14            
Cartagena         3             -             9             19            3             2             11            2             2             8             49            17            4             26            15            13            10            22            2             4             
Colombo           12            8             -             19            13            14            104           12            15            9             24            19            12            30            39            33            63            16            3             11            
Hamburg           6             17            22            -             2             3             29            4             2             10            49            16            5             31            22            23            12            26            3             6             
Ho Chi Minh City  2             1             5             3             -             5             9             2             5             9             3             3             2             5             11            10            16            3             1             2             
Jakarta           3             1             8             4             3             -             11            3             4             8             4             6             2             8             14            13            13            2             1             3             
Jebel Ali         12            7             105           22            11            15            -             10            10            18            21            17            8             32            23            22            52            25            3             10            
Kaohsiung         55            3             10            15            3             5             15            -             5             52            17            8             18            14            38            18            15            7             20            8             
Laem Chabang      2             1             6             4             2             6             10            2             -             9             2             4             2             5             11            9             14            2             1             2             
Los Angeles       33            5             10            5             3             3             11            18            3             -             26            5             25            10            54            29            9             4             10            14            
New Jersey        10            68            20            48            2             3             19            7             2             36            -             23            7             56            31            27            9             16            3             7             
Piraeus           6             8             16            10            2             2             25            6             2             6             14            -             5             22            20            17            11            22            2             5             
Qingdao           19            5             17            17            4             4             24            18            3             75            23            17            -             20            45            15            23            13            8             1             
Rotterdam         9             29            31            18            4             4             46            7             3             16            82            16            10            -             33            31            15            41            4             8             
Shanghai          33            11            26            28            8             10            31            26            9             87            51            20            27            36            -             27            42            16            16            19            
Shenzhen          38            10            31            32            9             11            45            42            8             59            50            26            9             41            21            -             45            15            7             4             
Singapore         15            8             57            18            9             16            92            14            9             44            25            18            14            25            52            45            -             15            3             16            
Tanger Med        6             20            17            15            2             4             23            3             2             5             24            11            5             18            17            16            9             -             3             4             
Tianjin           15            5             17            13            2             5             25            8             2             36            15            11            18            20            37            13            19            7             -             0             
Xiamen            36            4             25            26            3             5             35            22            6             28            27            19            6             30            22            87            29            10            2             -             

Port-Level Shipment Waiting and Vessel Queue Statistics

Port                       Origin Waiting TEU   Transshipment Waiting TEU   Total Waiting TEU   Vessels Waiting
---------------------------------------------------------------------------------------------------------------
Busan                                     490                         153                 643              0.00
Cartagena                                 221                           0                 221              0.00
Colombo                                   456                          22                 478              0.00
Hamburg                                   286                           0                 286              0.00
Ho Chi Minh City                           97                           0                  97              0.05
Jakarta                                   111                           0                 111              0.06
Jebel Ali                                 423                           0                 423              0.00
Kaohsiung                                 326                          56                 382              0.42
Laem Chabang                               95                           0                  95              0.02
Los Angeles                               277                           0                 277              0.00
New Jersey                                396                         141                 537              0.00
Piraeus                                   202                           0                 202              0.00
Qingdao                                   349                          50                 400              0.01
Rotterdam                                 409                           0                 409              0.00
Shanghai                                  521                       1,002               1,523              0.00
Shenzhen                                  505                         136                 641              0.00
Singapore                                 493                         514               1,007              0.01
Tanger Med                                206                          86                 292              0.00
Tianjin                                   269                           0                 269              0.01
Xiamen                                    420                           0                 420              0.02
---------------------------------------------------------------------------------------------------------------
TOTAL                                   6,550                       2,161               8,711              0.61



============================================================
Shipment Being Transported Statistics
============================================================

Average TEUs in Transition by Demand Matrix
------------------------------------------------------------
Origin Dest       Busan         Cartagena     Colombo       Hamburg       Ho Chi Minh CityJakarta       Jebel Ali     Kaohsiung     Laem Chabang  Los Angeles   New Jersey    Piraeus       Qingdao       Rotterdam     Shanghai      Shenzhen      Singapore     Tanger Med    Tianjin       Xiamen        
----------------------------------------------------------------------------------------------------------------------------------------------------------------------------------------------------------------------------------------------------------------------------------------------------------
Busan             -             41            61            165           9             12            118           87            11            453           225           115           7             200           29            39            51            77            6             41            
Cartagena         27            -             64            43            14            19            61            22            18            101           31            38            38            56            122           101           65            37            24            29            
Colombo           50            47            -             138           13            15            66            37            19            74            92            91            47            200           87            92            28            93            20            50            
Hamburg           80            32            177           -             20            28            207           54            21            127           70            30            70            8             248           259           102           25            43            81            
Ho Chi Minh City  11            14            27            39            -             8             55            8             2             68            30            28            12            54            43            47            15            30            8             15            
Jakarta           19            14            35            52            4             -             59            12            5             77            50            56            14            89            49            53            7             26            11            19            
Jebel Ali         61            40            61            127           17            23            -             49            17            138           85            71            43            184           74            86            54            135           21            54            
Kaohsiung         18            17            21            82            8             12            37            -             10            251           80            43            13            90            32            18            26            37            10            13            
Laem Chabang      12            9             25            45            4             6             55            8             -             77            27            40            13            57            41            43            9             26            14            14            
Los Angeles       276           116           109           103           36            34            151           134           28            -             426           90            225           179           424           276           107           69            99            140           
New Jersey        90            39            141           76            13            22            111           72            14            436           -             56            75            80            258           231           71            21            35            73            
Piraeus           60            46            116           19            12            22            137           42            16            78            69            -             55            37            182           156           72            21            30            61            
Qingdao           21            30            33            92            8             11            58            10            8             424           112           76            -             125           9             8             34            48            12            0             
Rotterdam         130           55            247           5             37            47            311           85            37            155           108           27            107           -             348           351           143           29            51            122           
Shanghai          12            81            56            269           21            24            102           19            26            462           285           157           20            336           -             15            58            135           45            5             
Shenzhen          68            66            56            299           21            22            130           15            19            245           285           187           21            381           52            -             41            118           15            10            
Singapore         44            50            28            132           5             9             100           30            7             278           102           107           47            191           74            86            -             87            19            61            
Tanger Med        65            28            122           14            22            35            152           40            25            77            21            10            48            14            172           167           88            -             31            58            
Tianjin           17            19            28            69            5             9             60            8             6             173           81            54            3             124           11            7             31            42            -             0             
Xiamen            34            30            40            136           6             10            69            12            8             144           136           79            10            151           29            14            33            52            1             -             

Completed TEUs by Demand Matrix
------------------------------------------------------------
Origin Dest       Busan         Cartagena     Colombo       Hamburg       Ho Chi Minh CityJakarta       Jebel Ali     Kaohsiung     Laem Chabang  Los Angeles   New Jersey    Piraeus       Qingdao       Rotterdam     Shanghai      Shenzhen      Singapore     Tanger Med    Tianjin       Xiamen        
----------------------------------------------------------------------------------------------------------------------------------------------------------------------------------------------------------------------------------------------------------------------------------------------------------
Busan             -             70            420           456           53            87            679           1626          64            1487          558           338           463           542           1135          633           520           230           313           316           
Cartagena         45            -             153           320           22            45            167           28            22            130           695           214           62            413           214           156           147           367           39            42            
Colombo           335           139           -             542           165           205           1493          173           200           179           376           420           256           818           949           859           752           380           89            257           
Hamburg           171           201           511           -             46            77            754           106           52            172           576           432           139           793           575           558           285           688           82            140           
Ho Chi Minh City  57            33            183           109           -             183           303           32            150           162           91            87            52            160           329           331           489           84            27            74            
Jakarta           106           31            294           155           120           -             370           42            128           202           142           180           62            276           412           387           408           85            40            81            
Jebel Ali         355           85            1236          554           146           197           -             192           134           294           231           410           198           831           565           580           643           648           73            225           
Kaohsiung         662           29            96            213           36            63            158           -             43            961           184           121           195           238           374           148           149           91            236           68            
Laem Chabang      75            19            198           130           62            186           309           33            -             183           91            129           65            165           321           305           452           77            53            65            
Los Angeles       792           142           196           147           65            77            302           310           54            -             609           137           553           279           1146          645           239           97            186           310           
New Jersey        201           888           427           766           36            55            347           133           36            612           -             410           156           845           644           505           221           318           63            149           
Piraeus           153           187           413           301           37            70            629           84            41            134           311           -             127           653           501           418           227           576           58            136           
Qingdao           304           68            179           258           43            76            294           276           40            1387          293           219           -             366           726           227           339           138           102           11            
Rotterdam         290           370           755           534           94            130           1143          161           91            212           971           446           208           -             820           824           384           1042          97            220           
Shanghai          768           170           592           789           169           232           792           482           197           1583          835           533           641           988           -             634           1063          405           420           251           
Shenzhen          846           149           750           876           210           263           1173          528           166           780           950           686           171           1234          529           -             1124          369           150           54            
Singapore         390           129           816           474           260           548           1322          180           254           760           360           428           338           697           1343          1162          -             307           92            374           
Tanger Med        146           243           399           430           53            86            680           73            64            111           259           303           91            563           441           404           285           -             55            109           
Tianjin           230           37            141           199           25            46            294           116           30            535           202           172           265           349           537           161           297           113           -             10            
Xiamen            392           61            285           396           35            66            420           293           45            440           417           267           96            472           249           1149          445           156           8             -             


============================================================
Service Route Capacity and Utilization Statistics
============================================================
Route     Name                                Avg Capacity TEU     Avg Carried TEU    Utilization
-------------------------------------------------------------------------------------------------
S1        Asia-Europe-NorthEurope                      189,088              12,891          6.82%
S2        Intra-EastAsia                                10,958                 426          3.89%
S3        SEA-Feeder                                     6,958                 235          3.38%
S4        Transpacific-WestCoast                       125,806               5,337          4.24%
S5        Asia-US-East                                 115,038               3,584          3.12%
S6        Transatlantic-SouthConnector                  22,750                 863          3.80%
S7        IndianOcean-MiddleEast                         7,442                 446          6.00%
-------------------------------------------------------------------------------------------------
TOTAL                                                  478,039              23,783          4.98%


============================================================
Vessel Statistics
============================================================
Metric                                            Average Count
---------------------------------------------------------------
Average vessels sailing                                   36.66
Average vessels waiting for berth at port                  0.61
Average vessels being served at berth                      1.73
---------------------------------------------------------------
TOTAL average active/port vessels                         39.00


Period Result Output: Period 19 (Days 91-95)
Output Simulation Day: 95
Simulation Running Time: 00:05:48

Simulation Progress: Day 100 / 360
Simulation Clock Time: 0001-08-29 00:00:00


============================================================
Shipment Waiting for Loading Statistics
============================================================

TEUs by Demand Matrix
------------------------------------------------------------
Origin Dest       Busan         Cartagena     Colombo       Hamburg       Ho Chi Minh CityJakarta       Jebel Ali     Kaohsiung     Laem Chabang  Los Angeles   New Jersey    Piraeus       Qingdao       Rotterdam     Shanghai      Shenzhen      Singapore     Tanger Med    Tianjin       Xiamen        
----------------------------------------------------------------------------------------------------------------------------------------------------------------------------------------------------------------------------------------------------------------------------------------------------------
Busan             -             3             17            14            3             3             25            96            3             94            21            11            18            20            48            48            20            8             19            14            
Cartagena         3             -             10            20            3             2             12            2             2             9             52            19            4             28            16            13            10            23            2             4             
Colombo           12            8             -             19            12            14            106           11            15            8             24            19            12            31            39            34            61            17            3             11            
Hamburg           6             16            21            -             2             3             28            4             2             9             47            16            5             31            22            23            11            25            3             6             
Ho Chi Minh City  2             1             5             3             -             5             10            2             5             9             3             3             2             5             11            10            16            3             1             2             
Jakarta           3             1             8             4             3             -             10            3             4             8             4             6             2             8             13            13            13            2             1             3             
Jebel Ali         13            7             103           23            11            14            -             11            9             18            21            19            8             33            23            22            50            26            3             10            
Kaohsiung         53            3             10            14            3             5             14            -             5             52            16            8             18            14            37            17            15            7             19            7             
Laem Chabang      2             1             6             4             2             6             10            2             -             9             2             4             2             5             11            9             14            2             1             2             
Los Angeles       36            6             10            6             4             3             12            19            3             -             29            5             28            11            58            31            10            5             11            15            
New Jersey        10            70            21            49            2             3             20            8             2             38            -             24            8             58            33            28            10            17            3             8             
Piraeus           5             8             17            10            1             2             25            6             2             6             15            -             5             23            20            18            10            22            2             5             
Qingdao           19            5             17            17            4             4             23            17            3             72            23            16            -             19            44            15            22            12            8             1             
Rotterdam         9             28            30            18            3             5             45            7             3             15            79            16            10            -             33            30            15            40            4             8             
Shanghai          33            11            26            28            8             10            31            25            9             85            49            20            27            36            -             26            41            15            17            18            
Shenzhen          37            10            31            32            9             11            45            41            8             57            50            26            9             41            21            -             45            15            7             4             
Singapore         15            8             59            17            8             17            95            14            9             44            26            18            14            24            54            48            -             14            3             16            
Tanger Med        6             19            17            15            2             4             23            3             2             5             23            12            5             18            18            16            9             -             3             4             
Tianjin           15            5             17            13            2             5             24            8             2             36            15            11            18            19            36            12            19            7             -             1             
Xiamen            34            4             24            25            3             5             34            21            5             27            26            18            6             29            21            84            27            10            2             -             

Port-Level Shipment Waiting and Vessel Queue Statistics

Port                       Origin Waiting TEU   Transshipment Waiting TEU   Total Waiting TEU   Vessels Waiting
---------------------------------------------------------------------------------------------------------------
Busan                                     486                         151                 637              0.00
Cartagena                                 233                           0                 233              0.00
Colombo                                   456                          23                 479              0.00
Hamburg                                   278                           0                 278              0.00
Ho Chi Minh City                           97                           0                  97              0.05
Jakarta                                   110                           0                 110              0.06
Jebel Ali                                 423                           0                 423              0.00
Kaohsiung                                 317                          61                 378              0.40
Laem Chabang                               95                           0                  95              0.02
Los Angeles                               301                           0                 301              0.00
New Jersey                                412                         141                 553              0.00
Piraeus                                   204                           0                 204              0.00
Qingdao                                   342                          49                 391              0.01
Rotterdam                                 398                           0                 398              0.00
Shanghai                                  516                         999               1,515              0.00
Shenzhen                                  499                         139                 638              0.00
Singapore                                 503                         531               1,035              0.01
Tanger Med                                204                          85                 288              0.00
Tianjin                                   265                           0                 265              0.01
Xiamen                                    405                           0                 405              0.02
---------------------------------------------------------------------------------------------------------------
TOTAL                                   6,546                       2,180               8,726              0.59



============================================================
Shipment Being Transported Statistics
============================================================

Average TEUs in Transition by Demand Matrix
------------------------------------------------------------
Origin Dest       Busan         Cartagena     Colombo       Hamburg       Ho Chi Minh CityJakarta       Jebel Ali     Kaohsiung     Laem Chabang  Los Angeles   New Jersey    Piraeus       Qingdao       Rotterdam     Shanghai      Shenzhen      Singapore     Tanger Med    Tianjin       Xiamen        
----------------------------------------------------------------------------------------------------------------------------------------------------------------------------------------------------------------------------------------------------------------------------------------------------------
Busan             -             42            61            162           9             12            117           86            11            462           225           115           7             200           29            39            50            76            6             40            
Cartagena         27            -             64            41            14            19            60            21            18            101           30            37            38            53            120           100           64            35            24            28            
Colombo           50            47            -             136           14            15            63            37            19            75            95            90            46            198           87            91            31            93            19            49            
Hamburg           80            33            179           -             20            28            209           54            21            128           73            30            70            8             248           261           103           25            43            81            
Ho Chi Minh City  11            14            27            39            -             8             56            8             2             69            30            28            12            55            43            47            16            29            8             15            
Jakarta           18            14            35            51            4             -             59            13            6             78            50            57            13            88            48            53            6             26            11            18            
Jebel Ali         60            40            61            127           17            23            -             48            18            139           88            71            43            182           74            85            55            133           21            53            
Kaohsiung         19            18            22            82            8             12            38            -             11            254           81            43            13            89            33            18            28            37            10            13            
Laem Chabang      12            9             25            45            4             6             55            9             -             78            27            40            12            57            41            43            10            26            13            14            
Los Angeles       272           117           109           102           36            33            149           132           28            -             425           89            222           176           420           273           106           69            99            138           
New Jersey        89            40            140           72            14            22            109           71            14            434           -             54            75            77            255           230           71            20            35            72            
Piraeus           60            46            115           19            13            22            138           43            16            79            70            -             55            37            182           157           74            20            30            60            
Qingdao           21            31            34            92            8             12            61            10            9             429           114           77            -             123           9             8             33            50            13            0             
Rotterdam         130           57            248           5             37            47            314           85            37            157           112           27            107           -             347           350           145           30            51            120           
Shanghai          11            82            57            268           22            26            104           19            26            467           291           158           19            336           -             15            57            134           45            4             
Shenzhen          67            67            55            300           21            23            132           15            20            251           289           186           21            379           51            -             40            117           16            10            
Singapore         43            51            27            132           5             9             96            31            7             284           104           107           46            190           71            84            -             88            19            60            
Tanger Med        65            30            122           14            22            35            152           40            25            77            23            11            48            14            171           167           88            -             31            57            
Tianjin           17            19            30            69            5             9             63            8             6             175           82            54            3             123           10            7             31            42            -             0             
Xiamen            39            31            41            135           6             10            75            11            9             147           137           80            10            152           32            14            33            53            1             -             

Completed TEUs by Demand Matrix
------------------------------------------------------------
Origin Dest       Busan         Cartagena     Colombo       Hamburg       Ho Chi Minh CityJakarta       Jebel Ali     Kaohsiung     Laem Chabang  Los Angeles   New Jersey    Piraeus       Qingdao       Rotterdam     Shanghai      Shenzhen      Singapore     Tanger Med    Tianjin       Xiamen        
----------------------------------------------------------------------------------------------------------------------------------------------------------------------------------------------------------------------------------------------------------------------------------------------------------
Busan             -             70            455           467           58            87            679           1798          67            1487          558           338           487           545           1256          705           520           234           313           338           
Cartagena         45            -             153           328           32            45            167           38            32            130           695           214           62            435           270           209           147           367           39            42            
Colombo           335           139           -             568           165           205           1493          226           200           179           376           420           296           851           1026          895           867           398           89            285           
Hamburg           171           201           550           -             51            77            754           117           54            172           701           432           153           892           611           610           285           738           82            158           
Ho Chi Minh City  57            33            183           115           -             183           303           38            157           162           91            87            63            167           356           351           533           92            27            78            
Jakarta           106           31            294           155           125           -             370           57            139           202           142           180           75            276           442           411           428           85            40            92            
Jebel Ali         355           85            1453          581           146           197           -             239           134           294           231           410           224           872           595           610           730           672           73            261           
Kaohsiung         727           29            108           213           38            63            158           -             44            961           184           121           232           238           467           223           149           91            236           104           
Laem Chabang      75            19            198           136           69            186           309           44            -             183           91            129           68            177           355           331           480           83            53            71            
Los Angeles       792           142           215           154           68            77            302           341           57            -             609           137           612           290           1146          696           239           103           186           332           
New Jersey        201           888           427           778           41            55            347           163           39            612           -             410           159           880           715           575           221           318           63            155           
Piraeus           153           187           455           319           39            70            629           101           43            134           400           -             139           694           535           437           227           607           58            149           
Qingdao           338           68            269           258           61            76            294           296           56            1387          293           219           -             366           726           249           339           138           102           11            
Rotterdam         290           370           829           562           101           130           1143          174           96            212           1162          446           228           -             861           868           384           1111          97            254           
Shanghai          768           170           658           824           204           232           792           534           223           1583          835           533           734           1027          -             672           1063          431           420           270           
Shenzhen          917           149           812           932           234           263           1173          579           202           780           950           686           197           1292          551           -             1124          389           150           80            
Singapore         390           129           816           482           280           548           1322          244           265           760           360           428           392           721           1408          1240          -             320           92            428           
Tanger Med        146           243           429           444           56            86            680           85            68            111           331           303           105           578           478           419           285           -             55            128           
Tianjin           240           37            218           199           37            46            294           138           39            535           202           172           265           349           537           177           297           113           -             10            
Xiamen            436           61            392           396           48            66            420           318           66            440           417           267           98            472           255           1246          445           156           8             -             


============================================================
Service Route Capacity and Utilization Statistics
============================================================
Route     Name                                Avg Capacity TEU     Avg Carried TEU    Utilization
-------------------------------------------------------------------------------------------------
S1        Asia-Europe-NorthEurope                      189,053              12,894          6.82%
S2        Intra-EastAsia                                11,060                 430          3.88%
S3        SEA-Feeder                                     6,952                 239          3.44%
S4        Transpacific-WestCoast                       125,927               5,343          4.24%
S5        Asia-US-East                                 115,039               3,594          3.12%
S6        Transatlantic-SouthConnector                  22,748                 860          3.78%
S7        IndianOcean-MiddleEast                         7,429                 441          5.94%
-------------------------------------------------------------------------------------------------
TOTAL                                                  478,208              23,801          4.98%


============================================================
Vessel Statistics
============================================================
Metric                                            Average Count
---------------------------------------------------------------
Average vessels sailing                                   36.68
Average vessels waiting for berth at port                  0.59
Average vessels being served at berth                      1.73
---------------------------------------------------------------
TOTAL average active/port vessels                         39.00


Period Result Output: Period 20 (Days 96-100)
Output Simulation Day: 100
Simulation Running Time: 00:05:58

Simulation Progress: Day 105 / 360
Simulation Clock Time: 0001-09-03 00:00:00


============================================================
Shipment Waiting for Loading Statistics
============================================================

TEUs by Demand Matrix
------------------------------------------------------------
Origin Dest       Busan         Cartagena     Colombo       Hamburg       Ho Chi Minh CityJakarta       Jebel Ali     Kaohsiung     Laem Chabang  Los Angeles   New Jersey    Piraeus       Qingdao       Rotterdam     Shanghai      Shenzhen      Singapore     Tanger Med    Tianjin       Xiamen        
----------------------------------------------------------------------------------------------------------------------------------------------------------------------------------------------------------------------------------------------------------------------------------------------------------
Busan             -             3             16            15            3             3             25            96            3             92            21            11            19            20            49            47            20            8             19            14            
Cartagena         3             -             10            20            3             2             12            2             2             9             53            20            4             28            16            13            10            23            2             4             
Colombo           12            8             -             19            13            14            106           12            15            8             24            18            13            31            40            36            60            17            3             11            
Hamburg           5             16            21            -             2             3             28            4             2             9             46            16            5             31            22            22            11            25            3             6             
Ho Chi Minh City  2             1             5             3             -             5             10            2             5             9             3             3             2             5             11            10            16            3             1             2             
Jakarta           3             1             8             4             3             -             11            3             4             8             4             6             2             7             13            13            13            2             1             3             
Jebel Ali         13            7             105           22            11            14            -             11            9             18            22            18            8             32            23            23            50            26            3             10            
Kaohsiung         53            3             10            14            3             5             14            -             4             51            16            8             18            14            36            17            15            7             19            7             
Laem Chabang      2             1             6             4             2             6             10            2             -             9             3             4             2             5             11            10            14            2             1             2             
Los Angeles       41            7             11            7             4             4             13            21            3             -             33            6             31            12            64            35            11            5             12            17            
New Jersey        11            67            23            52            2             3             21            8             2             40            -             26            9             62            36            31            11            19            4             8             
Piraeus           5             8             16            10            1             2             24            6             2             6             15            -             5             23            19            18            10            22            2             5             
Qingdao           19            5             16            17            4             4             22            17            3             71            22            16            -             19            43            14            22            12            7             1             
Rotterdam         9             28            29            18            3             5             46            7             3             15            78            15            9             -             33            30            15            39            4             8             
Shanghai          33            10            26            28            8             10            33            26            9             86            49            20            27            36            -             27            42            16            17            18            
Shenzhen          37            10            32            32            9             11            45            41            8             56            48            26            9             42            21            -             46            15            7             4             
Singapore         15            7             57            17            8             16            93            14            9             43            25            18            14            24            53            47            -             14            3             16            
Tanger Med        6             18            16            16            2             4             23            3             2             5             22            11            5             18            18            16            9             -             2             4             
Tianjin           14            4             16            13            2             5             23            8             2             35            14            11            18            19            35            12            19            7             -             0             
Xiamen            34            4             23            25            3             4             34            20            5             26            25            18            6             28            20            82            27            10            2             -             

Port-Level Shipment Waiting and Vessel Queue Statistics

Port                       Origin Waiting TEU   Transshipment Waiting TEU   Total Waiting TEU   Vessels Waiting
---------------------------------------------------------------------------------------------------------------
Busan                                     485                         148                 634              0.00
Cartagena                                 237                           0                 237              0.00
Colombo                                   461                          24                 485              0.01
Hamburg                                   278                           0                 278              0.00
Ho Chi Minh City                           98                           0                  98              0.06
Jakarta                                   110                           0                 110              0.06
Jebel Ali                                 424                           0                 424              0.00
Kaohsiung                                 312                          58                 370              0.38
Laem Chabang                               96                           0                  96              0.02
Los Angeles                               339                           0                 339              0.00
New Jersey                                437                         138                 575              0.00
Piraeus                                   202                           0                 202              0.00
Qingdao                                   335                          49                 384              0.01
Rotterdam                                 396                           0                 396              0.00
Shanghai                                  521                         996               1,517              0.00
Shenzhen                                  497                         136                 633              0.00
Singapore                                 492                         522               1,014              0.01
Tanger Med                                201                          81                 282              0.00
Tianjin                                   257                           0                 257              0.01
Xiamen                                    398                           0                 398              0.02
---------------------------------------------------------------------------------------------------------------
TOTAL                                   6,574                       2,154               8,728              0.58



============================================================
Shipment Being Transported Statistics
============================================================

Average TEUs in Transition by Demand Matrix
------------------------------------------------------------
Origin Dest       Busan         Cartagena     Colombo       Hamburg       Ho Chi Minh CityJakarta       Jebel Ali     Kaohsiung     Laem Chabang  Los Angeles   New Jersey    Piraeus       Qingdao       Rotterdam     Shanghai      Shenzhen      Singapore     Tanger Med    Tianjin       Xiamen        
----------------------------------------------------------------------------------------------------------------------------------------------------------------------------------------------------------------------------------------------------------------------------------------------------------
Busan             -             42            61            160           9             11            116           87            11            473           226           115           7             200           30            38            50            75            5             39            
Cartagena         27            -             63            40            14            19            60            21            17            101           32            36            38            53            120           99            64            35            24            28            
Colombo           50            48            -             135           14            15            64            37            19            76            98            91            46            197           86            91            30            94            19            49            
Hamburg           80            34            182           -             20            28            210           53            21            128           71            30            70            8             248           261           103           24            43            81            
Ho Chi Minh City  11            14            28            39            -             7             57            9             2             70            30            28            12            56            44            47            16            29            8             15            
Jakarta           18            15            35            51            4             -             59            13            6             79            50            56            13            88            49            53            6             26            11            18            
Jebel Ali         59            40            58            128           17            22            -             48            18            141           91            72            43            182           75            85            53            134           21            53            
Kaohsiung         18            18            23            83            8             13            40            -             11            258           81            43            13            89            32            18            28            38            10            12            
Laem Chabang      12            9             26            45            4             6             56            9             -             78            27            39            12            57            41            42            9             26            13            14            
Los Angeles       267           117           107           101           35            33            146           130           27            -             424           89            219           173           412           268           105           68            98            136           
New Jersey        88            43            139           69            13            22            107           69            14            432           -             52            75            73            250           226           70            19            35            71            
Piraeus           59            46            114           19            13            22            139           43            16            79            69            -             55            37            183           159           74            20            30            60            
Qingdao           21            31            35            93            8             12            61            10            9             434           116           79            -             122           9             8             33            52            13            0             
Rotterdam         129           59            249           5             37            47            314           84            37            159           110           27            108           -             346           350           145           29            51            118           
Shanghai          12            83            57            268           22            26            104           18            26            472           298           157           19            335           -             14            56            134           44            5             
Shenzhen          65            68            54            301           20            23            131           15            20            258           295           184           21            378           49            -             39            117           15            10            
Singapore         43            52            29            133           5             9             101           32            7             292           108           106           46            189           74            87            -             88            19            60            
Tanger Med        66            31            123           13            22            35            153           39            25            78            23            11            48            13            172           168           88            -             31            56            
Tianjin           18            20            30            70            5             9             64            9             6             180           84            55            3             122           11            7             31            42            -             0             
Xiamen            44            31            41            136           6             10            77            11            9             150           139           82            11            153           35            14            33            54            2             -             

Completed TEUs by Demand Matrix
------------------------------------------------------------
Origin Dest       Busan         Cartagena     Colombo       Hamburg       Ho Chi Minh CityJakarta       Jebel Ali     Kaohsiung     Laem Chabang  Los Angeles   New Jersey    Piraeus       Qingdao       Rotterdam     Shanghai      Shenzhen      Singapore     Tanger Med    Tianjin       Xiamen        
----------------------------------------------------------------------------------------------------------------------------------------------------------------------------------------------------------------------------------------------------------------------------------------------------------
Busan             -             85            502           467           65            91            741           1798          74            1487          558           350           529           545           1370          742           560           242           337           362           
Cartagena         57            -             165           328           32            45            167           38            32            130           695           225           77            435           270           209           158           367           39            51            
Colombo           363           147           -             568           191           234           1493          226           229           179           376           451           329           851           1026          895           867           426           95            311           
Hamburg           182           252           550           -             52            77            842           117           56            172           728           487           161           892           611           610           322           764           93            168           
Ho Chi Minh City  63            35            208           115           -             193           303           40            162           162           91            92            67            167           356           351           533           97            30            82            
Jakarta           111           32            322           155           129           -             370           57            153           202           142           209           80            276           442           411           456           90            50            97            
Jebel Ali         367           85            1453          581           166           222           -             244           160           294           231           454           240           872           595           610           730           744           86            276           
Kaohsiung         727           34            144           213           47            67            175           -             67            961           184           121           250           238           505           233           205           91            257           113           
Laem Chabang      77            23            228           136           75            205           309           46            -             183           91            138           75            177           355           331           482           88            53            73            
Los Angeles       842           154           239           154           75            81            321           341           59            -             609           137           669           290           1265          696           254           103           214           364           
New Jersey        233           1053          458           778           41            56            347           163           39            612           -             425           184           880           715           596           242           318           64            169           
Piraeus           165           229           455           319           42            70            693           101           48            134           400           -             145           694           535           437           256           653           69            161           
Qingdao           346           71            289           258           64            93            391           296           62            1387          293           219           -             366           778           269           366           138           135           11            
Rotterdam         317           452           829           562           103           130           1266          174           105           212           1202          497           246           -             861           868           421           1169          104           276           
Shanghai          845           193           707           824           228           273           885           534           241           1583          835           597           784           1027          -             672           1138          457           458           294           
Shenzhen          917           163           856           932           245           310           1318          640           218           780           950           744           222           1292          582           -             1196          435           177           88            
Singapore         415           143           933           482           293           598           1322          244           278           760           360           465           410           721           1408          1240          -             352           100           463           
Tanger Med        155           297           429           444           61            86            722           85            76            111           338           349           112           578           478           419           305           -             61            133           
Tianjin           264           38            235           199           40            68            393           138           45            535           202           172           295           349           582           192           319           113           -             12            
Xiamen            436           68            413           396           54            89            569           341           74            440           417           267           108           472           286           1340          474           156           9             -             


============================================================
Service Route Capacity and Utilization Statistics
============================================================
Route     Name                                Avg Capacity TEU     Avg Carried TEU    Utilization
-------------------------------------------------------------------------------------------------
S1        Asia-Europe-NorthEurope                      189,052              12,924          6.84%
S2        Intra-EastAsia                                11,092                 428          3.86%
S3        SEA-Feeder                                     6,946                 240          3.45%
S4        Transpacific-WestCoast                       125,944               5,364          4.26%
S5        Asia-US-East                                 115,035               3,617          3.14%
S6        Transatlantic-SouthConnector                  22,761                 856          3.76%
S7        IndianOcean-MiddleEast                         7,441                 446          6.00%
-------------------------------------------------------------------------------------------------
TOTAL                                                  478,271              23,875          4.99%


============================================================
Vessel Statistics
============================================================
Metric                                            Average Count
---------------------------------------------------------------
Average vessels sailing                                   36.68
Average vessels waiting for berth at port                  0.58
Average vessels being served at berth                      1.74
---------------------------------------------------------------
TOTAL average active/port vessels                         39.00


Period Result Output: Period 21 (Days 101-105)
Output Simulation Day: 105
Simulation Running Time: 00:06:08

Simulation Progress: Day 110 / 360
Simulation Clock Time: 0001-09-08 00:00:00


============================================================
Shipment Waiting for Loading Statistics
============================================================

TEUs by Demand Matrix
------------------------------------------------------------
Origin Dest       Busan         Cartagena     Colombo       Hamburg       Ho Chi Minh CityJakarta       Jebel Ali     Kaohsiung     Laem Chabang  Los Angeles   New Jersey    Piraeus       Qingdao       Rotterdam     Shanghai      Shenzhen      Singapore     Tanger Med    Tianjin       Xiamen        
----------------------------------------------------------------------------------------------------------------------------------------------------------------------------------------------------------------------------------------------------------------------------------------------------------
Busan             -             3             16            15            3             3             25            95            3             91            22            11            18            20            49            46            20            8             19            13            
Cartagena         3             -             10            20            2             2             12            2             2             9             52            19            4             27            16            12            10            23            2             4             
Colombo           12            8             -             19            13            14            105           12            15            8             24            18            12            30            39            36            62            16            3             11            
Hamburg           5             16            21            -             2             3             28            4             2             9             48            17            5             32            22            22            11            25            3             6             
Ho Chi Minh City  2             1             6             3             -             5             10            2             5             8             3             3             2             5             11            10            16            3             1             2             
Jakarta           3             1             8             4             3             -             11            3             4             8             4             6             2             7             13            13            13            2             1             3             
Jebel Ali         12            8             105           22            11            14            -             10            9             17            21            19            8             33            22            22            50            26            3             10            
Kaohsiung         51            3             9             14            3             5             14            -             4             50            15            8             17            14            35            16            14            7             18            7             
Laem Chabang      2             1             6             4             2             6             10            2             -             9             3             4             2             5             11            9             14            2             1             2             
Los Angeles       45            8             12            8             4             4             15            24            4             -             37            7             34            14            70            39            12            6             13            18            
New Jersey        11            66            23            52            2             3             21            8             2             40            -             26            9             62            36            31            11            19            4             8             
Piraeus           5             8             16            10            1             2             24            6             2             6             14            -             5             23            19            17            10            22            2             5             
Qingdao           19            5             16            16            4             4             22            17            3             70            22            16            -             18            42            14            22            12            7             1             
Rotterdam         9             29            29            18            3             5             46            7             3             15            80            15            10            -             34            30            15            40            4             8             
Shanghai          33            10            26            28            8             10            32            25            9             84            49            21            26            35            -             26            41            16            17            18            
Shenzhen          37            10            31            32            9             11            45            40            8             55            49            26            8             42            21            -             45            15            7             4             
Singapore         16            7             58            18            8             16            93            14            9             43            24            18            14            26            53            48            -             14            3             16            
Tanger Med        6             18            17            15            2             4             24            3             2             5             22            11            5             18            18            17            9             -             2             5             
Tianjin           14            4             16            12            2             5             23            8             2             34            14            10            18            18            34            12            18            7             -             1             
Xiamen            33            4             23            24            3             4             34            20            5             27            25            17            6             28            20            81            27            10            2             -             

Port-Level Shipment Waiting and Vessel Queue Statistics

Port                       Origin Waiting TEU   Transshipment Waiting TEU   Total Waiting TEU   Vessels Waiting
---------------------------------------------------------------------------------------------------------------
Busan                                     479                         147                 626              0.00
Cartagena                                 230                           0                 230              0.00
Colombo                                   458                          23                 481              0.01
Hamburg                                   282                           0                 282              0.00
Ho Chi Minh City                           98                           0                  98              0.05
Jakarta                                   110                           0                 110              0.06
Jebel Ali                                 421                           0                 421              0.00
Kaohsiung                                 303                          56                 359              0.36
Laem Chabang                               95                           0                  95              0.02
Los Angeles                               373                           0                 373              0.00
New Jersey                                434                         139                 572              0.00
Piraeus                                   200                           0                 200              0.00
Qingdao                                   329                          49                 377              0.01
Rotterdam                                 401                           0                 401              0.00
Shanghai                                  515                       1,010               1,525              0.00
Shenzhen                                  494                         135                 629              0.00
Singapore                                 498                         520               1,018              0.01
Tanger Med                                203                          80                 283              0.00
Tianjin                                   253                           0                 253              0.01
Xiamen                                    392                           0                 392              0.02
---------------------------------------------------------------------------------------------------------------
TOTAL                                   6,568                       2,159               8,727              0.56



============================================================
Shipment Being Transported Statistics
============================================================

Average TEUs in Transition by Demand Matrix
------------------------------------------------------------
Origin Dest       Busan         Cartagena     Colombo       Hamburg       Ho Chi Minh CityJakarta       Jebel Ali     Kaohsiung     Laem Chabang  Los Angeles   New Jersey    Piraeus       Qingdao       Rotterdam     Shanghai      Shenzhen      Singapore     Tanger Med    Tianjin       Xiamen        
----------------------------------------------------------------------------------------------------------------------------------------------------------------------------------------------------------------------------------------------------------------------------------------------------------
Busan             -             42            59            160           9             11            116           86            11            486           226           115           7             201           29            38            51            75            6             39            
Cartagena         27            -             64            41            14            19            61            20            18            102           34            38            38            54            120           99            64            36            24            28            
Colombo           50            49            -             134           13            14            65            37            19            77            99            90            46            198           86            93            28            95            19            49            
Hamburg           80            33            183           -             20            28            210           53            21            129           69            30            70            8             247           262           104           24            43            81            
Ho Chi Minh City  11            14            28            38            -             7             58            9             2             71            30            28            12            57            43            47            15            29            9             15            
Jakarta           18            15            34            52            4             -             60            13            6             81            49            56            14            87            49            52            6             26            10            18            
Jebel Ali         60            41            63            128           17            22            -             47            18            144           92            73            43            182           75            85            52            132           21            53            
Kaohsiung         19            18            22            83            8             13            41            -             11            263           82            44            13            89            32            18            28            38            10            12            
Laem Chabang      12            9             26            45            4             6             57            9             -             80            27            39            12            57            40            42            9             26            13            14            
Los Angeles       263           117           106           100           35            33            144           128           27            -             423           89            215           171           405           264           104           68            97            134           
New Jersey        87            43            139           70            14            22            106           68            14            434           -             52            75            75            251           226           70            20            35            71            
Piraeus           59            46            114           19            13            21            139           44            16            80            69            -             56            38            184           161           74            21            30            60            
Qingdao           21            32            34            94            8             12            61            10            9             442           118           80            -             122           9             8             34            54            13            0             
Rotterdam         129           57            249           5             37            48            314           83            36            161           106           26            108           -             345           350           146           30            51            116           
Shanghai          11            83            57            268           21            26            106           18            25            484           299           157           18            335           -             14            57            135           44            5             
Shenzhen          63            68            55            301           20            22            131           14            19            266           293           184           20            378           49            -             40            116           15            10            
Singapore         43            53            28            134           5             9             101           31            7             300           109           105           46            187           72            86            -             88            18            59            
Tanger Med        66            30            123           14            22            35            153           39            24            78            22            10            49            14            171           168           87            -             31            55            
Tianjin           17            21            29            72            5             9             64            9             6             185           85            56            3             123           11            7             32            42            -             0             
Xiamen            47            31            41            137           6             10            79            11            9             153           141           83            11            155           34            14            32            55            2             -             

Completed TEUs by Demand Matrix
------------------------------------------------------------
Origin Dest       Busan         Cartagena     Colombo       Hamburg       Ho Chi Minh CityJakarta       Jebel Ali     Kaohsiung     Laem Chabang  Los Angeles   New Jersey    Piraeus       Qingdao       Rotterdam     Shanghai      Shenzhen      Singapore     Tanger Med    Tianjin       Xiamen        
----------------------------------------------------------------------------------------------------------------------------------------------------------------------------------------------------------------------------------------------------------------------------------------------------------
Busan             -             85            502           479           65            93            780           2044          74            1487          674           384           546           570           1406          742           560           242           356           362           
Cartagena         57            -             165           328           32            46            167           38            32            156           853           225           77            435           285           209           158           367           48            51            
Colombo           363           147           -             607           191           234           1699          258           229           184           494           473           329           902           1102          986           867           426           99            311           
Hamburg           182           258           609           -             52            79            857           125           56            195           758           487           161           983           658           659           338           764           96            168           
Ho Chi Minh City  63            35            208           119           -             207           348           51            162           181           105           101           67            175           401           390           571           97            34            82            
Jakarta           111           32            322           172           129           -             426           69            155           209           170           220           80            302           465           446           481           90            50            97            
Jebel Ali         367           85            1453          633           166           222           -             261           160           319           317           481           240           937           652           655           730           744           91            276           
Kaohsiung         800           34            144           213           47            82            223           -             67            1184          193           121           271           238           540           233           205           91            272           113           
Laem Chabang      77            23            228           141           75            223           363           53            -             195           104           148           75            185           394           363           515           88            55            73            
Los Angeles       842           154           239           154           75            85            338           346           59            -             732           157           681           290           1265          760           254           103           246           364           
New Jersey        233           1087          494           778           41            63            347           168           39            741           -             425           184           880           757           596           242           318           72            169           
Piraeus           165           229           488           348           42            75            719           102           48            147           430           -             145           762           583           467           287           653           72            161           
Qingdao           365           71            289           258           64            99            418           336           62            1667          315           219           -             366           831           269           366           138           147           11            
Rotterdam         317           464           888           605           103           138           1294          197           105           250           1254          497           246           -             927           924           470           1169          110           276           
Shanghai          845           193           707           887           228           291           958           596           241           1915          1071          615           793           1110          -             715           1138          457           510           294           
Shenzhen          980           163           856           1054          245           318           1393          640           218           780           1197          771           235           1366          619           -             1196          435           191           88            
Singapore         415           143           933           521           293           631           1531          286           279           761           475           491           410           777           1534          1377          -             352           107           463           
Tanger Med        155           307           465           474           61            100           735           94            76            127           350           349           112           640           511           450           328           -             66            133           
Tianjin           275           38            235           199           40            71            423           155           45            535           223           172           331           349           616           192           319           113           -             12            
Xiamen            478           68            413           396           54            93            613           341           74            440           436           267           115           472           362           1340          474           156           10            -             


============================================================
Service Route Capacity and Utilization Statistics
============================================================
Route     Name                                Avg Capacity TEU     Avg Carried TEU    Utilization
-------------------------------------------------------------------------------------------------
S1        Asia-Europe-NorthEurope                      189,086              12,930          6.84%
S2        Intra-EastAsia                                11,194                 429          3.83%
S3        SEA-Feeder                                     6,960                 239          3.44%
S4        Transpacific-WestCoast                       125,932               5,401          4.29%
S5        Asia-US-East                                 114,996               3,625          3.15%
S6        Transatlantic-SouthConnector                  22,770                 865          3.80%
S7        IndianOcean-MiddleEast                         7,444                 447          6.00%
-------------------------------------------------------------------------------------------------
TOTAL                                                  478,381              23,935          5.00%


============================================================
Vessel Statistics
============================================================
Metric                                            Average Count
---------------------------------------------------------------
Average vessels sailing                                   36.70
Average vessels waiting for berth at port                  0.56
Average vessels being served at berth                      1.74
---------------------------------------------------------------
TOTAL average active/port vessels                         39.00


Period Result Output: Period 22 (Days 106-110)
Output Simulation Day: 110
Simulation Running Time: 00:06:17

Simulation Progress: Day 115 / 360
Simulation Clock Time: 0001-09-13 00:00:00


============================================================
Shipment Waiting for Loading Statistics
============================================================

TEUs by Demand Matrix
------------------------------------------------------------
Origin Dest       Busan         Cartagena     Colombo       Hamburg       Ho Chi Minh CityJakarta       Jebel Ali     Kaohsiung     Laem Chabang  Los Angeles   New Jersey    Piraeus       Qingdao       Rotterdam     Shanghai      Shenzhen      Singapore     Tanger Med    Tianjin       Xiamen        
----------------------------------------------------------------------------------------------------------------------------------------------------------------------------------------------------------------------------------------------------------------------------------------------------------
Busan             -             3             17            15            3             3             26            97            3             93            23            12            19            21            51            45            21            9             19            14            
Cartagena         3             -             10            19            2             2             11            2             2             8             50            18            4             26            15            12            9             22            2             3             
Colombo           12            8             -             19            13            14            107           11            15            8             23            18            12            31            39            35            60            16            3             11            
Hamburg           5             17            21            -             2             3             29            4             2             9             51            16            5             31            22            23            11            25            3             6             
Ho Chi Minh City  2             1             6             3             -             5             10            2             4             8             3             3             2             5             11            10            16            3             1             2             
Jakarta           3             1             8             4             3             -             11            3             4             8             4             6             2             8             13            13            13            2             1             3             
Jebel Ali         12            8             105           22            10            14            -             10            9             17            21            19            8             32            22            23            50            25            3             10            
Kaohsiung         50            3             9             13            3             4             13            -             4             49            15            8             16            13            35            16            14            6             18            7             
Laem Chabang      2             1             6             4             2             6             10            2             -             9             3             4             2             5             11            9             14            2             1             2             
Los Angeles       45            8             12            8             4             4             15            23            4             -             37            7             33            13            68            39            12            6             13            18            
New Jersey        11            65            22            51            2             3             21            8             2             39            -             25            9             60            35            31            11            18            4             8             
Piraeus           5             8             16            10            2             2             25            6             2             6             15            -             6             23            20            17            11            23            2             5             
Qingdao           18            5             16            16            4             4             22            17            3             70            21            15            -             18            42            14            21            12            7             1             
Rotterdam         9             31            29            18            3             4             46            7             3             15            84            15            9             -             34            30            14            40            4             8             
Shanghai          35            10            27            29            8             10            33            25            9             83            48            22            27            36            -             26            41            16            17            18            
Shenzhen          36            10            32            32            9             11            46            39            9             54            48            27            8             42            21            -             47            16            7             4             
Singapore         15            7             59            18            8             16            95            13            9             42            24            17            14            25            52            47            -             14            3             15            
Tanger Med        6             19            17            15            2             4             23            3             2             5             22            11            5             18            18            17            9             -             2             4             
Tianjin           14            4             16            12            2             5             23            8             2             33            14            10            18            18            34            12            18            7             -             1             
Xiamen            32            4             22            24            3             4             33            20            5             26            24            17            6             27            19            79            26            10            1             -             

Port-Level Shipment Waiting and Vessel Queue Statistics

Port                       Origin Waiting TEU   Transshipment Waiting TEU   Total Waiting TEU   Vessels Waiting
---------------------------------------------------------------------------------------------------------------
Busan                                     495                         146                 641              0.00
Cartagena                                 223                           0                 223              0.00
Colombo                                   457                          24                 481              0.00
Hamburg                                   285                           0                 285              0.00
Ho Chi Minh City                           97                           0                  97              0.05
Jakarta                                   111                           0                 111              0.06
Jebel Ali                                 421                           0                 421              0.00
Kaohsiung                                 297                          56                 354              0.35
Laem Chabang                               95                           0                  95              0.02
Los Angeles                               367                           0                 367              0.00
New Jersey                                424                         137                 561              0.00
Piraeus                                   204                           0                 204              0.00
Qingdao                                   325                          49                 374              0.01
Rotterdam                                 404                           0                 404              0.00
Shanghai                                  519                       1,023               1,542              0.00
Shenzhen                                  496                         136                 632              0.00
Singapore                                 495                         520               1,015              0.01
Tanger Med                                203                          83                 286              0.00
Tianjin                                   250                           0                 250              0.01
Xiamen                                    382                           0                 382              0.02
---------------------------------------------------------------------------------------------------------------
TOTAL                                   6,549                       2,175               8,724              0.54



============================================================
Shipment Being Transported Statistics
============================================================

Average TEUs in Transition by Demand Matrix
------------------------------------------------------------
Origin Dest       Busan         Cartagena     Colombo       Hamburg       Ho Chi Minh CityJakarta       Jebel Ali     Kaohsiung     Laem Chabang  Los Angeles   New Jersey    Piraeus       Qingdao       Rotterdam     Shanghai      Shenzhen      Singapore     Tanger Med    Tianjin       Xiamen        
----------------------------------------------------------------------------------------------------------------------------------------------------------------------------------------------------------------------------------------------------------------------------------------------------------
Busan             -             41            58            158           9             11            115           83            11            499           223           115           7             200           28            38            52            74            5             38            
Cartagena         27            -             64            42            14            19            63            20            18            102           34            39            38            57            121           99            64            37            23            28            
Colombo           51            49            -             133           14            15            62            37            19            78            98            90            47            198           86            95            31            95            19            49            
Hamburg           80            32            183           -             20            28            212           53            21            129           66            30            71            8             248           262           104           24            43            80            
Ho Chi Minh City  11            15            29            39            -             8             58            8             2             72            30            28            12            58            43            47            16            29            9             15            
Jakarta           18            15            34            51            4             -             60            13            6             83            49            56            14            86            49            53            6             27            10            17            
Jebel Ali         60            41            62            128           17            22            -             47            17            146           93            74            43            182           75            85            53            130           21            52            
Kaohsiung         19            18            22            85            8             13            41            -             11            260           83            45            13            90            31            18            29            39            10            12            
Laem Chabang      12            10            26            45            4             7             57            8             -             81            28            39            12            58            39            42            10            26            13            14            
Los Angeles       265           118           105           101           35            33            143           131           27            -             426           89            215           170           408           265           104           69            97            134           
New Jersey        87            42            139           74            14            23            107           68            15            433           -             53            76            80            252           226           70            22            35            71            
Piraeus           59            45            113           19            13            21            139           45            16            81            69            -             56            37            184           163           74            20            29            59            
Qingdao           21            32            34            96            8             12            61            9             9             439           121           83            -             122           9             8             34            56            13            0             
Rotterdam         129           55            249           5             36            48            316           83            36            163           102           26            110           -             346           350           145           30            52            115           
Shanghai          11            82            58            268           21            27            106           17            25            482           299           157           17            333           -             14            56            134           44            5             
Shenzhen          62            68            55            298           20            22            130           14            19            275           291           184           20            377           48            -             39            115           15            10            
Singapore         45            53            28            135           5             9             98            31            7             310           109           105           47            187           73            89            -             88            18            59            
Tanger Med        67            29            123           13            22            35            154           39            24            78            21            11            50            14            172           170           87            -             31            55            
Tianjin           17            22            29            73            5             9             63            9             6             191           87            58            3             123           10            7             32            43            -             0             
Xiamen            51            32            40            139           6             10            80            11            9             158           143           86            11            158           33            14            33            57            2             -             

Completed TEUs by Demand Matrix
------------------------------------------------------------
Origin Dest       Busan         Cartagena     Colombo       Hamburg       Ho Chi Minh CityJakarta       Jebel Ali     Kaohsiung     Laem Chabang  Los Angeles   New Jersey    Piraeus       Qingdao       Rotterdam     Shanghai      Shenzhen      Singapore     Tanger Med    Tianjin       Xiamen        
----------------------------------------------------------------------------------------------------------------------------------------------------------------------------------------------------------------------------------------------------------------------------------------------------------
Busan             -             99            502           512           65            93            780           2044          74            1487          674           384           546           635           1406          806           560           258           356           399           
Cartagena         57            -             165           328           35            46            209           38            35            156           874           225           77            435           285           221           158           424           48            55            
Colombo           363           171           -             626           191           234           1699          258           229           184           494           473           329           944           1182          986           989           454           99            332           
Hamburg           182           272           634           -             58            82            920           125           62            195           758           538           161           1032          724           659           347           814           96            185           
Ho Chi Minh City  63            39            208           130           -             219           348           51            170           181           105           101           67            184           424           390           604           99            34            93            
Jakarta           111           42            322           184           135           -             426           69            161           209           170           220           80            320           501           446           481           95            50            100           
Jebel Ali         367           119           1697          685           166           222           -             261           160           319           317           481           240           995           706           655           806           777           91            303           
Kaohsiung         854           36            146           213           47            84            223           -             67            1184          193           121           271           238           540           253           213           91            272           119           
Laem Chabang      77            27            228           150           81            236           363           53            -             195           104           148           75            196           412           363           551           92            55            86            
Los Angeles       842           164           265           169           75            91            338           346           59            -             732           157           681           322           1265          760           286           113           246           369           
New Jersey        233           1145          494           778           44            68            396           168           42            741           -             425           184           880           757           651           257           379           72            178           
Piraeus           165           239           505           365           46            77            776           102           54            147           430           -             145           796           628           467           300           705           72            168           
Qingdao           370           78            312           258           64            105           418           336           62            1667          315           219           -             366           831           289           395           138           147           15            
Rotterdam         317           489           911           628           115           148           1400          197           112           250           1254          521           246           -             1012          924           490           1278          110           286           
Shanghai          845           238           770           936           228           320           958           596           241           1915          1071          615           793           1176          -             715           1213          476           510           321           
Shenzhen          1049          201           947           1115          245           330           1393          685           218           780           1197          771           235           1449          619           -             1289          454           191           96            
Singapore         415           173           933           539           307           672           1531          286           308           761           475           491           410           799           1657          1377          -             371           107           498           
Tanger Med        155           318           476           483           71            112           803           94            79            127           350           372           112           667           551           450           339           -             66            141           
Tianjin           275           44            246           199           40            72            423           155           45            535           223           172           331           349           616           203           353           113           -             13            
Xiamen            521           74            441           396           54            97            613           368           74            440           436           267           115           472           362           1438          505           156           10            -             


============================================================
Service Route Capacity and Utilization Statistics
============================================================
Route     Name                                Avg Capacity TEU     Avg Carried TEU    Utilization
-------------------------------------------------------------------------------------------------
S1        Asia-Europe-NorthEurope                      189,102              12,951          6.85%
S2        Intra-EastAsia                                11,275                 428          3.79%
S3        SEA-Feeder                                     6,963                 239          3.43%
S4        Transpacific-WestCoast                       126,108               5,455          4.33%
S5        Asia-US-East                                 115,035               3,641          3.17%
S6        Transatlantic-SouthConnector                  22,785                 869          3.82%
S7        IndianOcean-MiddleEast                         7,431                 444          5.97%
-------------------------------------------------------------------------------------------------
TOTAL                                                  478,700              24,027          5.02%


============================================================
Vessel Statistics
============================================================
Metric                                            Average Count
---------------------------------------------------------------
Average vessels sailing                                   36.73
Average vessels waiting for berth at port                  0.54
Average vessels being served at berth                      1.73
---------------------------------------------------------------
TOTAL average active/port vessels                         39.00


Period Result Output: Period 23 (Days 111-115)
Output Simulation Day: 115
Simulation Running Time: 00:06:26

Simulation Progress: Day 120 / 360
Simulation Clock Time: 0001-09-18 00:00:00


============================================================
Shipment Waiting for Loading Statistics
============================================================

TEUs by Demand Matrix
------------------------------------------------------------
Origin Dest       Busan         Cartagena     Colombo       Hamburg       Ho Chi Minh CityJakarta       Jebel Ali     Kaohsiung     Laem Chabang  Los Angeles   New Jersey    Piraeus       Qingdao       Rotterdam     Shanghai      Shenzhen      Singapore     Tanger Med    Tianjin       Xiamen        
----------------------------------------------------------------------------------------------------------------------------------------------------------------------------------------------------------------------------------------------------------------------------------------------------------
Busan             -             3             17            16            3             3             27            100           3             95            24            13            19            22            52            44            22            10            18            15            
Cartagena         3             -             10            19            2             2             11            2             2             8             50            18            4             26            15            12            9             22            2             3             
Colombo           12            8             -             19            13            14            108           11            15            8             23            18            12            31            39            35            60            17            3             11            
Hamburg           5             17            21            -             2             3             29            4             2             9             51            16            5             31            21            23            11            25            3             6             
Ho Chi Minh City  2             1             6             3             -             5             10            2             4             8             3             3             2             5             11            10            15            3             1             2             
Jakarta           3             1             8             4             3             -             11            2             4             8             4             6             2             8             14            13            13            2             1             3             
Jebel Ali         12            8             109           22            10            14            -             10            9             17            22            19            8             32            22            22            51            25            3             10            
Kaohsiung         49            3             9             13            3             4             13            -             4             51            14            8             16            13            34            16            14            6             17            7             
Laem Chabang      2             1             6             4             2             6             10            2             -             8             3             4             2             5             11            10            15            2             1             2             
Los Angeles       44            8             12            8             4             4             14            22            3             -             36            7             33            13            66            38            12            5             13            18            
New Jersey        10            68            22            50            2             3             20            8             2             38            -             24            8             58            34            30            10            18            4             8             
Piraeus           5             8             16            10            2             2             24            6             2             6             15            -             5             23            20            17            11            23            2             5             
Qingdao           18            4             15            16            4             4             21            17            3             72            21            15            -             17            41            14            20            11            7             1             
Rotterdam         9             31            29            18            3             5             46            7             3             15            84            15            9             -             33            30            14            39            4             8             
Shanghai          35            10            27            28            8             10            32            27            9             86            47            22            27            35            -             26            41            16            17            17            
Shenzhen          36            10            32            32            9             11            45            38            9             52            47            26            8             41            21            -             46            16            7             4             
Singapore         15            7             58            18            8             16            94            13            9             41            24            17            14            25            52            48            -             15            3             15            
Tanger Med        6             21            17            16            2             4             23            3             2             4             23            11            5             18            17            17            9             -             2             4             
Tianjin           13            4             15            12            2             4             22            8             2             32            14            10            17            17            33            11            18            6             -             1             
Xiamen            31            4             22            23            3             4             32            19            5             25            24            17            6             27            19            78            26            10            1             -             

Port-Level Shipment Waiting and Vessel Queue Statistics

Port                       Origin Waiting TEU   Transshipment Waiting TEU   Total Waiting TEU   Vessels Waiting
---------------------------------------------------------------------------------------------------------------
Busan                                     506                         147                 653              0.00
Cartagena                                 222                           0                 222              0.00
Colombo                                   458                          24                 482              0.01
Hamburg                                   284                           0                 284              0.00
Ho Chi Minh City                           97                           0                  97              0.05
Jakarta                                   111                           0                 111              0.05
Jebel Ali                                 427                           0                 427              0.00
Kaohsiung                                 295                          59                 354              0.33
Laem Chabang                               95                           0                  95              0.02
Los Angeles                               358                           0                 358              0.00
New Jersey                                418                         138                 556              0.00
Piraeus                                   203                           0                 203              0.00
Qingdao                                   322                          50                 372              0.01
Rotterdam                                 403                           0                 403              0.00
Shanghai                                  519                       1,023               1,542              0.00
Shenzhen                                  489                         135                 624              0.00
Singapore                                 493                         512               1,005              0.01
Tanger Med                                204                          87                 291              0.00
Tianjin                                   243                           0                 243              0.01
Xiamen                                    375                           0                 375              0.02
---------------------------------------------------------------------------------------------------------------
TOTAL                                   6,523                       2,175               8,699              0.53



============================================================
Shipment Being Transported Statistics
============================================================

Average TEUs in Transition by Demand Matrix
------------------------------------------------------------
Origin Dest       Busan         Cartagena     Colombo       Hamburg       Ho Chi Minh CityJakarta       Jebel Ali     Kaohsiung     Laem Chabang  Los Angeles   New Jersey    Piraeus       Qingdao       Rotterdam     Shanghai      Shenzhen      Singapore     Tanger Med    Tianjin       Xiamen        
----------------------------------------------------------------------------------------------------------------------------------------------------------------------------------------------------------------------------------------------------------------------------------------------------------
Busan             -             40            58            157           9             11            115           84            11            498           221           114           7             199           30            38            53            74            5             37            
Cartagena         27            -             64            42            14            19            62            20            18            102           33            40            39            56            121           99            64            37            23            28            
Colombo           52            50            -             132           14            16            65            37            19            79            98            89            48            199           85            95            29            96            19            49            
Hamburg           80            32            184           -             20            28            214           53            21            129           68            30            71            8             247           262           104           24            43            80            
Ho Chi Minh City  12            15            29            39            -             8             59            9             2             73            30            28            12            59            42            47            15            29            9             15            
Jakarta           18            15            34            51            4             -             61            13            6             85            48            55            14            86            49            53            6             27            10            18            
Jebel Ali         61            41            59            127           17            22            -             47            17            148           93            75            44            181           75            85            51            130           21            52            
Kaohsiung         18            19            22            86            8             13            40            -             11            256           85            46            12            91            31            17            29            40            10            11            
Laem Chabang      13            10            26            45            4             6             57            8             -             82            28            38            12            58            39            42            10            26            13            14            
Los Angeles       268           120           104           101           34            33            143           133           28            -             428           89            218           170           410           268           104           69            98            135           
New Jersey        87            40            139           75            14            23            107           68            15            431           -             55            77            79            251           226           71            22            35            71            
Piraeus           59            45            112           19            13            21            138           47            16            82            70            -             57            37            184           165           74            21            29            59            
Qingdao           21            33            34            98            9             12            61            9             9             434           120           83            -             122           9             8             34            58            13            0             
Rotterdam         129           55            249           5             36            48            316           83            36            165           103           26            111           -             346           350           145           30            53            114           
Shanghai          12            82            59            268           21            27            107           16            25            476           298           159           18            333           -             14            57            136           43            5             
Shenzhen          60            68            55            296           20            22            131           14            20            285           289           185           19            377           47            -             40            116           14            10            
Singapore         46            53            30            136           5             9             102           31            7             320           109           104           48            187           71            88            -             89            18            58            
Tanger Med        67            28            125           13            22            34            155           39            24            79            21            11            51            13            172           171           87            -             31            54            
Tianjin           17            23            29            75            5             9             63            10            6             191           88            58            3             124           11            7             32            43            -             0             
Xiamen            53            32            40            142           6             10            79            11            9             163           146           87            11            162           32            14            33            59            2             -             

Completed TEUs by Demand Matrix
------------------------------------------------------------
Origin Dest       Busan         Cartagena     Colombo       Hamburg       Ho Chi Minh CityJakarta       Jebel Ali     Kaohsiung     Laem Chabang  Los Angeles   New Jersey    Piraeus       Qingdao       Rotterdam     Shanghai      Shenzhen      Singapore     Tanger Med    Tianjin       Xiamen        
----------------------------------------------------------------------------------------------------------------------------------------------------------------------------------------------------------------------------------------------------------------------------------------------------------
Busan             -             99            502           512           65            93            780           2044          74            1886          693           419           596           635           1406          857           633           258           384           399           
Cartagena         57            -             192           387           35            46            209           38            35            156           921           284           80            530           285           221           158           435           48            55            
Colombo           425           171           -             626           220           234           1699          258           260           184           520           537           380           944           1225          1078          989           454           99            369           
Hamburg           216           272           693           -             60            82            920           125           64            195           758           560           192           1032          743           730           347           857           96            203           
Ho Chi Minh City  76            39            257           130           -             219           348           51            174           181           109           112           78            184           449           422           626           99            34            97            
Jakarta           122           42            356           184           142           -             426           69            168           209           181           234           91            320           528           467           507           95            50            106           
Jebel Ali         424           119           1697          685           189           222           -             261           176           319           317           544           272           995           738           711           806           777           91            322           
Kaohsiung         854           36            146           213           50            84            230           -             67            1223          193           127           282           238           575           266           221           91            297           125           
Laem Chabang      91            27            264           150           85            236           363           53            -             195           111           163           83            196           434           390           587           92            55            86            
Los Angeles       937           164           265           169           83            91            361           346           64            -             776           170           753           322           1432          760           286           113           246           369           
New Jersey        255           1145          557           942           45            68            396           168           45            767           -             498           211           1067          806           683           257           393           72            192           
Piraeus           186           239           534           365           49            77            776           102           55            147           430           -             167           796           642           515           300           705           72            179           
Qingdao           389           78            312           258           70            105           445           336           66            1750          410           300           -             366           880           300           428           138           156           16            
Rotterdam         360           489           1001          628           117           148           1400          197           114           250           1254          539           284           -             1034          1003          490           1360          110           300           
Shanghai          962           238           770           936           236           320           1046          596           256           2027          1153          673           857           1176          -             758           1301          476           547           338           
Shenzhen          1049          201           947           1115          258           330           1499          685           239           780           1254          836           248           1449          657           -             1384          454           203           105           
Singapore         491           173           1059          539           320           672           1531          286           324           761           497           524           476           799           1689          1499          -             371           107           530           
Tanger Med        182           318           528           483           72            112           803           94            81            127           350           391           140           667           562           498           339           -             66            147           
Tianjin           288           44            246           199           41            72            448           155           48            696           284           214           350           349           668           214           380           113           -             14            
Xiamen            630           74            441           396           57            97            689           368           79            440           436           347           136           472           379           1514          548           156           11            -             


============================================================
Service Route Capacity and Utilization Statistics
============================================================
Route     Name                                Avg Capacity TEU     Avg Carried TEU    Utilization
-------------------------------------------------------------------------------------------------
S1        Asia-Europe-NorthEurope                      189,157              12,980          6.86%
S2        Intra-EastAsia                                11,321                 426          3.76%
S3        SEA-Feeder                                     6,965                 240          3.45%
S4        Transpacific-WestCoast                       126,111               5,495          4.36%
S5        Asia-US-East                                 114,999               3,651          3.18%
S6        Transatlantic-SouthConnector                  22,744                 860          3.78%
S7        IndianOcean-MiddleEast                         7,435                 450          6.05%
-------------------------------------------------------------------------------------------------
TOTAL                                                  478,731              24,102          5.03%


============================================================
Vessel Statistics
============================================================
Metric                                            Average Count
---------------------------------------------------------------
Average vessels sailing                                   36.73
Average vessels waiting for berth at port                  0.53
Average vessels being served at berth                      1.74
---------------------------------------------------------------
TOTAL average active/port vessels                         39.00


Period Result Output: Period 24 (Days 116-120)
Output Simulation Day: 120
Simulation Running Time: 00:06:37

Simulation Progress: Day 125 / 360
Simulation Clock Time: 0001-09-23 00:00:00


============================================================
Shipment Waiting for Loading Statistics
============================================================

TEUs by Demand Matrix
------------------------------------------------------------
Origin Dest       Busan         Cartagena     Colombo       Hamburg       Ho Chi Minh CityJakarta       Jebel Ali     Kaohsiung     Laem Chabang  Los Angeles   New Jersey    Piraeus       Qingdao       Rotterdam     Shanghai      Shenzhen      Singapore     Tanger Med    Tianjin       Xiamen        
----------------------------------------------------------------------------------------------------------------------------------------------------------------------------------------------------------------------------------------------------------------------------------------------------------
Busan             -             3             17            15            3             3             26            97            3             93            23            12            19            21            51            44            21            10            18            15            
Cartagena         3             -             10            19            2             2             11            2             2             9             52            18            5             27            15            12            9             22            2             3             
Colombo           12            8             -             19            13            14            107           11            16            8             23            18            12            31            39            36            62            17            3             11            
Hamburg           6             16            21            -             2             3             30            4             2             9             49            16            6             32            22            23            11            25            3             6             
Ho Chi Minh City  2             1             6             3             -             5             10            2             4             8             3             3             2             5             11            11            15            3             1             2             
Jakarta           3             1             8             4             3             -             11            3             4             8             4             6             2             8             14            13            12            2             1             3             
Jebel Ali         12            8             108           22            10            14            -             10            9             16            21            19            8             33            22            22            51            25            3             10            
Kaohsiung         48            3             9             13            3             4             13            -             4             51            14            7             16            13            33            15            13            6             17            7             
Laem Chabang      2             1             6             4             2             6             10            2             -             8             3             4             2             5             11            10            15            2             1             2             
Los Angeles       45            8             12            8             4             4             14            23            4             -             36            7             33            13            66            39            12            5             13            18            
New Jersey        11            72            22            50            2             3             20            8             2             39            -             24            9             59            35            30            11            18            4             8             
Piraeus           6             8             16            10            2             2             24            6             2             6             15            -             5             23            20            18            11            23            2             5             
Qingdao           18            4             15            15            4             4             21            17            3             70            21            15            -             17            40            14            20            11            7             1             
Rotterdam         10            30            30            18            3             5             47            7             3             15            81            16            10            -             34            31            15            40            4             8             
Shanghai          34            10            27            29            8             10            32            26            9             84            48            22            26            35            -             26            41            16            17            17            
Shenzhen          36            10            32            32            9             10            44            37            9             51            48            26            8             41            21            -             45            15            7             4             
Singapore         15            7             58            17            8             16            95            13            9             40            24            17            14            25            51            48            -             14            3             15            
Tanger Med        6             20            17            16            2             4             23            3             2             4             22            12            5             18            18            17            10            -             3             4             
Tianjin           13            4             15            12            2             4             22            8             2             32            14            10            17            17            33            11            17            6             -             0             
Xiamen            31            3             22            23            3             4             32            19            5             25            24            17            6             26            19            77            26            9             1             -             

Port-Level Shipment Waiting and Vessel Queue Statistics

Port                       Origin Waiting TEU   Transshipment Waiting TEU   Total Waiting TEU   Vessels Waiting
---------------------------------------------------------------------------------------------------------------
Busan                                     494                         146                 640              0.00
Cartagena                                 227                           0                 227              0.00
Colombo                                   461                          23                 484              0.01
Hamburg                                   286                           0                 286              0.00
Ho Chi Minh City                           97                           0                  97              0.05
Jakarta                                   111                           0                 111              0.06
Jebel Ali                                 426                           0                 426              0.00
Kaohsiung                                 289                          59                 348              0.32
Laem Chabang                               97                           0                  97              0.02
Los Angeles                               362                           0                 362              0.00
New Jersey                                426                         139                 565              0.00
Piraeus                                   202                           0                 202              0.00
Qingdao                                   317                          50                 368              0.01
Rotterdam                                 408                           0                 408              0.00
Shanghai                                  517                       1,027               1,544              0.00
Shenzhen                                  485                         134                 619              0.00
Singapore                                 490                         511               1,002              0.01
Tanger Med                                205                          87                 293              0.00
Tianjin                                   241                           0                 241              0.01
Xiamen                                    372                           0                 372              0.02
---------------------------------------------------------------------------------------------------------------
TOTAL                                   6,512                       2,178               8,690              0.52



============================================================
Shipment Being Transported Statistics
============================================================

Average TEUs in Transition by Demand Matrix
------------------------------------------------------------
Origin Dest       Busan         Cartagena     Colombo       Hamburg       Ho Chi Minh CityJakarta       Jebel Ali     Kaohsiung     Laem Chabang  Los Angeles   New Jersey    Piraeus       Qingdao       Rotterdam     Shanghai      Shenzhen      Singapore     Tanger Med    Tianjin       Xiamen        
----------------------------------------------------------------------------------------------------------------------------------------------------------------------------------------------------------------------------------------------------------------------------------------------------------
Busan             -             40            58            157           9             11            119           86            11            504           222           114           7             200           30            38            54            74            5             38            
Cartagena         27            -             64            42            14            19            62            20            18            102           31            39            39            55            122           99            63            35            23            28            
Colombo           51            50            -             132           13            16            66            37            18            81            98            88            46            200           85            94            28            96            19            49            
Hamburg           79            33            183           -             20            28            215           53            21            129           72            29            71            8             246           261           104           24            43            80            
Ho Chi Minh City  11            15            29            39            -             8             59            8             2             74            30            27            12            60            41            46            15            29            9             14            
Jakarta           17            16            34            51            4             -             61            13            6             88            47            56            14            85            50            53            6             28            11            18            
Jebel Ali         60            41            65            127           17            22            -             47            17            151           94            76            43            181           74            85            52            129           21            51            
Kaohsiung         18            20            22            87            9             14            40            -             11            255           86            46            13            93            31            17            30            41            10            11            
Laem Chabang      12            10            26            45            4             6             56            8             -             84            28            38            12            58            38            42            9             26            13            14            
Los Angeles       267           122           104           102           34            33            142           136           28            -             429           90            217           169           407           268           104           69            98            136           
New Jersey        87            39            138           74            15            23            107           68            15            430           -             54            77            78            251           226           70            21            36            71            
Piraeus           59            46            112           19            13            21            138           47            16            83            71            -             57            37            185           167           74            20            29            59            
Qingdao           21            33            35            99            9             12            62            10            8             436           119           83            -             122           9             8             33            59            13            0             
Rotterdam         128           56            248           5             36            48            316           82            36            167           108           25            111           -             346           349           143           29            53            112           
Shanghai          12            81            59            268           21            26            107           17            25            479           297           161           18            332           -             14            56            135           42            4             
Shenzhen          59            68            56            296           20            22            132           13            21            296           286           186           19            377           47            -             40            117           14            10            
Singapore         45            53            28            137           5             9             101           31            7             331           110           104           47            188           71            88            -             89            18            58            
Tanger Med        67            30            125           14            22            34            154           38            24            79            22            10            51            14            171           171           87            -             31            54            
Tianjin           17            23            29            77            6             9             63            10            7             191           88            58            3             125           11            7             32            43            -             0             
Xiamen            51            33            39            144           6             10            79            10            9             168           149           87            11            164           32            13            33            59            2             -             

Completed TEUs by Demand Matrix
------------------------------------------------------------
Origin Dest       Busan         Cartagena     Colombo       Hamburg       Ho Chi Minh CityJakarta       Jebel Ali     Kaohsiung     Laem Chabang  Los Angeles   New Jersey    Piraeus       Qingdao       Rotterdam     Shanghai      Shenzhen      Singapore     Tanger Med    Tianjin       Xiamen        
----------------------------------------------------------------------------------------------------------------------------------------------------------------------------------------------------------------------------------------------------------------------------------------------------------
Busan             -             99            536           544           71            98            780           2371          80            1886          693           454           607           680           1610          857           633           272           405           399           
Cartagena         57            -             192           387           46            46            213           39            43            156           921           284           80            549           285           221           193           451           48            55            
Colombo           441           171           -             671           220           274           1946          294           260           184           520           548           389           1030          1225          1132          989           515           116           369           
Hamburg           221           272           693           -             64            83            1001          138           71            195           758           560           196           1103          743           746           368           857           112           203           
Ho Chi Minh City  79            39            257           146           -             230           418           58            184           181           109           118           84            214           449           439           627           111           49            97            
Jakarta           126           42            356           190           154           -             484           83            176           209           181           242           98            331           528           496           532           101           59            106           
Jebel Ali         437           119           1697          736           189           246           -             293           176           319           317           587           285           1078          738           736           806           829           106           322           
Kaohsiung         905           36            147           226           52            88            230           -             68            1223          193           159           290           250           575           266           232           96            310           125           
Laem Chabang      97            27            264           172           89            248           423           61            -             195           111           169           87            223           434           410           587           101           67            86            
Los Angeles       975           164           265           176           83            91            361           361           64            -             776           187           779           329           1476          842           312           124           294           369           
New Jersey        255           1145          557           942           53            68            410           181           51            767           -             498           211           1103          806           683           279           404           83            192           
Piraeus           188           239           534           398           54            78            826           135           61            147           430           -             169           859           642           533           324           771           82            179           
Qingdao           409           78            329           328           73            115           445           390           71            1750          410           321           -             433           880           300           444           196           177           16            
Rotterdam         368           489           1001          678           125           151           1495          214           119           250           1254          539           293           -             1034          1031          528           1360          129           300           
Shanghai          979           238           850           1010          249           338           1046          692           273           2027          1153          711           874           1277          -             786           1353          530           565           338           
Shenzhen          1124          201           1010          1185          282           356           1499          732           264           780           1254          886           262           1567          657           -             1433          486           219           105           
Singapore         504           173           1059          610           333           706           1725          319           339           761           497           555           494           870           1689          1563          -             410           127           530           
Tanger Med        191           318           528           543           76            113           849           109           89            127           350           391           142           720           562           521           365           -             81            147           
Tianjin           303           44            262           254           45            76            448           180           51            696           284           232           366           419           668           214           403           144           -             14            
Xiamen            655           74            459           500           62            100           689           393           83            440           436           373           144           594           379           1514          596           200           18            -             


============================================================
Service Route Capacity and Utilization Statistics
============================================================
Route     Name                                Avg Capacity TEU     Avg Carried TEU    Utilization
-------------------------------------------------------------------------------------------------
S1        Asia-Europe-NorthEurope                      189,122              12,986          6.87%
S2        Intra-EastAsia                                11,398                 428          3.76%
S3        SEA-Feeder                                     6,953                 239          3.44%
S4        Transpacific-WestCoast                       126,075               5,536          4.39%
S5        Asia-US-East                                 115,037               3,661          3.18%
S6        Transatlantic-SouthConnector                  22,756                 863          3.79%
S7        IndianOcean-MiddleEast                         7,436                 452          6.08%
-------------------------------------------------------------------------------------------------
TOTAL                                                  478,777              24,165          5.05%


============================================================
Vessel Statistics
============================================================
Metric                                            Average Count
---------------------------------------------------------------
Average vessels sailing                                   36.74
Average vessels waiting for berth at port                  0.52
Average vessels being served at berth                      1.74
---------------------------------------------------------------
TOTAL average active/port vessels                         39.00


Period Result Output: Period 25 (Days 121-125)
Output Simulation Day: 125
Simulation Running Time: 00:06:49

Simulation Progress: Day 130 / 360
Simulation Clock Time: 0001-09-28 00:00:00


============================================================
Shipment Waiting for Loading Statistics
============================================================

TEUs by Demand Matrix
------------------------------------------------------------
Origin Dest       Busan         Cartagena     Colombo       Hamburg       Ho Chi Minh CityJakarta       Jebel Ali     Kaohsiung     Laem Chabang  Los Angeles   New Jersey    Piraeus       Qingdao       Rotterdam     Shanghai      Shenzhen      Singapore     Tanger Med    Tianjin       Xiamen        
----------------------------------------------------------------------------------------------------------------------------------------------------------------------------------------------------------------------------------------------------------------------------------------------------------
Busan             -             4             17            16            3             3             27            96            3             93            24            13            19            22            52            43            21            10            18            15            
Cartagena         4             -             11            20            2             2             11            2             2             9             54            18            5             29            16            13            10            23            2             3             
Colombo           12            8             -             18            13            14            109           11            15            8             23            18            12            31            38            36            61            17            3             11            
Hamburg           6             17            21            -             2             3             30            4             2             9             48            16            6             31            22            23            11            25            3             6             
Ho Chi Minh City  2             1             6             3             -             5             10            2             4             8             3             3             2             5             11            11            15            3             1             2             
Jakarta           3             1             8             4             3             -             11            3             4             8             4             6             2             8             14            12            12            2             1             3             
Jebel Ali         12            8             108           22            10            14            -             10            9             16            21            19            8             33            22            22            50            25            3             10            
Kaohsiung         48            3             9             12            3             4             12            -             4             49            14            7             16            13            32            15            13            6             17            6             
Laem Chabang      2             1             6             4             2             6             10            2             -             8             3             4             2             5             11            10            15            2             1             2             
Los Angeles       44            8             12            8             4             4             14            22            3             -             35            7             32            13            65            38            11            5             13            17            
New Jersey        10            73            22            51            2             3             21            7             2             38            -             25            8             60            34            29            10            19            4             8             
Piraeus           6             8             16            10            2             2             26            6             2             6             14            -             6             22            21            18            11            22            2             5             
Qingdao           18            4             15            15            4             4             21            16            3             70            20            15            -             17            39            13            20            11            7             1             
Rotterdam         10            30            29            18            3             5             47            7             3             15            79            15            10            -             34            31            15            39            4             8             
Shanghai          35            10            27            28            8             10            33            26            9             84            46            22            27            35            -             25            41            16            17            17            
Shenzhen          36            10            32            32            9             10            45            36            9             51            48            26            8             42            20            -             45            15            7             4             
Singapore         16            7             59            17            8             16            96            13            9             40            24            17            14            25            51            49            -             14            4             15            
Tanger Med        6             20            17            16            2             4             23            3             2             4             21            12            5             18            18            17            10            -             3             4             
Tianjin           13            4             15            12            2             4             22            8             2             32            14            10            17            17            32            11            17            6             -             0             
Xiamen            30            4             21            23            3             4             31            19            5             24            23            16            6             26            18            75            26            9             1             -             

Port-Level Shipment Waiting and Vessel Queue Statistics

Port                       Origin Waiting TEU   Transshipment Waiting TEU   Total Waiting TEU   Vessels Waiting
---------------------------------------------------------------------------------------------------------------
Busan                                     497                         143                 640              0.00
Cartagena                                 238                           0                 238              0.00
Colombo                                   459                          24                 483              0.01
Hamburg                                   284                           0                 284              0.00
Ho Chi Minh City                           97                           0                  97              0.05
Jakarta                                   111                           0                 111              0.06
Jebel Ali                                 422                           0                 422              0.00
Kaohsiung                                 283                          58                 342              0.31
Laem Chabang                               96                           0                  96              0.02
Los Angeles                               355                           0                 355              0.00
New Jersey                                427                         135                 562              0.00
Piraeus                                   206                           0                 206              0.00
Qingdao                                   313                          51                 364              0.01
Rotterdam                                 403                           0                 403              0.00
Shanghai                                  514                       1,031               1,545              0.00
Shenzhen                                  485                         132                 618              0.00
Singapore                                 496                         514               1,010              0.01
Tanger Med                                204                          85                 289              0.00
Tianjin                                   238                           0                 238              0.01
Xiamen                                    364                           0                 364              0.02
---------------------------------------------------------------------------------------------------------------
TOTAL                                   6,491                       2,174               8,665              0.51



============================================================
Shipment Being Transported Statistics
============================================================

Average TEUs in Transition by Demand Matrix
------------------------------------------------------------
Origin Dest       Busan         Cartagena     Colombo       Hamburg       Ho Chi Minh CityJakarta       Jebel Ali     Kaohsiung     Laem Chabang  Los Angeles   New Jersey    Piraeus       Qingdao       Rotterdam     Shanghai      Shenzhen      Singapore     Tanger Med    Tianjin       Xiamen        
----------------------------------------------------------------------------------------------------------------------------------------------------------------------------------------------------------------------------------------------------------------------------------------------------------
Busan             -             40            58            156           9             11            119           83            12            505           221           113           7             200           29            38            55            75            5             37            
Cartagena         27            -             64            40            14            19            61            20            17            101           30            38            39            53            120           98            62            34            23            28            
Colombo           51            51            -             132           14            16            63            37            19            82            98            88            46            201           85            95            31            96            19            49            
Hamburg           79            34            183           -             20            28            216           53            21            130           72            29            71            8             245           261           105           24            43            79            
Ho Chi Minh City  11            15            29            39            -             8             58            8             2             75            30            27            12            61            41            47            15            29            9             14            
Jakarta           17            16            34            52            4             -             61            13            6             90            47            56            14            85            50            54            6             28            10            18            
Jebel Ali         59            42            64            126           17            23            -             46            17            154           94            76            43            181           74            85            54            128           20            52            
Kaohsiung         19            20            22            88            9             14            41            -             11            254           87            46            13            94            31            17            30            41            10            11            
Laem Chabang      12            10            26            45            4             7             56            8             -             85            28            38            12            58            38            42            10            25            13            14            
Los Angeles       269           123           103           102           34            33            142           138           28            -             431           90            217           169           408           270           104           69            97            136           
New Jersey        87            42            139           72            15            23            107           67            15            429           -             53            78            75            251           227           70            20            36            72            
Piraeus           59            46            111           19            13            21            136           47            15            84            72            -             57            36            184           167           74            20            28            59            
Qingdao           21            34            35            98            9             12            62            9             8             435           119           83            -             121           8             8             33            59            13            0             
Rotterdam         128           58            248           5             35            49            315           82            36            169           109           26            111           -             347           351           143           29            54            112           
Shanghai          11            81            59            269           21            26            108           16            25            480           297           163           17            332           -             14            57            135           41            5             
Shenzhen          59            69            55            296           20            22            132           13            21            296           284           187           19            377           46            -             40            118           14            9             
Singapore         44            54            29            136           5             9             99            31            7             334           109           104           47            189           70            88            -             89            18            57            
Tanger Med        66            31            125           14            21            34            154           38            24            79            22            11            51            14            172           172           87            -             31            54            
Tianjin           18            24            28            77            6             8             62            10            7             191           88            58            3             124           10            7             31            43            -             0             
Xiamen            50            33            40            143           6             9             79            10            9             167           149           87            11            165           31            14            33            59            2             -             

Completed TEUs by Demand Matrix
------------------------------------------------------------
Origin Dest       Busan         Cartagena     Colombo       Hamburg       Ho Chi Minh CityJakarta       Jebel Ali     Kaohsiung     Laem Chabang  Los Angeles   New Jersey    Piraeus       Qingdao       Rotterdam     Shanghai      Shenzhen      Singapore     Tanger Med    Tianjin       Xiamen        
----------------------------------------------------------------------------------------------------------------------------------------------------------------------------------------------------------------------------------------------------------------------------------------------------------
Busan             -             99            536           544           71            98            874           2371          80            2048          780           454           607           680           1610          917           633           284           405           460           
Cartagena         57            -             192           407           46            59            213           45            43            189           921           296           80            549           346           266           193           451           48            55            
Colombo           441           171           -             671           220           274           1946          294           260           207           578           548           389           1030          1298          1210          1117          542           116           385           
Hamburg           221           272           783           -             64            93            1025          139           71            210           920           593           196           1103          806           818           407           925           112           211           
Ho Chi Minh City  79            39            257           146           -             244           418           58            185           181           124           118           84            214           467           470           659           119           49            99            
Jakarta           126           42            356           190           154           -             484           83            177           241           194           242           98            331           558           526           556           110           59            115           
Jebel Ali         437           119           1963          736           189           246           -             293           176           319           380           587           285           1078          776           790           932           871           106           332           
Kaohsiung         965           36            153           226           52            92            235           -             68            1302          265           159           290           250           592           283           232           125           310           136           
Laem Chabang      97            27            264           172           89            265           423           61            -             195           121           169           87            223           453           439           624           107           67            94            
Los Angeles       975           164           292           176           83            100           361           424           64            -             847           187           779           329           1476          872           312           130           294           432           
New Jersey        255           1145          557           990           53            78            410           192           51            831           -             530           211           1103          884           743           279           404           83            192           
Piraeus           188           239           587           398           54            82            849           135           61            159           541           -             169           859           712           597           333           815           82            182           
Qingdao           409           78            360           328           73            124           478           390           71            1852          438           321           -             433           912           329           444           219           177           18            
Rotterdam         368           489           1105          678           125           161           1549          220           119           269           1494          581           293           -             1096          1114          563           1449          129           314           
Shanghai          979           238           887           1010          249           354           1116          692           273           2129          1274          711           874           1277          -             839           1353          562           565           365           
Shenzhen          1209          201           1045          1185          282           368           1616          770           264           1081          1362          886           262           1567          701           -             1433          511           219           112           
Singapore         504           173           1059          610           333           751           1725          319           339           979           564           555           494           870           1780          1682          -             433           127           556           
Tanger Med        191           318           575           543           76            116           891           110           89            144           405           422           142           720           600           551           377           -             81            151           
Tianjin           303           44            276           254           45            77            476           180           51            759           307           232           366           419           722           220           403           151           -             14            
Xiamen            690           74            486           500           62            103           721           418           83            601           576           373           144           594           405           1621          596           223           18            -             


============================================================
Service Route Capacity and Utilization Statistics
============================================================
Route     Name                                Avg Capacity TEU     Avg Carried TEU    Utilization
-------------------------------------------------------------------------------------------------
S1        Asia-Europe-NorthEurope                      189,093              12,984          6.87%
S2        Intra-EastAsia                                11,452                 428          3.74%
S3        SEA-Feeder                                     6,967                 240          3.44%
S4        Transpacific-WestCoast                       126,217               5,548          4.40%
S5        Asia-US-East                                 114,980               3,652          3.18%
S6        Transatlantic-SouthConnector                  22,753                 865          3.80%
S7        IndianOcean-MiddleEast                         7,425                 450          6.07%
-------------------------------------------------------------------------------------------------
TOTAL                                                  478,887              24,167          5.05%


============================================================
Vessel Statistics
============================================================
Metric                                            Average Count
---------------------------------------------------------------
Average vessels sailing                                   36.75
Average vessels waiting for berth at port                  0.51
Average vessels being served at berth                      1.74
---------------------------------------------------------------
TOTAL average active/port vessels                         39.00


Period Result Output: Period 26 (Days 126-130)
Output Simulation Day: 130
Simulation Running Time: 00:07:01

Simulation Progress: Day 135 / 360
Simulation Clock Time: 0001-10-03 00:00:00


============================================================
Shipment Waiting for Loading Statistics
============================================================

TEUs by Demand Matrix
------------------------------------------------------------
Origin Dest       Busan         Cartagena     Colombo       Hamburg       Ho Chi Minh CityJakarta       Jebel Ali     Kaohsiung     Laem Chabang  Los Angeles   New Jersey    Piraeus       Qingdao       Rotterdam     Shanghai      Shenzhen      Singapore     Tanger Med    Tianjin       Xiamen        
----------------------------------------------------------------------------------------------------------------------------------------------------------------------------------------------------------------------------------------------------------------------------------------------------------
Busan             -             4             18            17            3             3             28            101           3             95            25            13            20            23            55            42            22            11            17            16            
Cartagena         4             -             12            21            2             3             12            2             2             9             57            19            6             32            17            14            11            25            2             3             
Colombo           12            8             -             19            13            14            109           11            15            8             23            18            12            31            39            36            61            17            3             11            
Hamburg           6             17            21            -             2             3             30            4             2             9             48            16            6             31            22            23            11            24            3             6             
Ho Chi Minh City  2             1             6             3             -             5             9             2             4             8             3             3             2             5             10            10            15            3             1             2             
Jakarta           3             1             8             4             4             -             11            3             4             8             4             6             2             8             14            12            13            2             1             3             
Jebel Ali         12            8             110           21            10            15            -             10            10            16            22            19            8             33            22            22            51            24            3             10            
Kaohsiung         47            4             9             12            3             4             12            -             4             50            14            7             16            13            32            15            12            6             16            6             
Laem Chabang      2             1             6             4             2             6             10            2             -             8             3             4             2             5             11            10            14            2             1             2             
Los Angeles       44            8             11            8             4             4             14            22            3             -             35            7             32            12            63            37            11            5             12            17            
New Jersey        10            75            22            54            2             3             22            7             2             37            -             26            8             63            33            29            10            21            4             8             
Piraeus           6             9             16            10            2             2             26            6             2             6             15            -             5             23            20            18            11            22            2             5             
Qingdao           18            5             15            15            4             4             21            17            3             72            20            15            -             16            38            13            20            11            7             1             
Rotterdam         10            31            29            17            3             5             46            7             3             14            79            15            10            -             33            31            15            39            4             8             
Shanghai          37            10            27            29            8             10            34            26            9             86            46            23            28            35            -             26            41            16            17            17            
Shenzhen          35            11            32            33            9             10            46            36            9             51            48            27            8             43            20            -             45            15            7             4             
Singapore         16            8             58            17            8             17            94            13            9             39            24            17            14            25            50            48            -             14            3             15            
Tanger Med        6             20            17            16            2             4             23            3             2             4             21            12            5             18            18            16            10            -             2             4             
Tianjin           13            4             14            12            2             4             21            8             2             31            14            10            16            17            32            11            17            6             -             0             
Xiamen            30            4             21            22            3             4             31            19            5             23            23            16            6             26            18            75            25            9             1             -             

Port-Level Shipment Waiting and Vessel Queue Statistics

Port                       Origin Waiting TEU   Transshipment Waiting TEU   Total Waiting TEU   Vessels Waiting
---------------------------------------------------------------------------------------------------------------
Busan                                     516                         142                 658              0.00
Cartagena                                 253                           0                 253              0.00
Colombo                                   460                          25                 485              0.00
Hamburg                                   282                           0                 282              0.00
Ho Chi Minh City                           96                           0                  96              0.05
Jakarta                                   111                           0                 111              0.06
Jebel Ali                                 428                           0                 428              0.00
Kaohsiung                                 282                          60                 342              0.30
Laem Chabang                               96                           0                  96              0.02
Los Angeles                               349                           0                 349              0.00
New Jersey                                437                         130                 567              0.00
Piraeus                                   205                           0                 205              0.00
Qingdao                                   312                          53                 365              0.01
Rotterdam                                 400                           0                 400              0.00
Shanghai                                  526                       1,040               1,566              0.00
Shenzhen                                  489                         128                 617              0.00
Singapore                                 488                         510                 998              0.01
Tanger Med                                204                          82                 286              0.00
Tianjin                                   234                           0                 234              0.01
Xiamen                                    361                           0                 361              0.02
---------------------------------------------------------------------------------------------------------------
TOTAL                                   6,529                       2,168               8,697              0.49



============================================================
Shipment Being Transported Statistics
============================================================

Average TEUs in Transition by Demand Matrix
------------------------------------------------------------
Origin Dest       Busan         Cartagena     Colombo       Hamburg       Ho Chi Minh CityJakarta       Jebel Ali     Kaohsiung     Laem Chabang  Los Angeles   New Jersey    Piraeus       Qingdao       Rotterdam     Shanghai      Shenzhen      Singapore     Tanger Med    Tianjin       Xiamen        
----------------------------------------------------------------------------------------------------------------------------------------------------------------------------------------------------------------------------------------------------------------------------------------------------------
Busan             -             40            58            154           9             11            118           80            12            502           219           113           6             198           28            38            54            75            5             36            
Cartagena         27            -             63            39            14            19            61            20            17            100           29            37            39            51            118           96            60            33            23            27            
Colombo           52            52            -             131           13            17            66            38            18            83            98            88            46            201           86            97            30            97            18            49            
Hamburg           79            35            182           -             20            28            218           53            21            130           70            29            72            8             246           261           104           24            43            79            
Ho Chi Minh City  11            15            29            39            -             8             58            8             2             76            30            27            12            61            41            47            15            28            9             14            
Jakarta           17            16            35            52            4             -             62            13            6             91            46            56            14            85            50            54            6             28            11            18            
Jebel Ali         59            42            61            126           16            23            -             46            17            155           93            77            44            181           73            85            52            128           20            52            
Kaohsiung         18            21            23            88            9             14            41            -             11            251           86            46            13            94            31            17            30            41            10            11            
Laem Chabang      12            11            26            45            4             7             56            8             -             86            28            38            13            58            38            42            10            25            12            14            
Los Angeles       272           125           103           103           34            34            142           140           28            -             433           90            219           168           410           273           104           70            97            136           
New Jersey        87            46            141           69            15            23            106           67            15            429           -             51            79            72            252           227           71            19            37            72            
Piraeus           60            47            110           18            13            21            138           48            15            85            70            -             58            36            184           168           74            20            28            59            
Qingdao           22            34            35            98            9             12            62            9             9             432           118           83            -             119           8             8             33            59            13            0             
Rotterdam         128           59            247           5             35            49            316           83            36            171           106           25            112           -             348           351           142           29            54            111           
Shanghai          11            81            58            269           21            26            106           16            25            478           295           165           17            331           -             14            56            135           40            5             
Shenzhen          57            69            56            296           20            22            131           13            21            296           283           188           18            375           45            -             39            118           14            9             
Singapore         46            54            29            136           5             9             102           32            8             337           109           104           48            190           71            90            -             90            18            57            
Tanger Med        66            32            126           14            21            33            154           38            24            79            21            11            52            13            172           172           87            -             31            54            
Tianjin           18            24            28            77            6             8             62            11            7             190           89            57            3             124           11            7             31            43            -             0             
Xiamen            49            34            40            143           6             9             79            10            9             167           148           87            11            164           31            14            33            59            2             -             

Completed TEUs by Demand Matrix
------------------------------------------------------------
Origin Dest       Busan         Cartagena     Colombo       Hamburg       Ho Chi Minh CityJakarta       Jebel Ali     Kaohsiung     Laem Chabang  Los Angeles   New Jersey    Piraeus       Qingdao       Rotterdam     Shanghai      Shenzhen      Singapore     Tanger Med    Tianjin       Xiamen        
----------------------------------------------------------------------------------------------------------------------------------------------------------------------------------------------------------------------------------------------------------------------------------------------------------
Busan             -             99            589           569           71            112           874           2371          80            2200          780           454           607           729           1610          967           716           284           430           460           
Cartagena         57            -             192           407           46            59            213           45            43            189           921           296           80            549           346           266           193           451           48            67            
Colombo           441           171           -             705           246           305           1946          294           292           245           578           577           389           1090          1380          1210          1117          542           116           407           
Hamburg           221           272           783           -             64            100           1104          139           71            232           951           596           196           1142          838           818           423           967           112           226           
Ho Chi Minh City  79            39            293           146           -             258           418           58            191           240           124           125           84            235           488           470           685           119           49            104           
Jakarta           126           42            393           200           164           -             484           83            189           280           194           268           98            347           621           526           556           110           59            123           
Jebel Ali         437           119           1963          775           207           274           -             293           196           412           380           629           285           1133          822           790           932           871           106           350           
Kaohsiung         967           36            171           287           55            102           237           -             68            1377          265           162           314           300           626           300           262           125           326           147           
Laem Chabang      97            27            302           180           92            277           423           61            -             262           121           174           87            232           478           439           660           107           67            99            
Los Angeles       975           164           300           188           93            103           390           424           73            -             847           199           779           349           1476          872           329           130           294           432           
New Jersey        255           1145          557           990           53            78            410           192           51            845           -             530           211           1103          884           743           279           404           83            212           
Piraeus           188           239           587           408           54            91            904           135           61            164           565           -             169           884           741           597           342           815           82            196           
Qingdao           410           78            381           350           82            128           507           390           72            1983          438           331           -             456           961           343           475           219           184           19            
Rotterdam         368           489           1105          700           125           186           1664          220           119           288           1545          583           293           -             1161          1114          575           1520          129           329           
Shanghai          979           238           927           1078          260           371           1169          692           278           2334          1274          765           874           1344          -             839           1448          562           595           393           
Shenzhen          1211          201           1118          1253          290           393           1664          770           275           1147          1362          951           279           1651          734           -             1530          511           231           115           
Singapore         504           173           1174          647           347           807           1725          319           375           1100          564           594           494           902           1870          1682          -             433           127           582           
Tanger Med        191           318           575           580           76            126           937           110           89            147           413           424           142           754           648           551           391           -             81            159           
Tianjin           314           44            293           275           50            79            496           180           58            809           307           244           388           450           759           234           421           151           -             15            
Xiamen            691           74            526           526           68            105           752           418           90            631           576           390           160           637           423           1748          643           223           20            -             


============================================================
Service Route Capacity and Utilization Statistics
============================================================
Route     Name                                Avg Capacity TEU     Avg Carried TEU    Utilization
-------------------------------------------------------------------------------------------------
S1        Asia-Europe-NorthEurope                      189,088              12,993          6.87%
S2        Intra-EastAsia                                11,496                 427          3.71%
S3        SEA-Feeder                                     6,967                 241          3.46%
S4        Transpacific-WestCoast                       126,306               5,547          4.39%
S5        Asia-US-East                                 115,017               3,650          3.17%
S6        Transatlantic-SouthConnector                  22,790                 866          3.80%
S7        IndianOcean-MiddleEast                         7,434                 454          6.10%
-------------------------------------------------------------------------------------------------
TOTAL                                                  479,098              24,178          5.05%


============================================================
Vessel Statistics
============================================================
Metric                                            Average Count
---------------------------------------------------------------
Average vessels sailing                                   36.77
Average vessels waiting for berth at port                  0.49
Average vessels being served at berth                      1.74
---------------------------------------------------------------
TOTAL average active/port vessels                         39.00


Period Result Output: Period 27 (Days 131-135)
Output Simulation Day: 135
Simulation Running Time: 00:07:13

Simulation Progress: Day 140 / 360
Simulation Clock Time: 0001-10-08 00:00:00


============================================================
Shipment Waiting for Loading Statistics
============================================================

TEUs by Demand Matrix
------------------------------------------------------------
Origin Dest       Busan         Cartagena     Colombo       Hamburg       Ho Chi Minh CityJakarta       Jebel Ali     Kaohsiung     Laem Chabang  Los Angeles   New Jersey    Piraeus       Qingdao       Rotterdam     Shanghai      Shenzhen      Singapore     Tanger Med    Tianjin       Xiamen        
----------------------------------------------------------------------------------------------------------------------------------------------------------------------------------------------------------------------------------------------------------------------------------------------------------
Busan             -             4             19            18            3             3             32            108           3             100           27            14            23            24            59            42            24            11            17            18            
Cartagena         5             -             13            22            2             3             12            3             2             10            60            20            6             34            18            16            11            26            2             3             
Colombo           12            9             -             19            13            14            108           11            15            8             23            18            12            31            40            36            64            17            3             11            
Hamburg           6             19            21            -             2             3             31            5             2             9             49            16            5             31            22            23            11            25            3             6             
Ho Chi Minh City  2             1             6             3             -             5             9             2             4             8             3             3             2             5             10            10            15            3             1             2             
Jakarta           3             1             9             4             4             -             12            3             4             8             4             6             2             8             14            12            13            3             1             3             
Jebel Ali         12            8             108           21            10            15            -             10            10            16            22            19            9             33            23            22            50            25            3             10            
Kaohsiung         46            4             8             12            3             4             12            -             4             53            13            7             15            12            31            15            12            6             16            6             
Laem Chabang      2             1             6             4             2             6             10            2             -             8             3             4             2             5             11            10            14            2             1             2             
Los Angeles       43            9             11            8             4             4             14            21            3             -             34            6             31            12            62            36            11            5             12            17            
New Jersey        11            78            23            57            2             3             24            8             2             37            -             28            9             67            34            29            11            23            4             8             
Piraeus           6             10            16            10            2             2             26            6             2             6             15            -             5             23            20            18            11            23            2             5             
Qingdao           18            5             15            15            4             4             21            18            3             77            20            14            -             16            38            13            20            10            7             1             
Rotterdam         10            32            30            17            3             5             47            8             4             14            80            16            10            -             34            32            16            40            4             8             
Shanghai          41            11            27            29            8             10            33            27            9             90            48            22            30            35            -             25            41            16            18            16            
Shenzhen          35            12            31            33            9             10            45            35            9             50            50            27            8             43            20            -             44            15            7             3             
Singapore         16            8             59            17            8             17            94            13            9             39            24            17            14            25            51            49            -             15            3             15            
Tanger Med        6             21            17            16            2             4             23            3             2             4             21            12            5             19            17            16            10            -             2             4             
Tianjin           13            4             14            11            2             4             21            8             2             31            14            9             16            17            32            11            17            6             -             1             
Xiamen            30            4             21            22            3             4             31            19            4             23            23            16            6             25            17            73            25            9             1             -             

Port-Level Shipment Waiting and Vessel Queue Statistics

Port                       Origin Waiting TEU   Transshipment Waiting TEU   Total Waiting TEU   Vessels Waiting
---------------------------------------------------------------------------------------------------------------
Busan                                     551                         142                 693              0.00
Cartagena                                 267                           0                 267              0.01
Colombo                                   464                          24                 487              0.00
Hamburg                                   290                           0                 290              0.00
Ho Chi Minh City                           95                           0                  95              0.05
Jakarta                                   112                           0                 112              0.05
Jebel Ali                                 425                           0                 425              0.00
Kaohsiung                                 280                          64                 344              0.29
Laem Chabang                               96                           0                  96              0.02
Los Angeles                               344                           0                 344              0.00
New Jersey                                457                         126                 583              0.00
Piraeus                                   206                           0                 206              0.00
Qingdao                                   318                          55                 373              0.01
Rotterdam                                 411                           0                 411              0.00
Shanghai                                  535                       1,078               1,613              0.00
Shenzhen                                  486                         126                 612              0.00
Singapore                                 493                         510               1,003              0.01
Tanger Med                                206                          79                 285              0.00
Tianjin                                   232                           0                 232              0.01
Xiamen                                    356                           0                 356              0.02
---------------------------------------------------------------------------------------------------------------
TOTAL                                   6,623                       2,204               8,827              0.49



============================================================
Shipment Being Transported Statistics
============================================================

Average TEUs in Transition by Demand Matrix
------------------------------------------------------------
Origin Dest       Busan         Cartagena     Colombo       Hamburg       Ho Chi Minh CityJakarta       Jebel Ali     Kaohsiung     Laem Chabang  Los Angeles   New Jersey    Piraeus       Qingdao       Rotterdam     Shanghai      Shenzhen      Singapore     Tanger Med    Tianjin       Xiamen        
----------------------------------------------------------------------------------------------------------------------------------------------------------------------------------------------------------------------------------------------------------------------------------------------------------
Busan             -             40            56            153           9             11            117           77            12            497           217           112           6             196           27            38            52            75            5             34            
Cartagena         27            -             63            38            13            19            61            19            17            99            29            36            39            50            117           95            60            32            23            27            
Colombo           53            52            -             131           13            16            65            38            18            83            99            89            47            201           84            96            29            97            18            48            
Hamburg           79            36            181           -             20            28            218           54            21            130           68            28            72            8             245           259           104           23            43            79            
Ho Chi Minh City  11            15            29            39            -             8             57            9             2             76            30            26            12            61            41            47            15            28            9             15            
Jakarta           18            16            35            52            4             -             62            13            6             92            46            55            14            85            49            54            6             29            11            18            
Jebel Ali         60            42            65            126           16            23            -             47            17            156           94            77            45            182           73            85            53            127           20            52            
Kaohsiung         18            21            23            87            9             14            42            -             11            247           86            46            14            94            32            17            29            41            10            11            
Laem Chabang      12            11            26            45            4             7             56            8             -             86            29            39            13            59            38            42            10            25            12            14            
Los Angeles       277           126           103           104           34            34            142           142           28            -             436           90            222           168           414           276           104           70            98            137           
New Jersey        88            49            142           66            15            23            105           67            15            429           -             49            80            69            252           227           71            19            37            72            
Piraeus           61            47            110           19            13            21            138           49            15            86            69            -             59            36            183           169           75            20            28            59            
Qingdao           23            35            35            97            9             12            63            9             9             427           118           83            -             118           8             8             32            58            13            0             
Rotterdam         128           60            246           5             35            48            315           83            36            173           103           25            113           -             347           351           141           28            55            110           
Shanghai          11            80            59            271           21            26            108           15            25            472           294           168           16            332           -             14            57            136           39            5             
Shenzhen          55            69            56            297           20            22            133           13            22            297           281           189           18            377           45            -             40            119           14            9             
Singapore         47            54            28            135           5             9             100           32            8             337           110           104           49            191           70            88            -             90            18            56            
Tanger Med        67            33            127           14            21            33            153           38            24            79            20            11            52            14            172           172           87            -             31            54            
Tianjin           19            25            28            78            5             8             62            11            7             189           90            57            3             124           11            7             32            43            -             0             
Xiamen            48            34            39            143           6             9             79            10            9             166           149           87            11            164           30            14            33            59            2             -             

Completed TEUs by Demand Matrix
------------------------------------------------------------
Origin Dest       Busan         Cartagena     Colombo       Hamburg       Ho Chi Minh CityJakarta       Jebel Ali     Kaohsiung     Laem Chabang  Los Angeles   New Jersey    Piraeus       Qingdao       Rotterdam     Shanghai      Shenzhen      Singapore     Tanger Med    Tianjin       Xiamen        
----------------------------------------------------------------------------------------------------------------------------------------------------------------------------------------------------------------------------------------------------------------------------------------------------------
Busan             -             112           589           569           78            112           981           2371          100           2200          839           454           607           729           1610          967           716           284           449           460           
Cartagena         57            -             201           407           46            59            213           45            43            189           921           296           80            549           346           266           193           451           48            67            
Colombo           441           220           -             745           246           305           2175          294           292           245           616           577           389           1160          1409          1342          1117          574           116           407           
Hamburg           221           321           818           -             69            100           1104          140           75            232           951           616           196           1142          864           884           423           967           112           226           
Ho Chi Minh City  79            49            293           151           -             258           459           58            202           240           137           125           84            251           488           505           719           123           49            104           
Jakarta           126           51            393           223           173           -             540           83            195           280           203           268           98            373           621           586           586           125           59            123           
Jebel Ali         437           132           2162          812           207           274           -             293           196           412           419           629           285           1194          832           855           932           918           106           350           
Kaohsiung         1025          38            171           292           61            102           267           -             80            1377          282           162           327           308           626           300           267           128           346           147           
Laem Chabang      97            32            302           189           97            277           469           61            -             262           141           174           87            246           478           469           681           111           67            99            
Los Angeles       975           221           300           210           94            103           404           424           75            -             915           199           779           370           1476          872           329           143           294           432           
New Jersey        255           1295          635           990           53            78            410           192           51            845           -             530           211           1103          884           743           279           404           83            212           
Piraeus           188           270           614           431           55            91            904           135           65            164           565           -             169           928           768           665           342           857           82            196           
Qingdao           423           105           381           367           84            128           547           390           79            1983          462           331           -             476           961           343           494           229           192           19            
Rotterdam         368           571           1149          736           136           186           1664          223           131           288           1545          605           293           -             1203          1218          575           1520          129           329           
Shanghai          979           268           927           1136          281           371           1226          692           295           2334          1368          765           874           1408          -             915           1524          598           616           393           
Shenzhen          1247          237           1118          1308          308           393           1774          808           303           1147          1443          951           296           1753          734           -             1614          539           243           115           
Singapore         504           206           1174          685           357           807           1915          319           385           1100          600           594           494           974           1922          1822          -             462           127           582           
Tanger Med        191           380           622           608           80            126           937           110           94            147           413           453           142           816           667           619           391           -             81            159           
Tianjin           326           69            293           292           53            79            523           180           60            809           327           244           408           466           759           234           459           159           -             15            
Xiamen            736           100           526           560           72            105           811           457           96            631           608           390           173           675           423           1748          670           237           21            -             


============================================================
Service Route Capacity and Utilization Statistics
============================================================
Route     Name                                Avg Capacity TEU     Avg Carried TEU    Utilization
-------------------------------------------------------------------------------------------------
S1        Asia-Europe-NorthEurope                      189,133              12,981          6.86%
S2        Intra-EastAsia                                11,576                 426          3.68%
S3        SEA-Feeder                                     6,966                 241          3.46%
S4        Transpacific-WestCoast                       126,438               5,536          4.38%
S5        Asia-US-East                                 115,048               3,648          3.17%
S6        Transatlantic-SouthConnector                  22,711                 854          3.76%
S7        IndianOcean-MiddleEast                         7,424                 452          6.09%
-------------------------------------------------------------------------------------------------
TOTAL                                                  479,295              24,139          5.04%


============================================================
Vessel Statistics
============================================================
Metric                                            Average Count
---------------------------------------------------------------
Average vessels sailing                                   36.78
Average vessels waiting for berth at port                  0.49
Average vessels being served at berth                      1.72
---------------------------------------------------------------
TOTAL average active/port vessels                         39.00


Period Result Output: Period 28 (Days 136-140)
Output Simulation Day: 140
Simulation Running Time: 00:07:26

Simulation Progress: Day 145 / 360
Simulation Clock Time: 0001-10-13 00:00:00


============================================================
Shipment Waiting for Loading Statistics
============================================================

TEUs by Demand Matrix
------------------------------------------------------------
Origin Dest       Busan         Cartagena     Colombo       Hamburg       Ho Chi Minh CityJakarta       Jebel Ali     Kaohsiung     Laem Chabang  Los Angeles   New Jersey    Piraeus       Qingdao       Rotterdam     Shanghai      Shenzhen      Singapore     Tanger Med    Tianjin       Xiamen        
----------------------------------------------------------------------------------------------------------------------------------------------------------------------------------------------------------------------------------------------------------------------------------------------------------
Busan             -             5             22            20            4             3             36            119           4             108           30            16            26            26            65            41            26            13            17            20            
Cartagena         5             -             12            21            2             3             12            3             2             10            59            19            6             33            18            15            11            25            2             3             
Colombo           13            9             -             19            13            14            110           11            15            8             23            18            12            31            40            36            62            17            3             11            
Hamburg           6             20            21            -             2             3             31            5             2             9             52            16            5             31            22            23            11            25            3             6             
Ho Chi Minh City  2             1             6             3             -             5             9             2             4             8             3             3             2             5             10            11            15            3             1             2             
Jakarta           3             2             9             4             4             -             12            3             4             8             4             6             2             8             14            12            13            3             1             3             
Jebel Ali         12            8             107           21            10            15            -             10            10            16            22            19            9             34            22            22            50            25            3             10            
Kaohsiung         46            4             8             12            3             4             12            -             4             57            13            7             15            12            31            14            12            6             16            6             
Laem Chabang      2             2             6             4             2             6             11            2             -             8             3             4             2             5             11            10            14            2             1             2             
Los Angeles       43            10            11            8             4             4             14            21            3             -             35            7             32            12            63            37            11            5             12            17            
New Jersey        10            83            22            60            2             3             25            7             2             36            -             29            8             70            34            29            10            24            4             8             
Piraeus           6             12            16            10            2             2             26            6             2             6             15            -             6             23            21            18            10            23            2             5             
Qingdao           17            5             15            14            4             4             20            20            3             84            20            14            -             16            38            13            19            10            7             1             
Rotterdam         10            34            29            18            4             5             47            8             3             14            84            16            10            -             34            32            15            40            4             8             
Shanghai          44            13            27            30            8             10            34            29            9             98            52            23            32            36            -             25            42            16            19            16            
Shenzhen          35            13            31            33            9             10            45            35            9             49            54            27            8             43            20            -             44            15            7             3             
Singapore         16            9             59            17            8             17            94            13            9             39            25            17            14            25            51            48            -             14            3             15            
Tanger Med        6             22            18            16            2             4             23            3             2             4             21            12            5             20            17            17            10            -             2             4             
Tianjin           13            4             14            11            2             4             21            8             2             30            13            9             16            17            32            10            17            6             -             0             
Xiamen            29            4             21            21            3             4             30            19            4             23            23            15            6             25            17            72            25            9             1             -             

Port-Level Shipment Waiting and Vessel Queue Statistics

Port                       Origin Waiting TEU   Transshipment Waiting TEU   Total Waiting TEU   Vessels Waiting
---------------------------------------------------------------------------------------------------------------
Busan                                     601                         144                 745              0.00
Cartagena                                 260                           0                 260              0.01
Colombo                                   466                          25                 490              0.00
Hamburg                                   292                           0                 292              0.00
Ho Chi Minh City                           96                           0                  96              0.05
Jakarta                                   112                           0                 112              0.05
Jebel Ali                                 424                           0                 424              0.00
Kaohsiung                                 282                          69                 351              0.28
Laem Chabang                               97                           0                  97              0.02
Los Angeles                               350                           0                 350              0.00
New Jersey                                469                         129                 598              0.00
Piraeus                                   210                           0                 210              0.00
Qingdao                                   323                          59                 382              0.01
Rotterdam                                 414                           0                 414              0.00
Shanghai                                  561                       1,119               1,680              0.00
Shenzhen                                  489                         127                 616              0.00
Singapore                                 492                         510               1,002              0.01
Tanger Med                                210                          78                 288              0.00
Tianjin                                   230                           0                 230              0.01
Xiamen                                    350                           0                 350              0.02
---------------------------------------------------------------------------------------------------------------
TOTAL                                   6,728                       2,259               8,988              0.48



============================================================
Shipment Being Transported Statistics
============================================================

Average TEUs in Transition by Demand Matrix
------------------------------------------------------------
Origin Dest       Busan         Cartagena     Colombo       Hamburg       Ho Chi Minh CityJakarta       Jebel Ali     Kaohsiung     Laem Chabang  Los Angeles   New Jersey    Piraeus       Qingdao       Rotterdam     Shanghai      Shenzhen      Singapore     Tanger Med    Tianjin       Xiamen        
----------------------------------------------------------------------------------------------------------------------------------------------------------------------------------------------------------------------------------------------------------------------------------------------------------
Busan             -             39            54            151           8             10            113           74            12            492           214           111           6             194           26            37            50            75            5             33            
Cartagena         27            -             64            38            13            19            61            19            17            99            34            36            40            52            118           95            60            34            23            27            
Colombo           54            51            -             131           13            16            63            40            18            84            98            90            48            201           85            96            31            98            19            48            
Hamburg           80            35            180           -             21            29            220           55            21            131           65            29            73            8             246           259           103           24            43            78            
Ho Chi Minh City  11            15            29            40            -             8             56            9             2             76            30            26            12            61            41            47            15            28            9             14            
Jakarta           18            16            35            52            4             -             63            13            6             94            46            55            15            85            49            54            6             29            11            18            
Jebel Ali         61            42            63            125           16            24            -             48            17            157           94            78            46            184           74            85            53            127           20            51            
Kaohsiung         18            21            23            87            9             14            42            -             11            244           86            46            14            95            32            17            29            41            10            11            
Laem Chabang      12            11            26            45            4             7             56            8             -             86            29            39            14            59            38            42            10            25            12            14            
Los Angeles       282           126           103           104           34            34            142           144           29            -             436           90            224           167           417           279           104           70            98            137           
New Jersey        89            48            142           66            15            24            104           68            16            430           -             49            81            69            255           229           71            19            37            73            
Piraeus           62            46            110           18            13            20            139           49            15            88            68            -             60            35            182           169           74            20            28            59            
Qingdao           24            34            35            97            9             12            63            8             9             422           119           83            -             117           8             8             32            59            12            0             
Rotterdam         130           58            246           5             35            48            315           84            36            175           99            25            115           -             347           351           141           29            55            109           
Shanghai          11            79            58            271           21            25            108           15            25            466           289           169           16            331           -             14            56            135           39            5             
Shenzhen          55            68            55            298           20            22            133           13            22            298           277           190           18            377           44            -             39            119           13            9             
Singapore         50            53            29            135           5             9             99            34            8             339           109           104           51            192           71            88            -             91            18            55            
Tanger Med        67            32            127           13            21            33            153           38            24            80            20            11            53            14            171           171           87            -             31            53            
Tianjin           19            24            28            78            5             8             62            12            7             189           91            57            3             124           11            7             31            42            -             0             
Xiamen            47            34            39            143           6             9             79            10            9             166           149           87            11            164           30            14            32            59            2             -             

Completed TEUs by Demand Matrix
------------------------------------------------------------
Origin Dest       Busan         Cartagena     Colombo       Hamburg       Ho Chi Minh CityJakarta       Jebel Ali     Kaohsiung     Laem Chabang  Los Angeles   New Jersey    Piraeus       Qingdao       Rotterdam     Shanghai      Shenzhen      Singapore     Tanger Med    Tianjin       Xiamen        
----------------------------------------------------------------------------------------------------------------------------------------------------------------------------------------------------------------------------------------------------------------------------------------------------------
Busan             -             117           589           569           78            112           981           2371          100           2200          839           487           607           729           1610          1014          716           284           449           460           
Cartagena         57            -             234           407           46            59            248           45            45            189           1119          296           80            549           346           266           197           451           48            67            
Colombo           441           221           -             745           246           305           2175          294           292           245           616           618           389           1160          1409          1342          1269          574           116           434           
Hamburg           221           331           852           -             74            100           1169          140           78            232           951           616           196           1210          864           884           443           1034          112           243           
Ho Chi Minh City  79            49            293           151           -             272           459           58            213           240           137           129           84            251           488           505           719           123           49            111           
Jakarta           126           55            393           223           185           -             540           83            202           280           203           279           98            373           621           586           609           125           59            135           
Jebel Ali         437           132           2162          812           207           274           -             293           196           412           419           680           285           1194          832           855           1023          918           106           386           
Kaohsiung         1025          52            179           292           61            105           267           -             81            1377          282           171           327           308           667           320           267           128           346           151           
Laem Chabang      97            33            302           189           99            292           469           61            -             262           141           182           87            246           478           469           681           111           67            107           
Los Angeles       975           221           300           210           94            103           404           424           75            -             915           199           779           370           1730          872           329           143           294           432           
New Jersey        255           1295          639           990           63            78            470           192           57            845           -             530           211           1103          884           743           321           404           83            212           
Piraeus           188           294           642           431           61            91            930           135           68            164           565           -             169           928           768           665           379           857           82            213           
Qingdao           423           105           412           367           88            135           547           390           84            1983          462           349           -             476           1023          365           494           229           192           22            
Rotterdam         368           580           1206          736           141           186           1717          223           142           288           1545          605           293           -             1203          1218          606           1628          129           345           
Shanghai          979           274           1004          1136          305           389           1226          692           313           2334          1368          833           874           1408          -             915           1556          598           616           408           
Shenzhen          1247          243           1199          1308          329           414           1774          848           334           1147          1443          1025          296           1753          774           -             1632          539           243           121           
Singapore         504           214           1174          685           374           840           1915          319           409           1100          600           620           494           974           1922          1822          -             462           127           614           
Tanger Med        191           384           655           608           85            126           970           110           102           147           413           453           142           816           667           619           416           -             81            171           
Tianjin           326           69            312           292           54            83            523           180           63            809           327           259           408           466           818           247           459           159           -             16            
Xiamen            736           100           546           560           77            112           811           486           102           631           608           406           173           675           440           1806          670           237           21            -             


============================================================
Service Route Capacity and Utilization Statistics
============================================================
Route     Name                                Avg Capacity TEU     Avg Carried TEU    Utilization
-------------------------------------------------------------------------------------------------
S1        Asia-Europe-NorthEurope                      189,227              12,981          6.86%
S2        Intra-EastAsia                                11,626                 425          3.66%
S3        SEA-Feeder                                     6,964                 240          3.45%
S4        Transpacific-WestCoast                       126,503               5,522          4.36%
S5        Asia-US-East                                 115,084               3,631          3.16%
S6        Transatlantic-SouthConnector                  22,727                 856          3.77%
S7        IndianOcean-MiddleEast                         7,427                 451          6.08%
-------------------------------------------------------------------------------------------------
TOTAL                                                  479,558              24,107          5.03%


============================================================
Vessel Statistics
============================================================
Metric                                            Average Count
---------------------------------------------------------------
Average vessels sailing                                   36.81
Average vessels waiting for berth at port                  0.48
Average vessels being served at berth                      1.71
---------------------------------------------------------------
TOTAL average active/port vessels                         39.00


Period Result Output: Period 29 (Days 141-145)
Output Simulation Day: 145
Simulation Running Time: 00:07:40

Simulation Progress: Day 150 / 360
Simulation Clock Time: 0001-10-18 00:00:00


============================================================
Shipment Waiting for Loading Statistics
============================================================

TEUs by Demand Matrix
------------------------------------------------------------
Origin Dest       Busan         Cartagena     Colombo       Hamburg       Ho Chi Minh CityJakarta       Jebel Ali     Kaohsiung     Laem Chabang  Los Angeles   New Jersey    Piraeus       Qingdao       Rotterdam     Shanghai      Shenzhen      Singapore     Tanger Med    Tianjin       Xiamen        
----------------------------------------------------------------------------------------------------------------------------------------------------------------------------------------------------------------------------------------------------------------------------------------------------------
Busan             -             5             22            20            3             3             36            118           4             107           30            16            26            26            65            40            26            13            17            20            
Cartagena         4             -             12            21            2             3             12            3             2             9             57            19            6             32            17            15            11            25            2             3             
Colombo           13            10            -             19            13            14            109           11            15            8             25            18            12            30            39            36            63            16            3             11            
Hamburg           6             22            21            -             2             3             32            5             2             9             56            16            6             32            22            24            11            25            3             6             
Ho Chi Minh City  2             2             6             3             -             5             9             2             4             8             3             3             2             6             10            11            15            3             1             2             
Jakarta           3             2             9             4             4             -             12            3             4             7             4             6             2             8             14            12            13            3             1             3             
Jebel Ali         13            9             110           21            11            15            -             10            10            16            22            19            9             33            23            23            52            25            2             10            
Kaohsiung         45            4             8             12            3             4             12            -             3             63            13            7             15            12            31            14            12            6             15            6             
Laem Chabang      2             2             6             4             2             6             10            2             -             8             3             4             2             5             11            10            15            2             1             2             
Los Angeles       43            11            11            8             4             4             15            21            3             -             35            7             32            12            63            37            11            5             12            17            
New Jersey        10            90            22            58            2             3             25            7             2             35            -             29            8             68            34            28            10            24            4             8             
Piraeus           6             14            16            10            2             2             26            5             2             6             14            -             6             23            21            18            10            23            2             5             
Qingdao           17            6             15            14            3             4             20            20            3             85            20            14            -             15            37            13            19            10            6             1             
Rotterdam         10            37            30            18            4             5             48            8             3             14            88            16            10            -             35            32            16            41            4             9             
Shanghai          43            14            27            30            8             10            33            30            9             102           52            23            32            36            -             25            41            15            19            16            
Shenzhen          35            14            32            33            9             11            45            35            9             49            57            27            8             44            20            -             44            15            7             3             
Singapore         16            10            58            17            8             17            93            13            9             39            26            17            14            25            51            48            -             15            3             15            
Tanger Med        6             24            18            16            2             4             23            3             2             4             22            12            5             20            17            17            10            -             2             4             
Tianjin           12            5             14            11            2             4             21            7             2             30            13            9             16            17            31            10            17            6             -             0             
Xiamen            29            5             20            21            3             4             30            18            5             22            23            15            6             25            17            71            25            9             1             -             

Port-Level Shipment Waiting and Vessel Queue Statistics

Port                       Origin Waiting TEU   Transshipment Waiting TEU   Total Waiting TEU   Vessels Waiting
---------------------------------------------------------------------------------------------------------------
Busan                                     596                         146                 742              0.00
Cartagena                                 253                           0                 253              0.01
Colombo                                   465                          26                 491              0.01
Hamburg                                   302                           0                 302              0.00
Ho Chi Minh City                           96                           0                  96              0.05
Jakarta                                   112                           0                 112              0.05
Jebel Ali                                 431                           0                 431              0.00
Kaohsiung                                 285                          74                 359              0.27
Laem Chabang                               98                           0                  98              0.02
Los Angeles                               351                           0                 351              0.00
New Jersey                                468                         133                 601              0.00
Piraeus                                   210                           0                 210              0.00
Qingdao                                   323                          59                 382              0.01
Rotterdam                                 429                           0                 429              0.00
Shanghai                                  565                       1,145               1,710              0.00
Shenzhen                                  496                         128                 625              0.00
Singapore                                 494                         509               1,003              0.01
Tanger Med                                214                          77                 291              0.00
Tianjin                                   227                           0                 227              0.01
Xiamen                                    349                           0                 349              0.02
---------------------------------------------------------------------------------------------------------------
TOTAL                                   6,764                       2,297               9,061              0.48



============================================================
Shipment Being Transported Statistics
============================================================

Average TEUs in Transition by Demand Matrix
------------------------------------------------------------
Origin Dest       Busan         Cartagena     Colombo       Hamburg       Ho Chi Minh CityJakarta       Jebel Ali     Kaohsiung     Laem Chabang  Los Angeles   New Jersey    Piraeus       Qingdao       Rotterdam     Shanghai      Shenzhen      Singapore     Tanger Med    Tianjin       Xiamen        
----------------------------------------------------------------------------------------------------------------------------------------------------------------------------------------------------------------------------------------------------------------------------------------------------------
Busan             -             39            55            152           8             10            115           86            11            496           214           112           7             195           31            37            52            76            5             35            
Cartagena         28            -             63            39            13            18            60            20            17            99            34            37            41            55            118           96            59            36            23            26            
Colombo           56            50            -             131           13            16            67            42            18            84            97            91            48            201           86            97            30            98            19            47            
Hamburg           80            34            179           -             21            29            221           55            21            131           63            28            74            8             246           259           103           23            43            78            
Ho Chi Minh City  11            15            29            40            -             8             56            9             2             76            30            26            13            62            41            48            15            27            9             14            
Jakarta           18            16            35            52            4             -             65            14            6             94            46            55            15            85            49            54            6             29            11            18            
Jebel Ali         62            42            61            125           16            24            -             49            18            158           94            77            47            186           73            85            51            128           20            51            
Kaohsiung         18            21            23            87            9             15            42            -             11            240           86            46            14            95            32            17            29            41            9             10            
Laem Chabang      12            11            26            45            4             6             56            8             -             86            29            39            14            59            38            42            9             26            12            14            
Los Angeles       283           125           103           104           34            35            143           146           29            -             439           91            226           166           414           282           104           70            99            138           
New Jersey        90            46            142           72            15            24            106           69            16            433           -             51            82            75            257           230           71            22            38            73            
Piraeus           63            44            109           19            13            20            141           50            15            88            69            -             61            36            182           168           74            20            28            59            
Qingdao           24            34            35            97            9             12            63            10            8             422           119           83            -             116           8             8             33            59            12            0             
Rotterdam         129           56            245           5             35            48            315           85            35            177           96            25            116           -             345           352           141           28            56            108           
Shanghai          12            77            58            273           21            25            108           16            24            464           289           170           18            332           -             14            56            135           40            5             
Shenzhen          53            67            54            299           20            22            132           12            22            299           275           190           18            379           43            -             39            119           13            9             
Singapore         51            52            29            134           5             9             100           35            8             341           107           103           52            192           71            89            -             91            19            55            
Tanger Med        67            31            128           14            21            33            153           38            24            80            19            11            54            15            170           171           87            -             31            53            
Tianjin           19            24            28            78            6             8             62            13            7             190           91            57            3             124           11            7             32            42            -             0             
Xiamen            46            33            38            143           6             9             78            10            9             165           149           86            11            163           29            14            33            59            2             -             

Completed TEUs by Demand Matrix
------------------------------------------------------------
Origin Dest       Busan         Cartagena     Colombo       Hamburg       Ho Chi Minh CityJakarta       Jebel Ali     Kaohsiung     Laem Chabang  Los Angeles   New Jersey    Piraeus       Qingdao       Rotterdam     Shanghai      Shenzhen      Singapore     Tanger Med    Tianjin       Xiamen        
----------------------------------------------------------------------------------------------------------------------------------------------------------------------------------------------------------------------------------------------------------------------------------------------------------
Busan             -             117           589           619           78            112           981           2856          100           2420          839           487           757           785           1918          1014          716           312           488           560           
Cartagena         66            -             246           407           46            67            248           47            45            193           1163          296           97            549           401           278           225           451           48            69            
Colombo           503           221           -             782           246           333           2175          371           292           253           651           637           437           1244          1517          1431          1269          636           116           456           
Hamburg           253           333           852           -             74            108           1169          174           78            232           951           655           225           1210          923           921           462           1034          112           256           
Ho Chi Minh City  84            49            323           163           -             288           459           72            213           260           137           133           94            263           525           548           748           132           49            121           
Jakarta           142           55            451           232           185           -             540           101           202           313           207           297           116           389           642           608           632           141           59            142           
Jebel Ali         485           132           2162          857           207           316           -             358           196           460           419           700           334           1272          885           910           1023          991           106           403           
Kaohsiung         1090          52            179           299           61            105           283           -             81            1494          282           176           357           313           716           320           267           136           361           157           
Laem Chabang      102           33            334           196           99            301           469           69            -             284           141           198           104           256           525           515           712           122           67            115           
Los Angeles       1158          221           300           210           94            103           404           523           75            -             915           211           915           370           1730          1042          329           157           294           514           
New Jersey        273           1295          666           990           63            88            470           225           57            850           -             530           234           1103          1029          849           337           404           83            241           
Piraeus           215           298           642           456           61            95            930           177           68            200           565           -             207           986           818           710           391           936           82            228           
Qingdao           489           105           412           389           88            135           581           468           84            2162          485           369           -             490           1072          365           494           257           198           22            
Rotterdam         422           580           1206          787           141           193           1717          264           142           288           1545          650           356           -             1300          1280          618           1628          129           366           
Shanghai          1157          274           1004          1205          305           396           1333          792           313           2553          1420          877           1017          1476          -             957           1556          654           650           425           
Shenzhen          1309          243           1199          1361          329           429           1912          848           334           1264          1489          1053          317           1831          810           -             1632          617           257           125           
Singapore         591           214           1278          721           374           880           1915          393           409           1208          633           647           570           1024          2061          1934          -             515           127           649           
Tanger Med        227           384           655           660           85            130           970           129           102           164           413           491           169           898           708           658           433           -             81            185           
Tianjin           360           69            312           304           54            83            558           225           63            882           353           268           427           485           868           247           459           176           -             16            
Xiamen            772           100           546           587           77            112           857           486           102           694           630           442           184           702           454           1806          670           262           21            -             


============================================================
Service Route Capacity and Utilization Statistics
============================================================
Route     Name                                Avg Capacity TEU     Avg Carried TEU    Utilization
-------------------------------------------------------------------------------------------------
S1        Asia-Europe-NorthEurope                      189,183              12,965          6.85%
S2        Intra-EastAsia                                11,652                 426          3.65%
S3        SEA-Feeder                                     6,975                 239          3.43%
S4        Transpacific-WestCoast                       126,290               5,519          4.37%
S5        Asia-US-East                                 115,042               3,622          3.15%
S6        Transatlantic-SouthConnector                  22,745                 869          3.82%
S7        IndianOcean-MiddleEast                         7,428                 453          6.10%
-------------------------------------------------------------------------------------------------
TOTAL                                                  479,317              24,093          5.03%


============================================================
Vessel Statistics
============================================================
Metric                                            Average Count
---------------------------------------------------------------
Average vessels sailing                                   36.79
Average vessels waiting for berth at port                  0.48
Average vessels being served at berth                      1.73
---------------------------------------------------------------
TOTAL average active/port vessels                         39.00


Period Result Output: Period 30 (Days 146-150)
Output Simulation Day: 150
Simulation Running Time: 00:07:56

Simulation Progress: Day 155 / 360
Simulation Clock Time: 0001-10-23 00:00:00


============================================================
Shipment Waiting for Loading Statistics
============================================================

TEUs by Demand Matrix
------------------------------------------------------------
Origin Dest       Busan         Cartagena     Colombo       Hamburg       Ho Chi Minh CityJakarta       Jebel Ali     Kaohsiung     Laem Chabang  Los Angeles   New Jersey    Piraeus       Qingdao       Rotterdam     Shanghai      Shenzhen      Singapore     Tanger Med    Tianjin       Xiamen        
----------------------------------------------------------------------------------------------------------------------------------------------------------------------------------------------------------------------------------------------------------------------------------------------------------
Busan             -             5             21            20            3             3             35            116           4             105           29            16            26            26            64            40            25            12            17            20            
Cartagena         4             -             12            21            2             3             11            3             2             9             57            19            6             32            17            15            11            24            2             3             
Colombo           13            12            -             19            13            14            109           11            15            8             27            19            12            31            40            37            64            16            3             11            
Hamburg           6             23            21            -             2             3             31            5             2             9             58            16            6             31            22            24            11            25            3             6             
Ho Chi Minh City  2             2             6             3             -             5             9             2             4             7             3             3             2             5             10            11            15            3             1             2             
Jakarta           3             3             9             4             4             -             12            3             4             7             4             6             2             8             14            12            13            3             1             3             
Jebel Ali         13            9             108           21            10            15            -             10            10            16            22            19            9             34            23            23            51            25            3             10            
Kaohsiung         44            4             8             11            2             4             11            -             3             62            13            7             14            12            30            14            12            6             15            6             
Laem Chabang      2             2             6             4             2             6             10            2             -             8             3             4             2             5             11            10            15            2             1             2             
Los Angeles       42            11            11            8             4             4             14            21            4             -             34            6             31            12            62            36            11            5             12            17            
New Jersey        10            98            22            57            2             3             24            8             2             35            -             29            9             66            34            29            10            23            4             8             
Piraeus           6             16            16            10            2             3             27            5             2             6             15            -             6             23            21            18            10            24            2             5             
Qingdao           17            6             15            14            3             4             20            19            3             84            20            14            -             15            38            12            19            10            6             1             
Rotterdam         10            39            30            18            4             5             47            8             3             14            92            16            10            -             34            32            15            41            4             9             
Shanghai          43            16            27            29            8             10            33            29            9             100           51            23            31            35            -             25            41            15            18            16            
Shenzhen          34            14            32            33            9             11            45            34            10            48            56            27            8             44            20            -             44            15            7             3             
Singapore         16            10            59            17            8             17            94            13            9             38            26            17            14            25            51            49            -             15            3             15            
Tanger Med        6             26            19            16            2             4             24            3             2             4             24            12            5             20            17            17            10            -             2             4             
Tianjin           13            5             14            11            2             4             21            8             2             30            13            9             16            17            31            10            17            6             -             0             
Xiamen            28            5             20            21            3             4             30            18            4             22            22            15            6             24            17            70            24            9             1             -             

Port-Level Shipment Waiting and Vessel Queue Statistics

Port                       Origin Waiting TEU   Transshipment Waiting TEU   Total Waiting TEU   Vessels Waiting
---------------------------------------------------------------------------------------------------------------
Busan                                     588                         147                 736              0.01
Cartagena                                 253                           0                 253              0.01
Colombo                                   475                          26                 501              0.01
Hamburg                                   301                           0                 301              0.00
Ho Chi Minh City                           95                           0                  95              0.05
Jakarta                                   114                           0                 114              0.06
Jebel Ali                                 428                           0                 428              0.00
Kaohsiung                                 280                          74                 354              0.26
Laem Chabang                               97                           0                  97              0.02
Los Angeles                               345                           0                 345              0.00
New Jersey                                474                         136                 610              0.00
Piraeus                                   217                           0                 217              0.00
Qingdao                                   322                          57                 379              0.01
Rotterdam                                 429                           0                 429              0.00
Shanghai                                  559                       1,148               1,707              0.00
Shenzhen                                  495                         130                 625              0.00
Singapore                                 496                         510               1,006              0.01
Tanger Med                                218                          81                 299              0.00
Tianjin                                   228                           0                 228              0.01
Xiamen                                    344                           0                 344              0.02
---------------------------------------------------------------------------------------------------------------
TOTAL                                   6,758                       2,311               9,068              0.47



============================================================
Shipment Being Transported Statistics
============================================================

Average TEUs in Transition by Demand Matrix
------------------------------------------------------------
Origin Dest       Busan         Cartagena     Colombo       Hamburg       Ho Chi Minh CityJakarta       Jebel Ali     Kaohsiung     Laem Chabang  Los Angeles   New Jersey    Piraeus       Qingdao       Rotterdam     Shanghai      Shenzhen      Singapore     Tanger Med    Tianjin       Xiamen        
----------------------------------------------------------------------------------------------------------------------------------------------------------------------------------------------------------------------------------------------------------------------------------------------------------
Busan             -             39            57            153           9             11            118           85            12            496           215           113           7             196           31            37            54            77            6             34            
Cartagena         28            -             63            40            13            18            60            20            17            99            33            38            41            56            117           96            59            36            23            26            
Colombo           56            49            -             131           13            16            65            41            18            85            96            91            48            199           85            97            30            98            20            46            
Hamburg           80            34            180           -             21            29            222           56            21            132           63            29            74            8             246           260           102           24            43            77            
Ho Chi Minh City  12            15            29            40            -             8             56            9             2             76            30            26            13            62            40            48            15            27            9             14            
Jakarta           18            15            35            52            4             -             64            14            6             95            46            55            16            85            50            54            6             29            11            17            
Jebel Ali         62            43            65            124           17            24            -             49            18            159           95            77            48            187           74            85            53            128           20            50            
Kaohsiung         18            22            24            87            10            15            42            -             11            241           87            46            14            95            32            17            29            41            9             10            
Laem Chabang      12            11            26            45            4             6             56            8             -             86            30            39            14            58            38            42            10            26            13            14            
Los Angeles       284           126           104           105           34            35            145           146           29            -             442           91            226           166           412           282           104           70            100           138           
New Jersey        90            44            143           75            15            24            106           69            16            435           -             54            83            79            257           229           71            22            38            73            
Piraeus           63            43            108           18            13            20            141           50            14            89            69            -             61            35            182           168           73            20            28            59            
Qingdao           24            33            36            96            9             12            63            9             8             422           120           83            -             115           8             8             33            58            12            0             
Rotterdam         129           55            247           5             35            48            316           86            35            180           94            25            117           -             345           353           142           30            57            108           
Shanghai          12            76            59            275           21            25            108           15            24            465           290           172           18            332           -             14            56            134           41            4             
Shenzhen          53            68            55            299           20            22            131           12            22            299           279           190           17            380           44            -             39            118           13            9             
Singapore         51            52            28            134           4             9             98            35            7             343           107           103           53            192           71            89            -             92            19            53            
Tanger Med        67            30            129           14            21            33            153           38            24            80            18            11            55            14            169           170           87            -             31            53            
Tianjin           19            24            29            79            6             8             62            13            7             189           91            56            3             124           11            7             32            42            -             0             
Xiamen            45            33            39            142           6             9             78            10            10            164           150           85            11            163           29            13            33            59            2             -             

Completed TEUs by Demand Matrix
------------------------------------------------------------
Origin Dest       Busan         Cartagena     Colombo       Hamburg       Ho Chi Minh CityJakarta       Jebel Ali     Kaohsiung     Laem Chabang  Los Angeles   New Jersey    Piraeus       Qingdao       Rotterdam     Shanghai      Shenzhen      Singapore     Tanger Med    Tianjin       Xiamen        
----------------------------------------------------------------------------------------------------------------------------------------------------------------------------------------------------------------------------------------------------------------------------------------------------------
Busan             -             117           589           619           78            112           981           2856          100           2497          839           487           789           785           1997          1054          716           312           520           560           
Cartagena         78            -             246           466           50            69            263           47            49            193           1163          296           111           670           418           300           225           542           67            69            
Colombo           545           221           -             800           269           333           2406          371           319           253           651           637           467           1269          1594          1501          1269          636           142           456           
Hamburg           260           333           852           -             80            112           1270          174           81            232           951           655           234           1312          947           970           462           1092          137           256           
Ho Chi Minh City  94            49            323           177           -             300           487           72            223           260           137           133           102           278           553           579           767           132           56            121           
Jakarta           149           55            451           240           195           -             640           101           214           313           207           297           121           408           674           643           632           141           70            142           
Jebel Ali         517           132           2397          886           225           316           -             358           224           460           419           700           358           1328          935           947           1023          991           124           403           
Kaohsiung         1142          52            182           306           61            105           283           -             81            1520          282           176           357           319           716           337           270           136           376           157           
Laem Chabang      113           33            334           201           102           312           516           69            -             284           141           198           114           271           548           536           750           122           78            115           
Los Angeles       1201          221           337           227           94            120           404           523           75            -             915           211           956           396           1813          1103          380           157           356           514           
New Jersey        318           1295          666           1217          65            95            502           225           59            850           -             530           277           1342          1054          874           337           507           112           241           
Piraeus           227           298           642           463           65            97            1031          177           68            200           565           -             222           1008          845           736           391           936           96            228           
Qingdao           508           105           439           404           88            143           581           468           84            2207          485           369           -             504           1072          383           527           257           204           22            
Rotterdam         443           580           1206          800           144           197           1850          264           145           288           1545          650           377           -             1364          1337          618           1737          172           366           
Shanghai          1214          274           1059          1228          305           418           1333          792           313           2618          1420          877           1055          1546          -             1016          1643          654           729           425           
Shenzhen          1384          243           1260          1440          329           459           1912          904           334           1264          1489          1053          317           1875          810           -             1731          617           270           125           
Singapore         637           214           1278          735           384           915           2058          393           424           1208          633           647           608           1070          2172          2017          -             515           152           649           
Tanger Med        240           384           655           680           89            134           1047          129           104           164           413           491           181           917           731           694           433           -             96            185           
Tianjin           382           69            334           324           54            86            558           225           63            882           353           268           427           506           868           258           487           176           -             16            
Xiamen            813           100           574           613           77            122           857           510           102           694           630           442           184           744           454           1905          704           262           22            -             


============================================================
Service Route Capacity and Utilization Statistics
============================================================
Route     Name                                Avg Capacity TEU     Avg Carried TEU    Utilization
-------------------------------------------------------------------------------------------------
S1        Asia-Europe-NorthEurope                      189,182              12,962          6.85%
S2        Intra-EastAsia                                11,701                 429          3.66%
S3        SEA-Feeder                                     6,969                 240          3.44%
S4        Transpacific-WestCoast                       126,308               5,544          4.39%
S5        Asia-US-East                                 115,032               3,627          3.15%
S6        Transatlantic-SouthConnector                  22,723                 863          3.80%
S7        IndianOcean-MiddleEast                         7,419                 453          6.10%
-------------------------------------------------------------------------------------------------
TOTAL                                                  479,335              24,117          5.03%


============================================================
Vessel Statistics
============================================================
Metric                                            Average Count
---------------------------------------------------------------
Average vessels sailing                                   36.79
Average vessels waiting for berth at port                  0.47
Average vessels being served at berth                      1.73
---------------------------------------------------------------
TOTAL average active/port vessels                         39.00


Period Result Output: Period 31 (Days 151-155)
Output Simulation Day: 155
Simulation Running Time: 00:08:07

Simulation Progress: Day 160 / 360
Simulation Clock Time: 0001-10-28 00:00:00


============================================================
Shipment Waiting for Loading Statistics
============================================================

TEUs by Demand Matrix
------------------------------------------------------------
Origin Dest       Busan         Cartagena     Colombo       Hamburg       Ho Chi Minh CityJakarta       Jebel Ali     Kaohsiung     Laem Chabang  Los Angeles   New Jersey    Piraeus       Qingdao       Rotterdam     Shanghai      Shenzhen      Singapore     Tanger Med    Tianjin       Xiamen        
----------------------------------------------------------------------------------------------------------------------------------------------------------------------------------------------------------------------------------------------------------------------------------------------------------
Busan             -             5             21            20            3             3             35            115           4             105           29            16            26            26            63            39            25            12            17            20            
Cartagena         4             -             12            22            2             3             12            3             2             10            58            19            6             33            17            15            11            24            2             3             
Colombo           13            11            -             19            13            14            111           11            15            8             27            18            12            31            39            37            62            16            3             11            
Hamburg           6             22            21            -             2             3             32            5             2             9             56            16            6             31            22            25            11            25            3             6             
Ho Chi Minh City  2             2             6             3             -             5             9             2             4             7             3             3             2             5             10            11            15            3             1             2             
Jakarta           3             3             9             4             4             -             12            3             4             7             4             6             2             8             13            12            13            3             1             3             
Jebel Ali         13            8             107           22            10            15            -             10            10            16            22            19            9             35            23            23            51            26            3             10            
Kaohsiung         44            4             8             11            2             4             11            -             3             61            13            7             14            12            30            14            12            6             15            6             
Laem Chabang      2             2             6             4             2             6             10            2             -             8             3             4             2             5             11            10            15            3             1             2             
Los Angeles       42            11            11            8             4             4             15            21            4             -             34            7             31            12            63            37            12            5             12            17            
New Jersey        10            108           21            57            2             3             24            8             2             35            -             29            8             66            33            28            10            23            4             8             
Piraeus           6             16            16            10            2             2             26            5             2             6             15            -             6             23            21            18            10            24            2             5             
Qingdao           17            6             15            14            3             4             20            19            3             83            20            14            -             15            37            12            19            10            6             1             
Rotterdam         10            38            30            18            4             5             47            8             3             14            90            16            10            -             35            32            15            41            4             8             
Shanghai          43            15            27            29            8             9             33            29            9             99            51            23            32            36            -             25            40            16            18            15            
Shenzhen          35            13            32            33            9             11            45            34            9             48            55            27            8             45            20            -             44            15            7             3             
Singapore         17            10            59            17            8             17            95            13            9             38            26            17            14            25            52            51            -             14            3             16            
Tanger Med        6             26            18            17            2             4             23            3             2             4             24            12            5             21            17            16            10            -             2             4             
Tianjin           12            5             14            11            2             4             20            7             2             30            13            9             15            16            31            10            16            6             -             1             
Xiamen            28            6             20            21            3             4             29            18            4             22            22            15            6             24            17            69            24            9             1             -             

Port-Level Shipment Waiting and Vessel Queue Statistics

Port                       Origin Waiting TEU   Transshipment Waiting TEU   Total Waiting TEU   Vessels Waiting
---------------------------------------------------------------------------------------------------------------
Busan                                     586                         145                 731              0.01
Cartagena                                 258                           0                 258              0.01
Colombo                                   471                          26                 497              0.01
Hamburg                                   302                           0                 302              0.00
Ho Chi Minh City                           95                           0                  95              0.05
Jakarta                                   114                           0                 114              0.05
Jebel Ali                                 431                           0                 431              0.00
Kaohsiung                                 278                          73                 350              0.26
Laem Chabang                               97                           0                  97              0.02
Los Angeles                               349                           0                 349              0.00
New Jersey                                480                         141                 622              0.00
Piraeus                                   215                           0                 215              0.00
Qingdao                                   317                          57                 374              0.01
Rotterdam                                 429                           0                 429              0.00
Shanghai                                  557                       1,145               1,702              0.00
Shenzhen                                  493                         130                 623              0.00
Singapore                                 499                         513               1,011              0.01
Tanger Med                                218                          81                 299              0.00
Tianjin                                   224                           0                 224              0.01
Xiamen                                    341                           0                 341              0.02
---------------------------------------------------------------------------------------------------------------
TOTAL                                   6,752                       2,310               9,063              0.46



============================================================
Shipment Being Transported Statistics
============================================================

Average TEUs in Transition by Demand Matrix
------------------------------------------------------------
Origin Dest       Busan         Cartagena     Colombo       Hamburg       Ho Chi Minh CityJakarta       Jebel Ali     Kaohsiung     Laem Chabang  Los Angeles   New Jersey    Piraeus       Qingdao       Rotterdam     Shanghai      Shenzhen      Singapore     Tanger Med    Tianjin       Xiamen        
----------------------------------------------------------------------------------------------------------------------------------------------------------------------------------------------------------------------------------------------------------------------------------------------------------
Busan             -             39            59            153           9             11            121           84            12            498           214           113           7             196           30            37            56            78            5             34            
Cartagena         28            -             63            39            13            18            59            19            16            100           31            37            41            55            116           95            58            35            23            26            
Colombo           56            50            -             131           13            17            63            40            18            86            97            92            48            199           85            97            31            98            19            46            
Hamburg           81            35            179           -             21            29            223           56            21            133           67            28            75            8             246           259           102           23            43            77            
Ho Chi Minh City  12            15            29            40            -             8             55            9             2             76            30            26            13            62            40            47            15            27            9             14            
Jakarta           18            16            36            52            4             -             64            13            5             96            45            54            16            85            50            54            6             29            11            17            
Jebel Ali         62            44            63            123           17            24            -             48            18            160           95            76            48            188           74            85            54            129           20            50            
Kaohsiung         18            22            25            87            10            15            42            -             11            244           87            46            14            96            32            17            29            42            9             10            
Laem Chabang      12            12            26            45            4             6             56            8             -             86            30            39            14            58            38            42            10            26            12            13            
Los Angeles       284           127           104           106           34            35            146           146           30            -             443           91            225           166           409           280           104           70            100           137           
New Jersey        90            43            143           74            15            24            107           69            16            438           -             53            83            77            258           229           70            21            38            73            
Piraeus           64            44            108           18            13            20            142           50            14            89            70            -             61            36            182           167           73            21            28            59            
Qingdao           24            33            36            96            9             12            64            9             8             425           121           82            -             114           8             8             33            58            12            0             
Rotterdam         129           58            247           5             35            48            316           86            35            183           101           25            118           -             345           354           142           29            56            107           
Shanghai          13            78            58            276           22            25            107           15            24            467           289           173           18            332           -             14            56            134           40            4             
Shenzhen          52            69            55            300           20            22            132           12            23            301           281           191           17            383           43            -             39            117           13            8             
Singapore         51            53            29            134           4             9             98            34            7             344           108           103           52            193           70            87            -             92            18            53            
Tanger Med        66            31            130           14            21            33            154           38            24            80            20            11            55            14            169           170           88            -             31            52            
Tianjin           19            24            29            79            6             8             63            13            7             190           91            56            3             125           11            7             32            41            -             0             
Xiamen            44            33            39            142           7             9             79            10            10            164           150           85            11            162           29            13            33            59            2             -             

Completed TEUs by Demand Matrix
------------------------------------------------------------
Origin Dest       Busan         Cartagena     Colombo       Hamburg       Ho Chi Minh CityJakarta       Jebel Ali     Kaohsiung     Laem Chabang  Los Angeles   New Jersey    Piraeus       Qingdao       Rotterdam     Shanghai      Shenzhen      Singapore     Tanger Med    Tianjin       Xiamen        
----------------------------------------------------------------------------------------------------------------------------------------------------------------------------------------------------------------------------------------------------------------------------------------------------------
Busan             -             117           589           619           78            112           981           2981          100           2497          946           547           789           785           1997          1110          825           359           520           595           
Cartagena         83            -             246           474           51            69            263           51            54            193           1163          347           111           691           418           317           225           552           67            79            
Colombo           582           221           -             800           269           333           2406          394           319           253           703           688           467           1269          1594          1501          1401          677           142           470           
Hamburg           276           333           909           -             80            112           1320          182           81            232           951           708           234           1312          947           970           486           1113          137           265           
Ho Chi Minh City  100           49            323           177           -             300           487           76            231           260           148           135           102           278           553           579           792           136           56            123           
Jakarta           153           55            451           240           204           -             640           105           221           313           229           307           121           408           674           643           667           146           70            146           
Jebel Ali         543           132           2397          886           225           316           -             373           224           460           456           736           358           1328          935           947           1134          1046          124           418           
Kaohsiung         1142          52            182           306           63            105           285           -             82            1520          317           191           371           319           759           346           296           152           376           169           
Laem Chabang      115           33            334           201           111           312           516           70            -             284           149           208           114           271           548           536           785           125           78            122           
Los Angeles       1292          221           337           227           106           120           469           542           92            -             1013          219           956           396           1903          1103          394           164           356           526           
New Jersey        329           1295          737           1234          66            95            502           230           62            850           -             643           277           1390          1054          903           337           518           112           261           
Piraeus           248           298           676           463           65            97            1077          185           68            200           565           -             222           1008          845           736           422           1033          96            236           
Qingdao           509           105           439           404           96            143           611           488           87            2207          533           396           -             504           1133          400           548           266           204           22            
Rotterdam         462           580           1288          800           144           197           1942          275           145           288           1545          699           377           -             1364          1337          664           1781          172           376           
Shanghai          1280          274           1059          1228          325           418           1416          814           332           2618          1532          935           1055          1546          -             1016          1697          689           729           445           
Shenzhen          1384          243           1260          1440          356           459           2013          976           362           1264          1606          1117          323           1875          862           -             1796          642           270           131           
Singapore         668           214           1278          735           396           915           2058          415           436           1208          684           681           608           1070          2172          2017          -             548           152           669           
Tanger Med        242           384           702           680           89            134           1076          133           104           164           413           531           181           917           731           694           471           -             96            194           
Tianjin           383           69            334           324           58            86            582           225           64            882           398           279           453           506           929           275           509           184           -             18            
Xiamen            813           100           574           613           81            122           893           532           110           694           706           458           197           744           487           1989          736           276           22            -             


============================================================
Service Route Capacity and Utilization Statistics
============================================================
Route     Name                                Avg Capacity TEU     Avg Carried TEU    Utilization
-------------------------------------------------------------------------------------------------
S1        Asia-Europe-NorthEurope                      189,203              12,982          6.86%
S2        Intra-EastAsia                                11,722                 430          3.67%
S3        SEA-Feeder                                     6,975                 240          3.44%
S4        Transpacific-WestCoast                       126,360               5,569          4.41%
S5        Asia-US-East                                 115,004               3,631          3.16%
S6        Transatlantic-SouthConnector                  22,719                 866          3.81%
S7        IndianOcean-MiddleEast                         7,422                 452          6.10%
-------------------------------------------------------------------------------------------------
TOTAL                                                  479,406              24,170          5.04%


============================================================
Vessel Statistics
============================================================
Metric                                            Average Count
---------------------------------------------------------------
Average vessels sailing                                   36.80
Average vessels waiting for berth at port                  0.46
Average vessels being served at berth                      1.74
---------------------------------------------------------------
TOTAL average active/port vessels                         39.00


Period Result Output: Period 32 (Days 156-160)
Output Simulation Day: 160
Simulation Running Time: 00:08:16

Simulation Progress: Day 165 / 360
Simulation Clock Time: 0001-11-02 00:00:00


============================================================
Shipment Waiting for Loading Statistics
============================================================

TEUs by Demand Matrix
------------------------------------------------------------
Origin Dest       Busan         Cartagena     Colombo       Hamburg       Ho Chi Minh CityJakarta       Jebel Ali     Kaohsiung     Laem Chabang  Los Angeles   New Jersey    Piraeus       Qingdao       Rotterdam     Shanghai      Shenzhen      Singapore     Tanger Med    Tianjin       Xiamen        
----------------------------------------------------------------------------------------------------------------------------------------------------------------------------------------------------------------------------------------------------------------------------------------------------------
Busan             -             5             21            20            3             3             35            113           4             103           29            16            25            25            63            39            25            12            17            20            
Cartagena         5             -             12            23            2             3             12            3             2             10            61            20            7             34            18            16            11            25            2             3             
Colombo           13            11            -             19            13            14            110           11            15            8             26            18            12            30            39            37            62            16            3             11            
Hamburg           6             22            22            -             2             3             32            5             2             8             55            16            6             31            22            25            11            25            3             6             
Ho Chi Minh City  2             2             6             3             -             5             9             2             4             7             3             3             2             5             10            11            15            3             1             2             
Jakarta           3             3             9             4             4             -             12            3             4             7             4             6             2             8             13            12            13            3             1             3             
Jebel Ali         13            8             109           22            10            15            -             10            10            16            22            19            9             35            23            23            52            26            3             10            
Kaohsiung         44            4             8             11            2             4             11            -             3             61            13            7             14            12            30            13            11            6             15            6             
Laem Chabang      2             2             6             4             2             6             10            2             -             8             3             4             2             5             11            10            14            3             1             2             
Los Angeles       43            11            11            8             4             4             15            21            4             -             35            7             32            13            66            39            12            5             13            19            
New Jersey        10            113           22            58            2             3             25            8             2             34            -             31            8             67            33            28            10            24            4             8             
Piraeus           6             16            16            10            2             2             26            5             2             6             15            -             6             23            21            18            10            24            2             5             
Qingdao           17            6             15            13            3             4             20            19            3             82            19            14            -             15            36            12            19            10            6             1             
Rotterdam         10            37            30            18            4             5             48            8             3             14            89            17            11            -             35            33            15            41            4             8             
Shanghai          42            15            27            30            8             10            34            28            9             98            52            24            31            37            -             26            40            16            18            15            
Shenzhen          35            13            33            34            10            11            47            34            10            47            56            28            8             47            20            -             45            16            7             3             
Singapore         16            10            58            17            8             17            94            13            9             38            25            17            14            25            53            50            -             14            3             15            
Tanger Med        6             25            19            17            2             4             24            4             3             4             23            13            5             21            17            17            11            -             2             4             
Tianjin           12            5             13            11            2             4             20            7             2             30            13            9             15            16            31            10            16            6             -             1             
Xiamen            28            5             20            20            3             4             29            18            4             22            23            15            6             25            17            68            24            8             1             -             

Port-Level Shipment Waiting and Vessel Queue Statistics

Port                       Origin Waiting TEU   Transshipment Waiting TEU   Total Waiting TEU   Vessels Waiting
---------------------------------------------------------------------------------------------------------------
Busan                                     578                         143                 721              0.01
Cartagena                                 268                           0                 268              0.01
Colombo                                   468                          25                 493              0.01
Hamburg                                   301                           0                 301              0.00
Ho Chi Minh City                           95                           0                  95              0.05
Jakarta                                   113                           0                 113              0.05
Jebel Ali                                 435                           0                 435              0.00
Kaohsiung                                 275                          73                 348              0.25
Laem Chabang                               97                           0                  97              0.02
Los Angeles                               364                           0                 364              0.00
New Jersey                                491                         143                 634              0.00
Piraeus                                   215                           0                 215              0.00
Qingdao                                   314                          57                 371              0.01
Rotterdam                                 430                           0                 430              0.00
Shanghai                                  561                       1,148               1,709              0.00
Shenzhen                                  503                         135                 638              0.00
Singapore                                 496                         512               1,008              0.01
Tanger Med                                220                          82                 302              0.00
Tianjin                                   222                           0                 222              0.01
Xiamen                                    340                           0                 340              0.02
---------------------------------------------------------------------------------------------------------------
TOTAL                                   6,785                       2,319               9,103              0.45



============================================================
Shipment Being Transported Statistics
============================================================

Average TEUs in Transition by Demand Matrix
------------------------------------------------------------
Origin Dest       Busan         Cartagena     Colombo       Hamburg       Ho Chi Minh CityJakarta       Jebel Ali     Kaohsiung     Laem Chabang  Los Angeles   New Jersey    Piraeus       Qingdao       Rotterdam     Shanghai      Shenzhen      Singapore     Tanger Med    Tianjin       Xiamen        
----------------------------------------------------------------------------------------------------------------------------------------------------------------------------------------------------------------------------------------------------------------------------------------------------------
Busan             -             39            60            154           9             11            126           84            12            504           214           113           7             196           30            37            56            78            6             34            
Cartagena         28            -             62            37            13            18            59            19            16            100           31            36            41            53            114           94            57            34            22            25            
Colombo           56            51            -             132           13            16            67            40            18            88            98            92            48            199           85            99            30            97            19            46            
Hamburg           81            37            178           -             21            28            223           56            22            135           70            28            75            8             247           260           101           23            43            76            
Ho Chi Minh City  11            15            29            40            -             8             56            9             2             76            31            27            13            62            41            48            15            27            9             14            
Jakarta           18            16            36            51            4             -             65            13            5             97            45            54            16            84            51            55            6             29            11            17            
Jebel Ali         61            44            61            123           17            23            -             48            18            161           95            76            48            189           74            86            52            130           20            49            
Kaohsiung         18            23            25            87            10            15            43            -             11            248           87            46            14            96            32            17            29            42            9             10            
Laem Chabang      12            12            26            45            4             6             56            8             -             86            31            39            14            58            38            42            10            27            12            13            
Los Angeles       281           128           104           106           34            35            146           145           30            -             444           92            224           165           405           279           103           69            99            136           
New Jersey        89            48            142           71            15            24            107           69            16            442           -             53            83            75            259           228           70            21            38            73            
Piraeus           65            45            108           18            14            20            142           49            14            90            71            -             62            36            183           167           72            21            27            58            
Qingdao           24            34            37            95            9             12            64            9             8             429           121           82            -             114           8             8             33            58            12            0             
Rotterdam         129           60            247           5             35            48            316           87            35            186           107           25            118           -             344           356           142           30            56            107           
Shanghai          12            79            58            277           22            24            106           15            24            472           288           173           18            331           -             14            55            133           40            5             
Shenzhen          51            70            54            299           20            22            130           12            22            304           282           191           17            384           43            -             38            116           13            8             
Singapore         51            53            29            133           5             9             103           34            8             348           108           103           52            193           71            89            -             92            18            52            
Tanger Med        66            34            131           14            21            32            153           38            24            81            21            11            56            15            168           169           88            -             30            52            
Tianjin           19            24            29            80            6             8             64            13            7             192           91            56            3             125           11            7             32            41            -             0             
Xiamen            43            33            40            141           7             9             79            9             10            164           150           84            11            162           29            13            33            58            2             -             

Completed TEUs by Demand Matrix
------------------------------------------------------------
Origin Dest       Busan         Cartagena     Colombo       Hamburg       Ho Chi Minh CityJakarta       Jebel Ali     Kaohsiung     Laem Chabang  Los Angeles   New Jersey    Piraeus       Qingdao       Rotterdam     Shanghai      Shenzhen      Singapore     Tanger Med    Tianjin       Xiamen        
----------------------------------------------------------------------------------------------------------------------------------------------------------------------------------------------------------------------------------------------------------------------------------------------------------
Busan             -             117           688           678           93            125           981           3131          112           2497          946           547           833           873           2080          1110          825           359           544           595           
Cartagena         83            -             246           474           51            69            263           56            54            193           1163          347           121           691           418           317           225           552           67            79            
Colombo           582           221           -             840           287           365           2406          394           342           253           703           738           484           1320          1683          1501          1401          677           148           470           
Hamburg           276           333           945           -             84            121           1320          182           89            232           1146          708           247           1394          1019          970           486           1113          141           265           
Ho Chi Minh City  100           49            342           182           -             307           487           76            233           260           148           144           110           290           571           579           792           136           57            123           
Jakarta           153           55            503           254           210           -             640           105           223           313           229           315           129           428           739           643           699           146           77            146           
Jebel Ali         543           132           2397          917           253           341           -             373           245           460           456           771           379           1415          1008          947           1134          1046          130           418           
Kaohsiung         1195          52            214           328           77            122           285           -             88            1520          317           198           396           360           799           346           296           152           393           169           
Laem Chabang      115           33            354           211           117           323           516           70            -             284           149           223           120           284           576           536           785           125           83            122           
Los Angeles       1292          221           352           234           110           129           469           588           95            -             1013          219           1007          402           1903          1103          394           164           378           526           
New Jersey        329           1295          737           1234          69            95            502           236           68            850           -             643           285           1390          1054          903           357           518           120           261           
Piraeus           248           298           711           491           69            102           1077          185           71            200           649           -             227           1071          900           736           422           1033          100           236           
Qingdao           543           105           470           418           98            148           611           509           90            2207          533           415           -             522           1176          400           548           266           214           22            
Rotterdam         462           580           1341          836           154           214           1942          275           150           288           1850          699           391           -             1454          1337          664           1781          181           376           
Shanghai          1280          274           1108          1314          345           433           1416          845           347           2618          1532          1008          1112          1620          -             1016          1697          689           754           445           
Shenzhen          1474          243           1329          1527          375           488           2013          976           382           1264          1606          1196          342           1989          904           -             1796          642           284           131           
Singapore         668           214           1376          768           415           938           2058          415           454           1208          684           724           643           1128          2304          2017          -             548           155           669           
Tanger Med        242           384           745           726           96            143           1076          133           109           164           491           531           193           985           786           694           471           -             100           194           
Tianjin           398           69            345           340           63            91            582           242           71            882           398           290           476           534           993           275           509           184           -             18            
Xiamen            849           100           602           645           87            126           893           532           120           694           706           477           212           777           507           1989          736           276           23            -             


============================================================
Service Route Capacity and Utilization Statistics
============================================================
Route     Name                                Avg Capacity TEU     Avg Carried TEU    Utilization
-------------------------------------------------------------------------------------------------
S1        Asia-Europe-NorthEurope                      189,224              12,987          6.86%
S2        Intra-EastAsia                                11,765                 429          3.65%
S3        SEA-Feeder                                     6,970                 241          3.45%
S4        Transpacific-WestCoast                       126,420               5,596          4.43%
S5        Asia-US-East                                 115,034               3,634          3.16%
S6        Transatlantic-SouthConnector                  22,718                 875          3.85%
S7        IndianOcean-MiddleEast                         7,421                 456          6.14%
-------------------------------------------------------------------------------------------------
TOTAL                                                  479,554              24,216          5.05%


============================================================
Vessel Statistics
============================================================
Metric                                            Average Count
---------------------------------------------------------------
Average vessels sailing                                   36.81
Average vessels waiting for berth at port                  0.45
Average vessels being served at berth                      1.73
---------------------------------------------------------------
TOTAL average active/port vessels                         39.00


Period Result Output: Period 33 (Days 161-165)
Output Simulation Day: 165
Simulation Running Time: 00:08:25

Simulation Progress: Day 170 / 360
Simulation Clock Time: 0001-11-07 00:00:00


============================================================
Shipment Waiting for Loading Statistics
============================================================

TEUs by Demand Matrix
------------------------------------------------------------
Origin Dest       Busan         Cartagena     Colombo       Hamburg       Ho Chi Minh CityJakarta       Jebel Ali     Kaohsiung     Laem Chabang  Los Angeles   New Jersey    Piraeus       Qingdao       Rotterdam     Shanghai      Shenzhen      Singapore     Tanger Med    Tianjin       Xiamen        
----------------------------------------------------------------------------------------------------------------------------------------------------------------------------------------------------------------------------------------------------------------------------------------------------------
Busan             -             5             21            19            3             3             35            111           3             101           29            16            25            25            62            38            24            12            16            20            
Cartagena         5             -             12            23            2             3             12            3             2             10            61            20            7             34            18            17            11            25            2             3             
Colombo           13            11            -             19            13            14            109           11            15            8             26            19            12            31            40            38            62            16            3             11            
Hamburg           6             22            22            -             2             3             32            5             2             8             55            16            6             31            23            25            11            25            3             6             
Ho Chi Minh City  2             2             6             3             -             5             9             2             4             7             3             3             2             5             10            11            15            3             1             2             
Jakarta           3             3             9             4             4             -             12            2             4             7             4             6             2             8             13            12            13            3             1             3             
Jebel Ali         13            8             107           22            10            15            -             10            10            16            22            19            9             35            23            23            52            26            3             10            
Kaohsiung         43            4             8             11            2             4             11            -             3             60            12            7             14            12            29            13            11            6             14            6             
Laem Chabang      2             2             6             4             2             6             10            2             -             8             3             4             2             5             11            10            15            3             1             2             
Los Angeles       46            12            12            9             4             4             16            23            4             -             37            7             34            14            71            42            13            5             14            20            
New Jersey        10            111           23            60            2             3             25            8             2             35            -             32            9             69            35            29            11            26            4             9             
Piraeus           6             15            16            10            2             3             26            5             2             6             15            -             6             23            21            18            10            24            2             6             
Qingdao           17            6             14            13            3             4             20            19            3             80            19            13            -             15            36            12            19            10            6             1             
Rotterdam         10            37            30            18            3             5             48            8             3             14            89            17            11            -             35            33            16            42            4             8             
Shanghai          42            15            27            30            8             10            34            28            9             96            52            24            31            36            -             26            41            16            18            15            
Shenzhen          34            13            33            33            9             11            46            33            10            46            56            27            8             46            20            -             44            16            7             3             
Singapore         16            9             58            17            8             17            94            13            9             38            26            17            14            26            52            50            -             14            3             15            
Tanger Med        6             25            19            16            2             4             24            3             2             4             23            12            5             21            17            17            11            -             2             4             
Tianjin           12            5             13            11            2             4             20            7             2             30            13            9             15            16            31            10            16            6             -             1             
Xiamen            27            5             20            20            3             4             29            18            4             22            22            14            6             24            16            67            24            8             1             -             

Port-Level Shipment Waiting and Vessel Queue Statistics

Port                       Origin Waiting TEU   Transshipment Waiting TEU   Total Waiting TEU   Vessels Waiting
---------------------------------------------------------------------------------------------------------------
Busan                                     568                         140                 708              0.01
Cartagena                                 269                           0                 269              0.01
Colombo                                   471                          24                 495              0.01
Hamburg                                   301                           0                 301              0.00
Ho Chi Minh City                           96                           0                  96              0.05
Jakarta                                   113                           0                 113              0.05
Jebel Ali                                 429                           0                 429              0.00
Kaohsiung                                 271                          73                 344              0.24
Laem Chabang                               97                           0                  97              0.02
Los Angeles                               387                           0                 387              0.00
New Jersey                                503                         139                 641              0.00
Piraeus                                   217                           0                 217              0.00
Qingdao                                   311                          57                 368              0.01
Rotterdam                                 430                           0                 430              0.00
Shanghai                                  558                       1,152               1,710              0.00
Shenzhen                                  496                         139                 635              0.00
Singapore                                 495                         514               1,009              0.01
Tanger Med                                218                          81                 299              0.00
Tianjin                                   221                           0                 221              0.01
Xiamen                                    334                           0                 334              0.02
---------------------------------------------------------------------------------------------------------------
TOTAL                                   6,785                       2,318               9,103              0.44



============================================================
Shipment Being Transported Statistics
============================================================

Average TEUs in Transition by Demand Matrix
------------------------------------------------------------
Origin Dest       Busan         Cartagena     Colombo       Hamburg       Ho Chi Minh CityJakarta       Jebel Ali     Kaohsiung     Laem Chabang  Los Angeles   New Jersey    Piraeus       Qingdao       Rotterdam     Shanghai      Shenzhen      Singapore     Tanger Med    Tianjin       Xiamen        
----------------------------------------------------------------------------------------------------------------------------------------------------------------------------------------------------------------------------------------------------------------------------------------------------------
Busan             -             40            61            154           9             11            127           84            12            512           215           114           7             196           31            37            56            78            5             34            
Cartagena         28            -             62            38            13            18            59            19            16            101           33            36            41            53            114           94            57            34            22            25            
Colombo           55            52            -             132           13            16            65            40            18            89            99            92            47            197           85            98            30            96            19            46            
Hamburg           81            38            178           -             21            28            223           56            22            136           69            29            75            8             248           261           100           23            42            76            
Ho Chi Minh City  11            15            29            40            -             8             56            9             2             77            31            27            13            62            41            47            15            27            9             14            
Jakarta           18            16            36            51            4             -             65            13            5             98            44            54            16            84            50            55            6             30            11            18            
Jebel Ali         61            45            65            123           17            24            -             48            18            163           97            76            48            191           74            86            54            130           20            49            
Kaohsiung         18            23            25            87            10            15            42            -             11            253           87            46            14            96            32            17            29            42            9             10            
Laem Chabang      12            13            26            44            4             7             56            8             -             87            31            38            14            58            39            41            9             27            12            13            
Los Angeles       277           128           103           106           33            35            145           143           29            -             444           92            221           164           398           276           102           69            98            135           
New Jersey        88            54            141           69            15            24            108           70            16            445           -             52            83            73            258           227           69            20            37            73            
Piraeus           65            47            107           18            14            20            141           49            14            91            71            -             62            36            182           166           72            21            27            59            
Qingdao           24            34            37            95            9             12            64            9             9             435           123           81            -             113           8             8             33            58            12            0             
Rotterdam         128           61            248           5             35            48            316           88            35            189           106           25            119           -             344           356           142           29            55            107           
Shanghai          12            80            58            278           22            24            106           15            24            478           290           173           18            331           -             14            55            133           40            4             
Shenzhen          51            70            55            299           20            22            131           12            22            308           286           191           17            388           43            -             39            116           13            8             
Singapore         51            54            28            133           5             9             100           34            8             352           108           102           52            193           72            89            -             92            18            53            
Tanger Med        65            34            132           14            21            32            154           39            24            81            21            11            56            15            167           169           88            -             30            52            
Tianjin           19            24            30            80            6             8             64            13            7             195           91            56            3             125           11            7             32            41            -             0             
Xiamen            43            33            40            140           7             9             79            9             10            165           151           84            11            163           29            13            34            58            2             -             

Completed TEUs by Demand Matrix
------------------------------------------------------------
Origin Dest       Busan         Cartagena     Colombo       Hamburg       Ho Chi Minh CityJakarta       Jebel Ali     Kaohsiung     Laem Chabang  Los Angeles   New Jersey    Piraeus       Qingdao       Rotterdam     Shanghai      Shenzhen      Singapore     Tanger Med    Tianjin       Xiamen        
----------------------------------------------------------------------------------------------------------------------------------------------------------------------------------------------------------------------------------------------------------------------------------------------------------
Busan             -             137           688           678           93            125           1163          3252          112           2497          946           547           853           873           2192          1158          882           359           544           633           
Cartagena         83            -             246           474           51            69            263           56            54            193           1163          359           121           691           418           317           225           552           67            79            
Colombo           614           242           -             902           287           365           2625          413           342           253           703           738           514           1393          1683          1628          1401          714           148           470           
Hamburg           293           415           945           -             84            126           1407          193           89            232           1171          755           278           1440          1019          1033          508           1165          141           267           
Ho Chi Minh City  103           58            342           202           -             320           525           80            233           260           148           144           111           312           571           603           832           143           57            123           
Jakarta           171           62            503           260           210           -             705           114           223           313           229           315           142           440           739           700           726           155           77            146           
Jebel Ali         575           172           2597          958           253           341           -             399           245           460           456           771           403           1516          1008          1028          1134          1128          130           419           
Kaohsiung         1264          70            214           336           77            122           322           -             88            1520          317           198           396           372           799           362           311           156           393           179           
Laem Chabang      120           45            354           227           117           345           561           74            -             284           149           223           122           301           576           555           804           138           83            122           
Los Angeles       1387          264           352           234           110           129           486           615           95            -             1013          219           1046          402           1987          1176          415           164           378           550           
New Jersey        350           1773          737           1234          69            103           502           257           68            850           -             669           285           1390          1146          972           357           518           120           261           
Piraeus           271           298           711           514           69            104           1146          200           71            200           681           -             242           1132          900           793           435           1087          100           238           
Qingdao           572           124           470           436           98            148           647           526           90            2207          533           415           -             547           1176          428           575           277           214           23            
Rotterdam         489           720           1341          878           154           223           2028          306           150           288           1929          747           413           -             1454          1448          695           1891          181           377           
Shanghai          1358          310           1108          1411          345           433           1456          889           347           2618          1532          1008          1149          1719          -             1079          1771          728           754           468           
Shenzhen          1555          280           1329          1623          375           488           2089          1011          382           1264          1606          1196          342           2138          904           -             1903          673           284           133           
Singapore         723           236           1376          809           415           978           2301          442           454           1208          684           724           677           1193          2304          2165          -             581           155           669           
Tanger Med        257           482           745           757           96            150           1137          141           109           164           509           562           206           1038          786           736           481           -             100           194           
Tianjin           414           83            345           360           63            91            627           253           71            882           398           290           476           566           993           291           531           192           -             21            
Xiamen            892           121           602           673           87            126           939           564           120           694           706           477           212           806           507           2057          772           291           23            -             


============================================================
Service Route Capacity and Utilization Statistics
============================================================
Route     Name                                Avg Capacity TEU     Avg Carried TEU    Utilization
-------------------------------------------------------------------------------------------------
S1        Asia-Europe-NorthEurope                      189,160              12,991          6.87%
S2        Intra-EastAsia                                11,816                 429          3.63%
S3        SEA-Feeder                                     6,977                 240          3.44%
S4        Transpacific-WestCoast                       126,394               5,629          4.45%
S5        Asia-US-East                                 115,039               3,644          3.17%
S6        Transatlantic-SouthConnector                  22,720                 882          3.88%
S7        IndianOcean-MiddleEast                         7,422                 454          6.11%
-------------------------------------------------------------------------------------------------
TOTAL                                                  479,529              24,268          5.06%


============================================================
Vessel Statistics
============================================================
Metric                                            Average Count
---------------------------------------------------------------
Average vessels sailing                                   36.82
Average vessels waiting for berth at port                  0.44
Average vessels being served at berth                      1.74
---------------------------------------------------------------
TOTAL average active/port vessels                         39.00


Period Result Output: Period 34 (Days 166-170)
Output Simulation Day: 170
Simulation Running Time: 00:08:35

Simulation Progress: Day 175 / 360
Simulation Clock Time: 0001-11-12 00:00:00


============================================================
Shipment Waiting for Loading Statistics
============================================================

TEUs by Demand Matrix
------------------------------------------------------------
Origin Dest       Busan         Cartagena     Colombo       Hamburg       Ho Chi Minh CityJakarta       Jebel Ali     Kaohsiung     Laem Chabang  Los Angeles   New Jersey    Piraeus       Qingdao       Rotterdam     Shanghai      Shenzhen      Singapore     Tanger Med    Tianjin       Xiamen        
----------------------------------------------------------------------------------------------------------------------------------------------------------------------------------------------------------------------------------------------------------------------------------------------------------
Busan             -             5             20            20            3             3             35            110           3             99            28            16            25            24            62            37            24            12            17            19            
Cartagena         5             -             12            23            2             3             12            3             2             10            60            19            7             34            18            16            11            24            2             3             
Colombo           13            11            -             19            13            14            110           11            15            7             27            19            12            31            39            37            62            16            3             11            
Hamburg           6             22            22            -             2             3             32            5             2             8             56            16            6             30            22            24            11            24            3             6             
Ho Chi Minh City  2             2             6             3             -             5             9             2             4             7             3             3             2             5             10            11            15            3             1             2             
Jakarta           3             3             9             4             4             -             12            2             4             8             4             6             2             8             13            13            13            3             1             3             
Jebel Ali         13            8             107           22            10            15            -             10            10            16            21            19            9             36            23            23            52            27            3             10            
Kaohsiung         43            4             8             11            2             4             11            -             3             59            12            7             14            12            29            13            11            6             14            6             
Laem Chabang      2             2             6             4             2             6             10            2             -             7             3             4             2             5             11            10            15            3             1             2             
Los Angeles       50            12            13            9             4             5             18            24            4             -             40            8             37            15            77            45            14            6             15            22            
New Jersey        11            108           24            60            2             3             25            8             3             37            -             32            9             69            37            30            12            26            4             9             
Piraeus           6             15            16            11            2             2             27            5             2             6             16            -             6             25            21            18            10            25            2             6             
Qingdao           16            6             14            13            3             4             20            18            3             79            19            13            -             14            36            12            18            10            6             1             
Rotterdam         10            38            30            18            3             5             48            8             3             14            90            16            11            -             35            32            15            41            4             8             
Shanghai          42            15            27            30            8             10            33            28            9             94            52            23            31            36            -             25            40            16            18            15            
Shenzhen          34            13            32            33            9             11            46            33            10            46            56            27            8             46            20            -             44            15            7             3             
Singapore         16            9             58            16            8             17            94            13            9             37            25            17            14            26            52            50            -             14            4             15            
Tanger Med        5             25            18            17            2             3             24            3             2             4             23            12            5             21            17            17            11            -             2             4             
Tianjin           12            5             13            11            2             4             20            7             2             29            13            9             15            16            30            10            15            5             -             1             
Xiamen            27            5             19            20            3             4             29            17            4             21            22            14            6             24            16            66            24            8             1             -             

Port-Level Shipment Waiting and Vessel Queue Statistics

Port                       Origin Waiting TEU   Transshipment Waiting TEU   Total Waiting TEU   Vessels Waiting
---------------------------------------------------------------------------------------------------------------
Busan                                     563                         136                 699              0.00
Cartagena                                 264                           0                 264              0.01
Colombo                                   469                          25                 494              0.01
Hamburg                                   301                           0                 301              0.00
Ho Chi Minh City                           95                           0                  95              0.05
Jakarta                                   114                           0                 114              0.06
Jebel Ali                                 433                           0                 433              0.00
Kaohsiung                                 269                          71                 339              0.23