Simulation warm-up started: 140 days
Simulation warm-up completed. Measurement starts at simulation day 140.

Simulation Progress: Day 5 / 360
Simulation Clock Time: 0001-05-26 00:00:00


============================================================
Shipment Waiting for Loading Statistics
============================================================

TEUs by Demand Matrix
------------------------------------------------------------
Origin Dest       Busan         Cartagena     Colombo       Hamburg       Ho Chi Minh CityJakarta       Jebel Ali     Kaohsiung     Laem Chabang  Los Angeles   New Jersey    Piraeus       Qingdao       Rotterdam     Shanghai      Shenzhen      Singapore     Tanger Med    Tianjin       Xiamen        
----------------------------------------------------------------------------------------------------------------------------------------------------------------------------------------------------------------------------------------------------------------------------------------------------------
Busan             -             4             15            8             3             2             20            66            2             48            20            7             13            10            32            21            11            9             5             9             
Cartagena         3             -             6             15            0             1             6             5             1             5             44            5             4             16            16            8             7             23            2             3             
Colombo           22            5             -             17            10            11            92            12            24            11            17            23            27            49            64            51            76            15            4             8             
Hamburg           8             21            17            -             3             1             13            6             3             6             97            11            4             34            19            13            7             24            1             4             
Ho Chi Minh City  2             1             3             5             -             4             9             1             6             4             6             3             2             3             12            7             15            5             2             2             
Jakarta           1             0             4             2             3             -             13            2             3             9             4             4             1             6             10            9             6             2             1             1             
Jebel Ali         13            12            170           25            19            19            -             12            18            11            34            19            7             29            17            23            74            32            3             13            
Kaohsiung         22            1             2             13            2             4             6             -             3             27            8             0             14            12            13            8             8             6             4             2             
Laem Chabang      2             2             5             4             3             6             10            1             -             6             4             6             3             9             11            9             13            1             3             3             
Los Angeles       21            2             12            5             2             2             11            6             2             -             17            4             18            9             39            24            9             3             7             8             
New Jersey        6             32            14            32            1             2             16            3             1             24            -             14            6             36            18            13            4             24            2             7             
Piraeus           8             10            23            12            2             2             35            3             3             6             15            -             8             23            23            24            18            23            4             4             
Qingdao           10            2             7             7             2             1             13            6             2             41            11            8             -             8             32            8             11            5             8             0             
Rotterdam         7             55            22            19            5             3             35            6             5             6             163           11            6             -             30            22            16            31            3             5             
Shanghai          38            24            30            26            8             11            49            14            5             59            85            30            15            58            -             27            52            19            10            13            
Shenzhen          48            30            24            29            7             10            31            25            4             41            106           22            12            41            25            -             33            11            9             4             
Singapore         9             8             29            19            9             16            55            9             10            24            36            18            9             36            36            37            -             13            4             11            
Tanger Med        5             35            12            10            4             2             14            3             2             3             32            11            4             12            14            14            9             -             5             2             
Tianjin           10            1             4             5             1             3             11            5             0             20            8             4             9             11            14            3             7             4             -             0             
Xiamen            18            4             25            21            3             2             26            20            2             29            20            16            5             24            16            76            21            8             1             -             

Port-Level Shipment Waiting and Vessel Queue Statistics

Port                       Origin Waiting TEU   Transshipment Waiting TEU   Total Waiting TEU   Vessels Waiting
---------------------------------------------------------------------------------------------------------------
Busan                                     304                         113                 417              0.00
Cartagena                                 170                           0                 170              0.00
Colombo                                   537                           0                 537              0.00
Hamburg                                   292                           0                 292              0.00
Ho Chi Minh City                           94                           0                  94              0.05
Jakarta                                    81                           0                  81              0.05
Jebel Ali                                 551                           0                 551              0.00
Kaohsiung                                 155                           3                 159              0.00
Laem Chabang                               98                           0                  98              0.03
Los Angeles                               202                           0                 202              0.00
New Jersey                                254                         123                 376              0.00
Piraeus                                   245                           0                 245              0.00
Qingdao                                   182                          40                 222              0.01
Rotterdam                                 450                           0                 450              0.04
Shanghai                                  574                         862               1,437              0.00
Shenzhen                                  512                          55                 567              0.00
Singapore                                 386                         432                 818              0.00
Tanger Med                                193                         154                 347              0.00
Tianjin                                   120                           0                 120              0.00
Xiamen                                    337                           0                 337              0.03
---------------------------------------------------------------------------------------------------------------
TOTAL                                   5,736                       1,783               7,519              0.21



============================================================
Shipment Being Transported Statistics
============================================================

Average TEUs in Transition by Demand Matrix
------------------------------------------------------------
Origin Dest       Busan         Cartagena     Colombo       Hamburg       Ho Chi Minh CityJakarta       Jebel Ali     Kaohsiung     Laem Chabang  Los Angeles   New Jersey    Piraeus       Qingdao       Rotterdam     Shanghai      Shenzhen      Singapore     Tanger Med    Tianjin       Xiamen        
----------------------------------------------------------------------------------------------------------------------------------------------------------------------------------------------------------------------------------------------------------------------------------------------------------
Busan             -             42            72            167           3             18            128           99            12            475           224           121           9             198           37            24            74            92            10            26            
Cartagena         26            -             75            69            18            27            55            16            14            124           26            44            40            71            153           99            60            50            28            25            
Colombo           35            55            -             143           14            5             150           38            22            58            88            71            28            172           55            52            0             82            20            35            
Hamburg           82            14            193           -             17            30            220           75            25            134           0             39            79            12            263           247           90            33            49            77            
Ho Chi Minh City  3             19            22            34            -             7             69            12            3             70            27            25            8             54            26            43            12            28            9             16            
Jakarta           18            17            32            59            5             -             78            6             7             102           49            62            10            95            40            33            6             35            11            15            
Jebel Ali         62            42            0             114           17            3             -             65            22            135           74            79            34            164           78            84            0             153           22            63            
Kaohsiung         3             18            25            81            4             11            36            -             11            303           75            58            6             92            18            14            19            32            6             18            
Laem Chabang      13            12            29            46            5             4             53            11            -             80            30            38            7             57            21            26            5             27            18            15            
Los Angeles       269           131           90            101           28            39            155           130           26            -             476           101           215           184           369           271           106           72            66            116           
New Jersey        113           61            165           140           19            27            113           80            18            477           -             72            98            135           332           241           80            25            33            84            
Piraeus           56            28            98            13            11            25            138           42            16            96            52            -             51            27            196           155           59            6             28            61            
Qingdao           18            36            35            112           9             11            55            7             7             394           116           70            -             138           14            12            29            69            23            1             
Rotterdam         113           20            276           6             38            61            326           94            36            163           0             47            98            -             295           376           122           41            55            119           
Shanghai          10            62            61            244           8             21            112           11            16            474           187           195           19            327           -             2             62            136           32            7             
Shenzhen          3             49            44            287           23            23            181           0             12            212           284           202           5             437           33            -             48            107           4             13            
Singapore         29            58            39            135           6             8             212           41            11            318           92            93            48            205           86            72            -             82            15            60            
Tanger Med        51            15            127           18            18            30            182           41            26            79            0             15            42            13            178           151           111           -             27            46            
Tianjin           23            16            26            95            6             14            63            8             5             187           88            68            5             133           16            7             27            39            -             1             
Xiamen            7             29            40            147           5             7             70            4             5             140           184           92            5             194           14            18            30            55            0             -             

Completed TEUs by Demand Matrix
------------------------------------------------------------
Origin Dest       Busan         Cartagena     Colombo       Hamburg       Ho Chi Minh CityJakarta       Jebel Ali     Kaohsiung     Laem Chabang  Los Angeles   New Jersey    Piraeus       Qingdao       Rotterdam     Shanghai      Shenzhen      Singapore     Tanger Med    Tianjin       Xiamen        
----------------------------------------------------------------------------------------------------------------------------------------------------------------------------------------------------------------------------------------------------------------------------------------------------------
Busan             -             10            0             27            0             3             52            134           0             114           36            0             31            42            78            0             67            20            30            32            
Cartagena         0             -             0             0             5             0             24            0             1             5             0             0             0             43            0             0             12            66            0             0             
Colombo           25            13            -             30            21            27            0             18            25            10            33            0             22            26            0             0             0             26            8             17            
Hamburg           9             21            0             -             3             2             65            15            5             10            0             37            12            65            0             0             23            75            5             11            
Ho Chi Minh City  5             2             19            7             -             17            0             4             12            15            8             0             8             13            0             0             0             4             5             12            
Jakarta           3             0             43            7             8             -             0             1             9             12            10            0             6             19            0             0             22            10            4             5             
Jebel Ali         40            10            0             27            25            19            -             21            25            6             0             0             14            30            0             0             0             30            4             27            
Kaohsiung         52            3             0             19            0             5             16            -             0             98            14            0             14            25            29            0             14            2             16            20            
Laem Chabang      8             4             29            10            7             12            0             9             -             10            9             0             8             9             0             0             0             4             4             9             
Los Angeles       26            12            0             0             0             18            60            19            0             -             0             0             21            0             0             0             7             0             8             16            
New Jersey        0             90            0             0             7             0             36            0             7             35            -             0             0             114           0             0             30            49            3             0             
Piraeus           6             18            0             16            6             6             43            5             2             6             0             -             9             41            0             0             13            34            4             11            
Qingdao           20            0             0             21            0             8             26            15            0             117           25            0             -             28            66            0             24            17            0             2             
Rotterdam         25            29            0             33            7             9             70            15            11            14            0             49            15            -             0             0             24            112           10            15            
Shanghai          43            7             0             48            0             15            82            34            0             109           57            0             42            39            -             0             93            18            23            23            
Shenzhen          48            16            0             42            0             13            121           0             0             79            87            0             11            69            53            -             76            24            11            14            
Singapore         22            13            103           25            19            46            0             22            20            51            46            0             33            43            0             0             -             13            7             43            
Tanger Med        9             22            0             28            3             7             73            7             9             9             0             23            11            25            0             0             19            -             3             3             
Tianjin           24            0             0             21            0             2             28            0             0             56            15            0             25            24            46            0             23            9             -             1             
Xiamen            33            0             0             34            0             6             54            0             0             27            39            0             8             40            17            0             38            13            1             -             


============================================================
Service Route Capacity and Utilization Statistics
============================================================
Route     Name                                Avg Capacity TEU     Avg Carried TEU    Utilization
-------------------------------------------------------------------------------------------------
S1        Asia-Europe-NorthEurope                      190,240              13,471          7.08%
S2        Intra-EastAsia                                12,754                 249          1.95%
S3        SEA-Feeder                                     6,921                 226          3.27%
S4        Transpacific-WestCoast                       126,615               5,516          4.36%
S5        Asia-US-East                                 115,922               3,886          3.35%
S6        Transatlantic-SouthConnector                  22,612                 771          3.41%
S7        IndianOcean-MiddleEast                         7,676                 518          6.75%
-------------------------------------------------------------------------------------------------
TOTAL                                                  482,740              24,636          5.10%


============================================================
Vessel Statistics
============================================================
Metric                                            Average Count
---------------------------------------------------------------
Average vessels sailing                                   37.08
Average vessels waiting for berth at port                  0.21
Average vessels being served at berth                      1.71
---------------------------------------------------------------
TOTAL average active/port vessels                         39.00


Period Result Output: Period 1 (Days 1-5)
Output Simulation Day: 5
Simulation Running Time: 00:02:51

Simulation Progress: Day 10 / 360
Simulation Clock Time: 0001-05-31 00:00:00


============================================================
Shipment Waiting for Loading Statistics
============================================================

TEUs by Demand Matrix
------------------------------------------------------------
Origin Dest       Busan         Cartagena     Colombo       Hamburg       Ho Chi Minh CityJakarta       Jebel Ali     Kaohsiung     Laem Chabang  Los Angeles   New Jersey    Piraeus       Qingdao       Rotterdam     Shanghai      Shenzhen      Singapore     Tanger Med    Tianjin       Xiamen        
----------------------------------------------------------------------------------------------------------------------------------------------------------------------------------------------------------------------------------------------------------------------------------------------------------
Busan             -             6             25            16            5             4             37            99            2             86            34            12            22            16            64            37            22            13            7             12            
Cartagena         2             -             6             15            0             0             8             4             1             3             44            12            4             15            12            7             7             18            2             6             
Colombo           15            9             -             17            12            17            88            9             31            7             24            19            16            39            44            36            104           13            4             6             
Hamburg           5             12            14            -             3             2             19            5             3             6             56            16            6             32            19            21            7             23            2             4             
Ho Chi Minh City  1             0             6             5             -             5             12            2             6             3             4             3             2             5             17            8             16            4             2             3             
Jakarta           1             0             5             2             3             -             11            1             3             8             5             5             1             7             10            10            6             2             1             2             
Jebel Ali         11            7             115           25            13            14            -             8             12            9             23            19            7             35            16            24            51            39            2             9             
Kaohsiung         22            1             2             10            2             4             4             -             2             30            9             1             11            11            14            6             7             5             5             1             
Laem Chabang      2             1             7             4             3             5             8             1             -             6             2             4             2             5             11            9             11            1             2             1             
Los Angeles       22            3             12            5             2             2             12            6             2             -             20            4             25            9             40            25            11            4             8             9             
New Jersey        7             60            12            34            2             1             15            3             1             20            -             15            5             34            17            14            4             21            2             6             
Piraeus           8             7             18            9             2             2             26            5             2             3             14            -             6             18            18            16            11            18            3             4             
Qingdao           13            2             10            8             3             2             17            11            1             58            21            11            -             14            39            9             14            4             8             0             
Rotterdam         7             36            25            20            4             5             40            7             5             7             108           11            7             -             33            22            14            32            4             5             
Shanghai          56            17            28            22            7             9             33            15            6             65            64            21            25            40            -             26            42            15            17            13            
Shenzhen          35            26            26            26            7             11            32            17            5             31            99            23            9             40            17            -             34            13            7             3             
Singapore         11            11            51            20            8             16            91            10            9             29            43            20            11            31            52            52            -             11            7             14            
Tanger Med        4             33            12            15            3             2             13            2             2             3             31            12            3             19            12            13            8             -             5             4             
Tianjin           10            2             5             7             1             3             15            7             1             25            8             5             12            13            17            5             14            6             -             0             
Xiamen            16            3             16            18            3             1             23            16            2             19            17            14            4             19            15            56            18            7             1             -             

Port-Level Shipment Waiting and Vessel Queue Statistics

Port                       Origin Waiting TEU   Transshipment Waiting TEU   Total Waiting TEU   Vessels Waiting
---------------------------------------------------------------------------------------------------------------
Busan                                     518                         140                 659              0.02
Cartagena                                 165                           0                 165              0.00
Colombo                                   510                           0                 510              0.00
Hamburg                                   256                           0                 256              0.00
Ho Chi Minh City                          104                           0                 104              0.04
Jakarta                                    85                           0                  85              0.04
Jebel Ali                                 439                           0                 439              0.00
Kaohsiung                                 146                          46                 192              0.02
Laem Chabang                               87                           0                  87              0.02
Los Angeles                               221                           0                 221              0.00
New Jersey                                273                         161                 434              0.00
Piraeus                                   191                           0                 191              0.00
Qingdao                                   245                          46                 291              0.01
Rotterdam                                 391                           0                 391              0.02
Shanghai                                  522                         931               1,453              0.00
Shenzhen                                  460                          88                 548              0.00
Singapore                                 496                         495                 991              0.00
Tanger Med                                195                         137                 332              0.00
Tianjin                                   156                           0                 156              0.00
Xiamen                                    266                           0                 266              0.02
---------------------------------------------------------------------------------------------------------------
TOTAL                                   5,727                       2,043               7,771              0.17



============================================================
Shipment Being Transported Statistics
============================================================

Average TEUs in Transition by Demand Matrix
------------------------------------------------------------
Origin Dest       Busan         Cartagena     Colombo       Hamburg       Ho Chi Minh CityJakarta       Jebel Ali     Kaohsiung     Laem Chabang  Los Angeles   New Jersey    Piraeus       Qingdao       Rotterdam     Shanghai      Shenzhen      Singapore     Tanger Med    Tianjin       Xiamen        
----------------------------------------------------------------------------------------------------------------------------------------------------------------------------------------------------------------------------------------------------------------------------------------------------------
Busan             -             39            54            157           3             15            117           50            13            446           208           110           4             187           18            17            55            90            8             13            
Cartagena         28            -             70            53            16            26            52            18            14            126           29            47            42            55            155           101           60            45            30            27            
Colombo           50            50            -             145           7             2             100           40            11            62            76            75            40            194           76            73            0             84            21            36            
Hamburg           88            22            177           -             18            28            202           73            24            137           56            29            79            6             256           239           91            25            49            74            
Ho Chi Minh City  4             18            21            35            -             6             61            11            2             68            29            24            8             53            25            37            10            29            10            12            
Jakarta           19            17            29            59            5             -             67            7             6             103           51            61            11            96            42            37            6             35            11            14            
Jebel Ali         65            44            89            116           18            13            -             64            21            141           79            70            38            168           72            88            43            160           24            62            
Kaohsiung         13            18            22            82            5             11            37            -             13            298           75            54            12            92            22            15            20            36            8             11            
Laem Chabang      14            12            27            45            5             5             54            8             -             81            31            38            8             60            22            28            5             28            19            12            
Los Angeles       281           129           96            104           29            39            147           127           27            -             477           100           225           190           395           274           110           73            69            115           
New Jersey        119           30            162           101           18            26            110           84            16            483           -             82            105           96            308           237           77            24            35            90            
Piraeus           62            29            100           15            11            24            144           42            17            97            64            -             55            31            197           160           68            16            31            59            
Qingdao           21            37            29            107           11            10            53            4             8             378           111           70            -             133           7             10            27            68            26            0             
Rotterdam         118           43            257           3             39            62            322           91            36            162           97            36            100           -             289           374           133           33            56            116           
Shanghai          12            72            62            248           14            25            128           6             21            473           212           194           13            358           -             10            69            147           30            3             
Shenzhen          23            52            49            291           29            25            172           5             17            228           284           189           11            444           37            -             45            110           8             11            
Singapore         30            53            19            138           6             12            129           33            8             306           80            90            45            214           62            64            -             86            16            46            
Tanger Med        55            17            123           13            20            31            158           41            25            79            9             14            42            13            174           155           114           -             29            48            
Tianjin           26            17            22            89            7             14            62            11            5             179           85            64            4             130           11            6             24            40            -             0             
Xiamen            13            33            45            150           6             7             71            5             6             156           176           92            6             199           19            12            35            59            1             -             

Completed TEUs by Demand Matrix
------------------------------------------------------------
Origin Dest       Busan         Cartagena     Colombo       Hamburg       Ho Chi Minh CityJakarta       Jebel Ali     Kaohsiung     Laem Chabang  Los Angeles   New Jersey    Piraeus       Qingdao       Rotterdam     Shanghai      Shenzhen      Singapore     Tanger Med    Tianjin       Xiamen        
----------------------------------------------------------------------------------------------------------------------------------------------------------------------------------------------------------------------------------------------------------------------------------------------------------
Busan             -             10            55            27            0             15            52            134           0             222           81            30            31            42            78            28            104           37            47            32            
Cartagena         0             -             20            60            5             5             29            0             1             5             70            40            0             61            18            12            40            66            0             0             
Colombo           25            13            -             30            21            27            226           18            25            22            54            21            22            26            55            52            0             52            19            17            
Hamburg           9             21            73            -             3             11            99            15            5             15            0             57            12            65            46            52            46            117           11            11            
Ho Chi Minh City  5             2             19            7             -             27            39            4             12            25            12            8             8             13            18            38            31            9             8             12            
Jakarta           3             0             43            7             19            -             51            1             9             31            10            12            6             19            16            12            41            22            8             5             
Jebel Ali         40            10            0             27            25            19            -             21            25            31            38            42            14            30            47            49            0             85            14            27            
Kaohsiung         101           3             15            19            0             11            16            -             0             152           30            12            14            25            29            14            24            8             30            20            
Laem Chabang      8             4             29            10            11            23            23            9             -             21            13            9             8             9             17            22            25            8             15            9             
Los Angeles       26            12            3             0             1             19            60            19            0             -             40            7             21            0             80            37            21            7             16            16            
New Jersey        0             90            59            140           7             9             51            0             7             83            -             72            0             140           108           80            46            49            3             0             
Piraeus           6             18            41            16            6             11            67            5             2             21            0             -             9             41            36            32            29            74            8             11            
Qingdao           20            0             27            21            6             15            26            15            0             198           44            10            -             28            66            22            49            37            13            2             
Rotterdam         25            29            116           33            7             21            124           15            11            31            0             73            15            -             60            73            55            177           15            15            
Shanghai          43            7             59            48            8             33            82            34            0             189           93            55            42            39            -             46            169           54            47            23            
Shenzhen          114           16            44            42            23            34            121           42            0             79            163           83            11            69            53            -             137           55            24            14            
Singapore         22            13            103           25            34            97            212           22            20            123           64            34            33            43            91            76            -             35            15            43            
Tanger Med        9             22            48            28            3             9             121           7             9             15            0             44            11            25            32            27            44            -             8             3             
Tianjin           24            0             18            21            4             9             28            0             0             102           33            16            25            24            46            10            40            17            -             1             
Xiamen            63            0             34            34            4             12            54            28            0             27            92            25            8             40            17            120           78            22            2             -             


============================================================
Service Route Capacity and Utilization Statistics
============================================================
Route     Name                                Avg Capacity TEU     Avg Carried TEU    Utilization
-------------------------------------------------------------------------------------------------
S1        Asia-Europe-NorthEurope                      189,699              13,398          7.06%
S2        Intra-EastAsia                                12,981                 267          2.05%
S3        SEA-Feeder                                     7,049                 207          2.93%
S4        Transpacific-WestCoast                       127,550               5,382          4.22%
S5        Asia-US-East                                 115,079               3,805          3.31%
S6        Transatlantic-SouthConnector                  22,405                 780          3.48%
S7        IndianOcean-MiddleEast                         7,569                 474          6.26%
-------------------------------------------------------------------------------------------------
TOTAL                                                  482,332              24,312          5.04%


============================================================
Vessel Statistics
============================================================
Metric                                            Average Count
---------------------------------------------------------------
Average vessels sailing                                   37.09
Average vessels waiting for berth at port                  0.17
Average vessels being served at berth                      1.74
---------------------------------------------------------------
TOTAL average active/port vessels                         39.00


Period Result Output: Period 2 (Days 6-10)
Output Simulation Day: 10
Simulation Running Time: 00:02:58

Simulation Progress: Day 15 / 360
Simulation Clock Time: 0001-06-05 00:00:00


============================================================
Shipment Waiting for Loading Statistics
============================================================

TEUs by Demand Matrix
------------------------------------------------------------
Origin Dest       Busan         Cartagena     Colombo       Hamburg       Ho Chi Minh CityJakarta       Jebel Ali     Kaohsiung     Laem Chabang  Los Angeles   New Jersey    Piraeus       Qingdao       Rotterdam     Shanghai      Shenzhen      Singapore     Tanger Med    Tianjin       Xiamen        
----------------------------------------------------------------------------------------------------------------------------------------------------------------------------------------------------------------------------------------------------------------------------------------------------------
Busan             -             5             20            15            4             3             30            76            2             67            27            10            17            13            50            30            18            10            9             10            
Cartagena         3             -             9             22            0             1             12            4             1             4             56            19            5             21            14            10            11            21            3             7             
Colombo           13            13            -             18            10            13            118           9             22            7             31            18            13            36            41            32            77            15            3             6             
Hamburg           5             12            14            -             2             3             22            5             2             6             49            16            6             32            19            22            8             24            2             5             
Ho Chi Minh City  1             1             5             5             -             7             11            2             5             4             4             2             2             5             14            8             17            3             1             2             
Jakarta           2             0             7             3             4             -             10            1             3             7             7             5             2             8             12            14            7             3             1             3             
Jebel Ali         10            7             112           21            13            13            -             6             9             9             25            18            7             31            14            21            49            33            2             7             
Kaohsiung         29            1             2             9             2             4             6             -             3             41            10            2             12            12            17            6             7             5             6             2             
Laem Chabang      1             1             6             4             2             5             8             0             -             6             2             3             2             4             10            8             12            1             2             2             
Los Angeles       32            4             11            5             3             3             13            7             2             -             22            4             21            9             48            24            12            5             8             10            
New Jersey        7             86            13            40            2             1             18            3             1             18            -             16            5             37            21            17            4             19            2             5             
Piraeus           6             6             15            8             1             2             25            4             2             3             13            -             5             18            16            15            9             19            2             5             
Qingdao           10            3             7             7             2             2             15            11            1             59            17            9             -             13            33            7             12            4             6             0             
Rotterdam         8             31            29            19            4             5             46            8             5             7             86            12            9             -             38            27            16            36            4             6             
Shanghai          41            13            35            26            7             10            34            18            8             66            57            22            21            42            -             32            47            16            14            10            
Shenzhen          36            20            34            26            8             15            49            18            5             35            84            31            9             51            17            -             44            19            7             3             
Singapore         9             10            62            16            9             15            102           8             9             23            35            16            9             26            42            44            -             11            5             12            
Tanger Med        5             24            20            12            3             4             18            4             3             4             24            16            3             18            18            18            11            -             5             7             
Tianjin           9             2             6             6             1             2             15            6             1             21            9             4             9             12            16            6             11            5             -             0             
Xiamen            16            3             15            17            2             2             21            14            2             18            17            12            4             17            15            51            17            6             1             -             

Port-Level Shipment Waiting and Vessel Queue Statistics

Port                       Origin Waiting TEU   Transshipment Waiting TEU   Total Waiting TEU   Vessels Waiting
---------------------------------------------------------------------------------------------------------------
Busan                                     414                         142                 556              0.01
Cartagena                                 222                           0                 222              0.00
Colombo                                   493                          15                 507              0.00
Hamburg                                   253                           0                 253              0.00
Ho Chi Minh City                           99                           0                  99              0.03
Jakarta                                    99                           0                  99              0.06
Jebel Ali                                 406                           0                 406              0.00
Kaohsiung                                 177                          62                 239              0.03
Laem Chabang                               81                           0                  81              0.02
Los Angeles                               244                           0                 244              0.00
New Jersey                                315                         195                 510              0.00
Piraeus                                   175                           0                 175              0.00
Qingdao                                   220                          49                 269              0.01
Rotterdam                                 396                           0                 396              0.01
Shanghai                                  519                         953               1,472              0.00
Shenzhen                                  512                          95                 607              0.00
Singapore                                 464                         512                 975              0.01
Tanger Med                                217                          98                 315              0.00
Tianjin                                   140                           0                 140              0.00
Xiamen                                    249                           0                 249              0.02
---------------------------------------------------------------------------------------------------------------
TOTAL                                   5,695                       2,121               7,816              0.19



============================================================
Shipment Being Transported Statistics
============================================================

Average TEUs in Transition by Demand Matrix
------------------------------------------------------------
Origin Dest       Busan         Cartagena     Colombo       Hamburg       Ho Chi Minh CityJakarta       Jebel Ali     Kaohsiung     Laem Chabang  Los Angeles   New Jersey    Piraeus       Qingdao       Rotterdam     Shanghai      Shenzhen      Singapore     Tanger Med    Tianjin       Xiamen        
----------------------------------------------------------------------------------------------------------------------------------------------------------------------------------------------------------------------------------------------------------------------------------------------------------
Busan             -             41            58            160           5             14            121           83            12            465           214           108           8             191           38            37            53            93            5             15            
Cartagena         28            -             67            44            16            25            51            19            14            127           19            34            42            47            149           99            52            41            30            27            
Colombo           52            50            -             148           10            11            66            45            21            64            69            76            44            205           92            86            39            84            20            36            
Hamburg           89            26            174           -             19            27            196           73            25            139           80            28            80            9             258           242           86            29            49            74            
Ho Chi Minh City  4             19            26            36            -             7             62            11            2             68            29            23            8             54            35            37            12            29            9             13            
Jakarta           17            17            31            58            4             -             64            8             5             102           54            60            11            98            44            44            5             33            10            15            
Jebel Ali         65            46            62            121           19            18            -             66            23            141           78            71            40            178           76            96            54            167           22            62            
Kaohsiung         14            18            19            82            6             11            35            -             13            290           75            50            12            91            24            15            19            37            7             9             
Laem Chabang      12            12            31            46            5             5             56            7             -             83            30            37            8             62            27            34            6             28            17            11            
Los Angeles       274           131           102           106           31            39            145           127           27            -             476           99            225           192           392           280           111           73            72            115           
New Jersey        117           21            155           91            19            25            113           85            15            482           -             66            104           90            297           229           71            26            37            91            
Piraeus           62            31            105           15            11            24            145           45            18            95            77            -             56            32            201           162           68            17            31            59            
Qingdao           21            38            28            106           11            10            55            7             9             386           116           74            -             131           9             14            26            65            27            0             
Rotterdam         118           58            248           4             41            60            318           93            37            161           152           28            100           -             297           374           133           38            57            115           
Shanghai          15            80            60            246           14            25            121           10            20            475           225           189           19            358           -             15            58            145           37            4             
Shenzhen          26            61            45            287           25            23            140           6             16            246           295           178           12            435           37            -             30            106           9             11            
Singapore         32            57            28            141           4             11            109           35            6             301           86            94            44            217           81            83            -             87            18            49            
Tanger Med        56            30            119           13            21            30            143           42            25            78            27            10            42            14            172           156           108           -             29            48            
Tianjin           23            18            21            86            6             14            61            15            4             178           83            62            3             129           10            8             27            42            -             0             
Xiamen            17            34            44            152           6             6             69            6             6             166           169           88            7             195           25            14            32            61            1             -             

Completed TEUs by Demand Matrix
------------------------------------------------------------
Origin Dest       Busan         Cartagena     Colombo       Hamburg       Ho Chi Minh CityJakarta       Jebel Ali     Kaohsiung     Laem Chabang  Los Angeles   New Jersey    Piraeus       Qingdao       Rotterdam     Shanghai      Shenzhen      Singapore     Tanger Med    Tianjin       Xiamen        
----------------------------------------------------------------------------------------------------------------------------------------------------------------------------------------------------------------------------------------------------------------------------------------------------------
Busan             -             10            75            62            0             21            117           309           9             222           112           55            86            70            215           28            104           51            47            32            
Cartagena         2             -             20            60            5             13            29            0             1             5             70            40            3             61            62            12            40            106           0             3             
Colombo           54            13            -             64            21            27            226           40            25            22            80            55            40            69            147           52            163           77            19            37            
Hamburg           18            21            109           -             3             19            143           25            5             15            0             57            20            139           93            52            61            117           11            22            
Ho Chi Minh City  6             2             19            15            -             38            39            12            23            25            17            15            11            24            38            38            63            20            8             15            
Jakarta           14            0             43            16            19            -             51            2             16            31            20            26            9             30            68            12            41            29            8             8             
Jebel Ali         67            10            211           74            25            19            -             44            25            31            38            60            31            75            92            49            103           145           14            42            
Kaohsiung         101           3             25            31            0             15            28            -             4             152           39            26            35            41            60            14            24            11            30            20            
Laem Chabang      18            4             29            16            11            31            23            11            -             21            23            19            11            19            39            22            47            17            15            15            
Los Angeles       120           12            12            5             1             21            74            45            4             -             97            20            129           18            124           37            21            16            16            36            
New Jersey        27            90            59            140           7             14            51            24            7             83            -             72            25            140           158           80            65            88            3             21            
Piraeus           25            18            66            36            6             22            99            13            2             21            0             -             22            83            90            32            38            105           8             21            
Qingdao           68            0             42            42            6             20            56            41            3             198           69            25            -             60            129           22            49            49            13            2             
Rotterdam         46            29            159           69            7             39            191           32            11            31            0             73            34            -             109           73            61            177           15            27            
Shanghai          160           7             105           102           8             54            148           84            16            189           158           86            120           122           -             46            169           78            47            43            
Shenzhen          114           16            104           100           23            58            239           76            12            79            245           121           29            153           94            -             137           75            24            14            
Singapore         47            13            103           73            34            124           212           44            36            123           102           52            68            94            214           76            -             56            15            66            
Tanger Med        17            22            72            60            3             18            157           15            9             15            0             44            17            75            81            27            56            -             8             14            
Tianjin           68            0             29            42            4             19            57            26            4             102           47            34            52            55            90            10            40            27            -             1             
Xiamen            63            0             74            61            4             15            90            50            5             27            118           56            16            87            40            219           78            36            2             -             


============================================================
Service Route Capacity and Utilization Statistics
============================================================
Route     Name                                Avg Capacity TEU     Avg Carried TEU    Utilization
-------------------------------------------------------------------------------------------------
S1        Asia-Europe-NorthEurope                      189,348              13,306          7.03%
S2        Intra-EastAsia                                12,829                 289          2.25%
S3        SEA-Feeder                                     7,028                 216          3.08%
S4        Transpacific-WestCoast                       126,730               5,431          4.29%
S5        Asia-US-East                                 114,944               3,785          3.29%
S6        Transatlantic-SouthConnector                  22,723                 870          3.83%
S7        IndianOcean-MiddleEast                         7,440                 461          6.20%
-------------------------------------------------------------------------------------------------
TOTAL                                                  481,041              24,358          5.06%


============================================================
Vessel Statistics
============================================================
Metric                                            Average Count
---------------------------------------------------------------
Average vessels sailing                                   36.99
Average vessels waiting for berth at port                  0.19
Average vessels being served at berth                      1.81
---------------------------------------------------------------
TOTAL average active/port vessels                         39.00


Period Result Output: Period 3 (Days 11-15)
Output Simulation Day: 15
Simulation Running Time: 00:03:06

Simulation Progress: Day 20 / 360
Simulation Clock Time: 0001-06-10 00:00:00


============================================================
Shipment Waiting for Loading Statistics
============================================================

TEUs by Demand Matrix
------------------------------------------------------------
Origin Dest       Busan         Cartagena     Colombo       Hamburg       Ho Chi Minh CityJakarta       Jebel Ali     Kaohsiung     Laem Chabang  Los Angeles   New Jersey    Piraeus       Qingdao       Rotterdam     Shanghai      Shenzhen      Singapore     Tanger Med    Tianjin       Xiamen        
----------------------------------------------------------------------------------------------------------------------------------------------------------------------------------------------------------------------------------------------------------------------------------------------------------
Busan             -             4             19            18            3             3             28            74            1             65            25            13            18            16            47            30            15            10            8             10            
Cartagena         4             -             12            25            0             1             14            4             2             4             64            23            6             26            15            12            14            25            3             7             
Colombo           12            10            -             21            11            13            111           9             19            7             27            17            11            33            37            33            74            17            3             7             
Hamburg           5             13            14            -             2             3             22            4             2             5             45            16            5             29            19            21            8             22            1             6             
Ho Chi Minh City  1             1             5             5             -             6             11            2             5             4             3             2             2             5             13            8             16            3             1             2             
Jakarta           3             1             8             3             4             -             10            1             3             7             6             5             2             8             13            16            8             3             1             3             
Jebel Ali         10            8             127           20            14            16            -             6             9             9             29            17            7             31            15            20            53            30            1             7             
Kaohsiung         30            1             3             8             2             3             5             -             3             35            9             2             11            11            16            6             8             4             8             2             
Laem Chabang      2             1             6             4             2             6             9             0             -             5             2             3             3             4             11            8             14            2             2             2             
Los Angeles       29            3             9             4             3             3             13            7             2             -             20            4             20            9             43            22            11            4             6             9             
New Jersey        7             67            14            49            1             1             23            5             1             20            -             21            6             52            21            20            4             23            2             5             
Piraeus           6             6             15            9             1             2             26            3             2             4             14            -             5             20            18            16            9             23            2             6             
Qingdao           10            3             7             7             2             3             15            11            2             57            18            9             -             14            33            8             12            4             6             0             
Rotterdam         8             29            28            18            4             5             44            7             4             8             78            13            8             -             35            27            14            32            4             7             
Shanghai          36            11            29            21            6             9             29            18            7             59            48            19            22            36            -             27            41            15            14            11            
Shenzhen          38            16            28            23            7             12            42            19            5             36            65            26            10            43            20            -             36            17            6             3             
Singapore         9             9             52            17            8             16            91            7             9             22            29            17            10            28            41            41            -             12            4             12            
Tanger Med        5             23            18            12            3             4             18            4             3             4             23            14            4             18            17            17            10            -             4             6             
Tianjin           8             2             6             6             1             2             15            5             1             20            9             4             8             12            17            6             11            4             -             0             
Xiamen            17            2             17            16            3             2             24            14            2             23            17            12            5             20            15            54            18            7             1             -             

Port-Level Shipment Waiting and Vessel Queue Statistics

Port                       Origin Waiting TEU   Transshipment Waiting TEU   Total Waiting TEU   Vessels Waiting
---------------------------------------------------------------------------------------------------------------
Busan                                     410                         177                 587              0.02
Cartagena                                 260                           0                 260              0.00
Colombo                                   472                          11                 483              0.00
Hamburg                                   240                           0                 240              0.00
Ho Chi Minh City                           95                           0                  95              0.03
Jakarta                                   104                           0                 104              0.04
Jebel Ali                                 431                           0                 431              0.00
Kaohsiung                                 168                          46                 214              0.02
Laem Chabang                               85                           0                  85              0.02
Los Angeles                               222                           0                 222              0.00
New Jersey                                344                         146                 491              0.00
Piraeus                                   190                           0                 190              0.00
Qingdao                                   221                          48                 269              0.01
Rotterdam                                 373                           0                 373              0.01
Shanghai                                  459                         944               1,403              0.00
Shenzhen                                  451                          74                 525              0.00
Singapore                                 434                         488                 922              0.01
Tanger Med                                204                          82                 286              0.00
Tianjin                                   138                           0                 138              0.00
Xiamen                                    269                           0                 269              0.02
---------------------------------------------------------------------------------------------------------------
TOTAL                                   5,571                       2,016               7,586              0.18



============================================================
Shipment Being Transported Statistics
============================================================

Average TEUs in Transition by Demand Matrix
------------------------------------------------------------
Origin Dest       Busan         Cartagena     Colombo       Hamburg       Ho Chi Minh CityJakarta       Jebel Ali     Kaohsiung     Laem Chabang  Los Angeles   New Jersey    Piraeus       Qingdao       Rotterdam     Shanghai      Shenzhen      Singapore     Tanger Med    Tianjin       Xiamen        
----------------------------------------------------------------------------------------------------------------------------------------------------------------------------------------------------------------------------------------------------------------------------------------------------------
Busan             -             42            61            160           6             13            122           67            10            465           216           105           6             190           30            34            53            92            6             19            
Cartagena         28            -             66            38            14            23            50            20            14            123           22            30            42            41            140           92            50            33            30            27            
Colombo           55            56            -             148           9             15            92            43            21            66            74            78            46            208           90            85            30            82            21            37            
Hamburg           92            31            170           -             19            27            192           71            25            140           75            31            82            8             254           240           84            26            47            75            
Ho Chi Minh City  5             19            26            37            -             8             67            10            2             69            30            23            9             55            41            39            15            28            9             13            
Jakarta           17            17            31            56            4             -             66            7             5             100           57            60            12            99            42            44            4             32            9             16            
Jebel Ali         68            46            47            123           16            21            -             59            20            142           78            73            43            180           73            93            40            164           22            64            
Kaohsiung         14            19            17            81            7             11            35            -             13            298           77            48            15            92            28            14            20            38            7             10            
Laem Chabang      12            13            29            48            5             6             60            6             -             84            28            37            9             62            30            35            9             28            16            10            
Los Angeles       279           132           107           108           33            41            150           125           28            -             476           98            218           194           402           275           115           73            73            118           
New Jersey        116           54            152           76            19            24            110           80            15            478           -             54            102           73            286           222           67            20            37            90            
Piraeus           63            33            104           15            12            22            142           44            19            93            72            -             57            31            196           157           68            17            31            60            
Qingdao           18            39            27            103           10            9             56            6             9             395           118           76            -             128           10            13            26            62            25            0             
Rotterdam         121           66            246           4             40            57            321           91            38            161           134           28            102           -             304           370           138           32            57            118           
Shanghai          14            84            68            248           16            25            123           8             22            472           241           189           17            363           -             14            69            146           36            5             
Shenzhen          23            67            52            286           25            24            146           4             18            253           306           185           13            441           36            -             39            111           9             13            
Singapore         36            59            34            138           4             10            131           31            6             293           88            96            44            214           75            78            -             84            19            52            
Tanger Med        59            34            124           12            23            31            138           41            26            80            23            12            43            14            166           158           107           -             30            51            
Tianjin           19            19            21            82            6             12            60            12            4             182           84            59            3             125           11            8             29            41            -             0             
Xiamen            15            35            40            152           6             6             67            5             7             164           166           85            8             187           29            11            32            60            1             -             

Completed TEUs by Demand Matrix
------------------------------------------------------------
Origin Dest       Busan         Cartagena     Colombo       Hamburg       Ho Chi Minh CityJakarta       Jebel Ali     Kaohsiung     Laem Chabang  Los Angeles   New Jersey    Piraeus       Qingdao       Rotterdam     Shanghai      Shenzhen      Singapore     Tanger Med    Tianjin       Xiamen        
----------------------------------------------------------------------------------------------------------------------------------------------------------------------------------------------------------------------------------------------------------------------------------------------------------
Busan             -             29            75            88            3             21            159           355           13            390           112           79            86            108           251           129           151           51            69            32            
Cartagena         2             -             31            85            14            13            44            3             3             40            70            50            3             92            62            48            40            106           3             3             
Colombo           54            42            -             100           37            27            226           59            65            39            80            71            40            130           196           161           163           77            25            37            
Hamburg           18            49            109           -             7             19            218           35            12            38            127           97            20            175           117           125           72            175           22            22            
Ho Chi Minh City  6             12            55            19            -             38            39            14            32            42            17            18            11            32            38            52            103           20            11            15            
Jakarta           14            11            74            28            28            -             51            10            25            65            20            37            9             47            68            58            58            29            11            8             
Jebel Ali         67            24            211           93            47            19            -             78            50            67            38            96            31            143           110           122           103           145           17            42            
Kaohsiung         168           10            25            41            4             15            44            -             11            301           39            39            35            56            60            26            37            11            48            20            
Laem Chabang      18            12            70            19            17            31            23            14            -             41            23            26            11            28            39            44            89            17            20            15            
Los Angeles       120           33            12            12            3             21            84            58            7             -             97            38            129           34            212           115           51            16            35            36            
New Jersey        27            254           107           212           15            14            83            34            13            167           -             106           25            218           195           146           65            88            14            21            
Piraeus           25            34            66            48            10            22            160           23            10            36            81            -             22            116           99            87            49            105           11            21            
Qingdao           68            24            42            62            12            20            77            51            10            341           69            37            -             84            192           42            73            49            41            2             
Rotterdam         46            106           159           97            22            39            280           50            24            55            263           101           34            -             133           171           78            273           24            27            
Shanghai          160           41            105           143           19            54            227           95            26            402           158           142           120           192           -             131           276           78            104           43            
Shenzhen          184           42            104           155           41            58            306           76            26            200           245           155           29            245           94            -             221           75            46            14            
Singapore         47            50            239           97            52            124           212           60            48            247           102           80            68            142           259           212           -             56            20            66            
Tanger Med        17            75            72            73            4             18            211           24            17            28            65            78            17            110           113           72            86            -             12            14            
Tianjin           68            9             29            59            7             19            85            26            5             148           47            47            59            81            123           21            74            27            -             1             
Xiamen            106           14            74            78            8             15            126           50            7             106           118           69            16            133           40            219           122           36            4             -             


============================================================
Service Route Capacity and Utilization Statistics
============================================================
Route     Name                                Avg Capacity TEU     Avg Carried TEU    Utilization
-------------------------------------------------------------------------------------------------
S1        Asia-Europe-NorthEurope                      189,184              13,272          7.02%
S2        Intra-EastAsia                                12,880                 293          2.28%
S3        SEA-Feeder                                     7,062                 242          3.42%
S4        Transpacific-WestCoast                       126,732               5,496          4.34%
S5        Asia-US-East                                 114,993               3,819          3.32%
S6        Transatlantic-SouthConnector                  22,537                 853          3.79%
S7        IndianOcean-MiddleEast                         7,493                 495          6.61%
-------------------------------------------------------------------------------------------------
TOTAL                                                  480,881              24,470          5.09%


============================================================
Vessel Statistics
============================================================
Metric                                            Average Count
---------------------------------------------------------------
Average vessels sailing                                   36.99
Average vessels waiting for berth at port                  0.18
Average vessels being served at berth                      1.83
---------------------------------------------------------------
TOTAL average active/port vessels                         39.00


Period Result Output: Period 4 (Days 16-20)
Output Simulation Day: 20
Simulation Running Time: 00:03:12

Simulation Progress: Day 25 / 360
Simulation Clock Time: 0001-06-15 00:00:00


============================================================
Shipment Waiting for Loading Statistics
============================================================

TEUs by Demand Matrix
------------------------------------------------------------
Origin Dest       Busan         Cartagena     Colombo       Hamburg       Ho Chi Minh CityJakarta       Jebel Ali     Kaohsiung     Laem Chabang  Los Angeles   New Jersey    Piraeus       Qingdao       Rotterdam     Shanghai      Shenzhen      Singapore     Tanger Med    Tianjin       Xiamen        
----------------------------------------------------------------------------------------------------------------------------------------------------------------------------------------------------------------------------------------------------------------------------------------------------------
Busan             -             4             17            16            2             3             25            70            1             61            24            12            18            15            44            27            17            10            9             10            
Cartagena         3             -             10            22            0             1             12            3             1             4             53            19            5             23            13            11            11            21            2             6             
Colombo           11            9             -             22            14            14            100           9             17            7             26            17            10            31            36            33            79            17            3             7             
Hamburg           6             13            15            -             2             3             22            4             2             7             44            17            6             32            21            23            9             23            2             5             
Ho Chi Minh City  2             2             5             5             -             7             11            1             5             4             3             3             2             5             11            8             16            3             1             2             
Jakarta           3             1             8             3             3             -             9             2             3             6             6             5             2             8             14            13            7             3             1             3             
Jebel Ali         14            6             110           24            12            14            -             6             8             11            25            18            7             36            20            22            48            33            1             8             
Kaohsiung         29            1             3             7             2             3             5             -             3             35            9             3             10            10            15            7             8             4             9             2             
Laem Chabang      2             1             7             4             2             6             11            1             -             5             2             4             3             5             11            8             16            2             2             2             
Los Angeles       27            3             8             4             3             3             12            7             2             -             18            3             20            8             42            22            9             3             6             9             
New Jersey        7             62            13            52            1             1             25            5             1             20            -             24            5             58            20            19            5             24            2             5             
Piraeus           6             6             15            9             1             2             24            3             2             4             17            -             6             23            17            15            8             22            2             6             
Qingdao           11            3             8             8             2             3             16            11            2             56            18            9             -             15            31            8             14            4             6             0             
Rotterdam         9             28            27            19            5             5             42            7             4             8             78            14            9             -             34            29            14            32            3             8             
Shanghai          33            11            26            20            6             9             27            18            7             60            49            17            21            34            -             25            39            14            16            11            
Shenzhen          34            15            29            23            7             11            40            18            5             33            61            24            9             40            20            -             37            15            6             3             
Singapore         10            8             57            15            8             15            95            7             9             23            25            15            10            25            46            40            -             11            4             14            
Tanger Med        5             19            17            12            2             3             18            4             3             4             20            14            4             18            18            16            9             -             3             5             
Tianjin           7             2             7             8             1             1             15            5             1             21            10            4             8             17            20            7             12            6             -             0             
Xiamen            16            2             15            16            2             2             22            12            2             20            17            11            4             17            13            49            16            6             1             -             

Port-Level Shipment Waiting and Vessel Queue Statistics

Port                       Origin Waiting TEU   Transshipment Waiting TEU   Total Waiting TEU   Vessels Waiting
---------------------------------------------------------------------------------------------------------------
Busan                                     387                         174                 562              0.02
Cartagena                                 221                           0                 221              0.00
Colombo                                   460                          10                 470              0.01
Hamburg                                   258                           0                 258              0.00
Ho Chi Minh City                           95                           0                  95              0.03
Jakarta                                    99                           0                  99              0.05
Jebel Ali                                 424                           0                 424              0.00
Kaohsiung                                 166                          45                 211              0.03
Laem Chabang                               93                           0                  93              0.02
Los Angeles                               210                           0                 210              0.00
New Jersey                                348                         155                 503              0.00
Piraeus                                   189                           0                 189              0.00
Qingdao                                   228                          45                 272              0.01
Rotterdam                                 374                           0                 374              0.01
Shanghai                                  444                         961               1,405              0.00
Shenzhen                                  429                          92                 522              0.00
Singapore                                 439                         479                 918              0.01
Tanger Med                                193                          72                 264              0.00
Tianjin                                   152                           0                 152              0.00
Xiamen                                    244                           0                 244              0.02
---------------------------------------------------------------------------------------------------------------
TOTAL                                   5,453                       2,033               7,486              0.20



============================================================
Shipment Being Transported Statistics
============================================================

Average TEUs in Transition by Demand Matrix
------------------------------------------------------------
Origin Dest       Busan         Cartagena     Colombo       Hamburg       Ho Chi Minh CityJakarta       Jebel Ali     Kaohsiung     Laem Chabang  Los Angeles   New Jersey    Piraeus       Qingdao       Rotterdam     Shanghai      Shenzhen      Singapore     Tanger Med    Tianjin       Xiamen        
----------------------------------------------------------------------------------------------------------------------------------------------------------------------------------------------------------------------------------------------------------------------------------------------------------
Busan             -             40            61            166           7             13            127           69            9             464           217           107           7             192           31            38            47            93            6             19            
Cartagena         28            -             69            42            13            22            53            21            15            120           38            34            43            48            140           92            54            37            31            27            
Colombo           51            55            -             153           8             14            82            43            17            67            77            82            44            211           91            90            27            83            21            37            
Hamburg           90            32            165           -             19            27            188           69            24            138           74            30            80            7             251           239           83            23            46            74            
Ho Chi Minh City  6             18            25            39            -             9             62            9             2             68            29            23            9             56            44            42            15            27            9             13            
Jakarta           17            15            33            55            4             -             63            7             5             96            59            61            12            101           43            50            5             33            9             16            
Jebel Ali         64            46            70            125           17            23            -             53            19            140           81            71            43            178           69            89            48            158           21            57            
Kaohsiung         17            18            16            82            7             11            36            -             14            288           78            46            16            93            31            17            21            39            9             10            
Laem Chabang      11            12            27            49            5             6             56            5             -             84            27            36            10            62            33            38            9             27            15            9             
Los Angeles       276           130           109           110           33            41            157           124           28            -             465           95            216           196           407           276           116           72            74            119           
New Jersey        113           45            149           71            18            23            110           79            14            473           -             48            100           70            283           220           63            20            37            87            
Piraeus           63            32            103           16            12            21            143           43            19            91            70            -             57            33            195           156           68            19            31            58            
Qingdao           18            36            26            100           10            9             59            7             8             399           120           78            -             128           8             13            26            59            22            0             
Rotterdam         120           61            241           5             40            56            324           89            37            161           127           26            101           -             308           366           140           27            57            114           
Shanghai          12            83            67            249           17            24            124           9             24            463           243           185           17            367           -             15            63            146           33            4             
Shenzhen          28            68            53            285           23            22            153           5             18            255           301           189           14            442           42            -             36            114           9             13            
Singapore         34            55            27            140           5             9             111           29            8             279           91            99            43            217           72            75            -             84            20            48            
Tanger Med        59            34            125           13            25            31            136           40            27            80            24            13            43            16            164           161           104           -             31            51            
Tianjin           18            18            21            78            6             10            60            11            4             178           84            57            2             122           9             9             27            41            -             0             
Xiamen            17            34            40            155           6             6             73            6             7             164           163           85            10            186           31            13            32            60            1             -             

Completed TEUs by Demand Matrix
------------------------------------------------------------
Origin Dest       Busan         Cartagena     Colombo       Hamburg       Ho Chi Minh CityJakarta       Jebel Ali     Kaohsiung     Laem Chabang  Los Angeles   New Jersey    Piraeus       Qingdao       Rotterdam     Shanghai      Shenzhen      Singapore     Tanger Med    Tianjin       Xiamen        
----------------------------------------------------------------------------------------------------------------------------------------------------------------------------------------------------------------------------------------------------------------------------------------------------------
Busan             -             29            144           88            12            29            159           462           18            460           165           79            119           137           323           129           168           72            69            62            
Cartagena         12            -             31            85            14            13            44            3             5             40            199           50            17            92            62            48            44            106           3             11            
Colombo           104           42            -             100           37            55            477           73            65            39            111           71            83            181           260           208           163           103           25            61            
Hamburg           44            55            139           -             9             21            218           43            14            38            127           131           46            175           147           146           92            214           22            41            
Ho Chi Minh City  9             12            55            19            -             55            104           14            43            42            24            18            16            47            78            74            103           23            11            20            
Jakarta           24            11            74            28            33            -             105           10            30            65            33            37            19            62            102           99            82            35            11            20            
Jebel Ali         109           24            411           93            47            47            -             84            50            67            74            96            55            203           145           166           103           208           17            88            
Kaohsiung         227           10            30            41            7             21            44            -             15            355           49            39            58            72            102           26            37            19            48            25            
Laem Chabang      23            12            70            19            21            47            83            14            -             41            31            26            16            41            61            70            89            19            20            19            
Los Angeles       193           33            43            12            14            34            84            93            11            -             205           38            157           70            212           165           51            33            35            55            
New Jersey        61            281           107           212           17            17            83            48            16            167           -             106           52            218           195           146           82            88            14            43            
Piraeus           38            50            94            48            11            27            160           31            11            36            81            -             37            162           131           109           68            170           11            50            
Qingdao           68            24            58            62            17            26            77            71            13            413           91            37            -             112           192           60            73            62            41            4             
Rotterdam         75            116           223           97            26            45            280           54            26            55            263           127           57            -             186           222           107           311           24            65            
Shanghai          203           41            199           143           42            75            227           140           49            493           227           142           169           254           -             171           307           105           104           68            
Shenzhen          255           42            188           155           62            88            306           111           45            257           346           155           44            360           127           -             249           108           46            23            
Singapore         84            50            239           97            67            154           409           67            72            247           125           80            100           190           345           274           -             83            20            119           
Tanger Med        38            78            109           73            8             27            211           26            19            28            65            101           28            152           130           99            109           -             12            30            
Tianjin           68            9             41            59            9             24            85            36            6             193           63            47            59            107           123           36            74            33            -             2             
Xiamen            136           14            101           78            11            19            126           75            14            148           159           69            27            164           80            325           122           51            4             -             


============================================================
Service Route Capacity and Utilization Statistics
============================================================
Route     Name                                Avg Capacity TEU     Avg Carried TEU    Utilization
-------------------------------------------------------------------------------------------------
S1        Asia-Europe-NorthEurope                      189,179              13,212          6.98%
S2        Intra-EastAsia                                12,859                 303          2.35%
S3        SEA-Feeder                                     7,032                 243          3.45%
S4        Transpacific-WestCoast                       126,712               5,483          4.33%
S5        Asia-US-East                                 115,050               3,763          3.27%
S6        Transatlantic-SouthConnector                  22,697                 878          3.87%
S7        IndianOcean-MiddleEast                         7,425                 473          6.37%
-------------------------------------------------------------------------------------------------
TOTAL                                                  480,954              24,354          5.06%


============================================================
Vessel Statistics
============================================================
Metric                                            Average Count
---------------------------------------------------------------
Average vessels sailing                                   36.99
Average vessels waiting for berth at port                  0.20
Average vessels being served at berth                      1.81
---------------------------------------------------------------
TOTAL average active/port vessels                         39.00


Period Result Output: Period 5 (Days 21-25)
Output Simulation Day: 25
Simulation Running Time: 00:03:19

Simulation Progress: Day 30 / 360
Simulation Clock Time: 0001-06-20 00:00:00


============================================================
Shipment Waiting for Loading Statistics
============================================================

TEUs by Demand Matrix
------------------------------------------------------------
Origin Dest       Busan         Cartagena     Colombo       Hamburg       Ho Chi Minh CityJakarta       Jebel Ali     Kaohsiung     Laem Chabang  Los Angeles   New Jersey    Piraeus       Qingdao       Rotterdam     Shanghai      Shenzhen      Singapore     Tanger Med    Tianjin       Xiamen        
----------------------------------------------------------------------------------------------------------------------------------------------------------------------------------------------------------------------------------------------------------------------------------------------------------
Busan             -             4             17            17            2             4             27            78            1             68            26            13            20            17            48            30            22            10            10            12            
Cartagena         4             -             9             22            0             2             12            3             1             4             49            18            5             24            12            11            11            21            2             5             
Colombo           14            8             -             20            13            12            102           9             16            8             24            18            10            31            39            39            69            16            4             8             
Hamburg           5             15            16            -             2             3             22            4             2             6             49            17            6             32            20            21            9             23            2             5             
Ho Chi Minh City  2             2             6             5             -             6             11            1             5             4             3             3             2             5             11            9             16            3             1             3             
Jakarta           2             1             9             3             3             -             9             2             3             6             5             5             2             8             14            12            8             3             1             3             
Jebel Ali         14            6             111           22            12            14            -             6             8             11            22            16            7             33            21            22            50            30            1             8             
Kaohsiung         29            2             3             7             2             4             5             -             3             34            9             4             11            10            16            8             9             5             8             3             
Laem Chabang      2             1             6             4             2             5             10            1             -             5             2             4             3             5             12            8             16            2             2             2             
Los Angeles       28            3             8             4             3             3             13            9             2             -             17            4             19            8             43            24            9             4             7             10            
New Jersey        8             59            15            47            1             2             21            5             1             25            -             21            5             51            25            23            7             22            2             6             
Piraeus           5             6             15            9             1             2             23            3             2             4             17            -             6             24            18            17            9             22            2             6             
Qingdao           11            3             8             8             2             3             15            12            2             66            17            9             -             15            29            8             14            4             6             0             
Rotterdam         8             29            26            18            4             5             41            6             3             8             88            14            8             -             32            28            14            31            3             8             
Shanghai          33            10            24            22            6             8             26            20            7             67            44            18            22            35            -             26            39            13            17            11            
Shenzhen          33            14            30            23            8             10            41            19            4             32            57            25            10            38            22            -             36            15            6             3             
Singapore         13            8             58            14            8             14            95            8             9             23            25            15            11            24            43            41            -             12            4             13            
Tanger Med        5             18            17            15            2             3             19            4             3             4             20            14            4             20            18            16            10            -             3             6             
Tianjin           7             2             6             7             1             1             14            5             1             20            9             4             8             15            19            7             11            5             -             0             
Xiamen            17            3             15            17            2             3             21            11            2             19            17            11            4             16            13            48            16            6             1             -             

Port-Level Shipment Waiting and Vessel Queue Statistics

Port                       Origin Waiting TEU   Transshipment Waiting TEU   Total Waiting TEU   Vessels Waiting
---------------------------------------------------------------------------------------------------------------
Busan                                     427                         189                 615              0.02
Cartagena                                 216                           0                 216              0.00
Colombo                                   458                           8                 467              0.01
Hamburg                                   259                           0                 259              0.00
Ho Chi Minh City                           97                           0                  97              0.04
Jakarta                                    99                           0                  99              0.05
Jebel Ali                                 414                           0                 414              0.00
Kaohsiung                                 172                          39                 210              0.03
Laem Chabang                               91                           0                  91              0.02
Los Angeles                               217                           0                 217              0.00
New Jersey                                348                         172                 521              0.00
Piraeus                                   191                           0                 191              0.00
Qingdao                                   230                          46                 276              0.01
Rotterdam                                 375                           0                 375              0.01
Shanghai                                  448                       1,003               1,451              0.00
Shenzhen                                  427                          90                 517              0.00
Singapore                                 439                         472                 911              0.01
Tanger Med                                201                          68                 269              0.00
Tianjin                                   142                           0                 142              0.00
Xiamen                                    242                           0                 242              0.03
---------------------------------------------------------------------------------------------------------------
TOTAL                                   5,494                       2,087               7,580              0.21



============================================================
Shipment Being Transported Statistics
============================================================

Average TEUs in Transition by Demand Matrix
------------------------------------------------------------
Origin Dest       Busan         Cartagena     Colombo       Hamburg       Ho Chi Minh CityJakarta       Jebel Ali     Kaohsiung     Laem Chabang  Los Angeles   New Jersey    Piraeus       Qingdao       Rotterdam     Shanghai      Shenzhen      Singapore     Tanger Med    Tianjin       Xiamen        
----------------------------------------------------------------------------------------------------------------------------------------------------------------------------------------------------------------------------------------------------------------------------------------------------------
Busan             -             39            56            166           6             13            120           64            8             459           218           107           7             190           29            43            45            93            5             19            
Cartagena         28            -             72            44            12            21            55            21            15            118           32            37            42            54            137           91            56            40            31            27            
Colombo           48            56            -             155           12            16            68            41            17            69            84            86            41            211           86            90            35            87            21            36            
Hamburg           89            31            166           -             20            27            187           67            24            139           67            30            80            8             252           243           83            24            45            74            
Ho Chi Minh City  6             18            25            40            -             9             61            9             2             69            30            23            10            55            43            42            14            27            8             13            
Jakarta           17            15            37            54            4             -             61            8             5             96            61            60            12            101           44            49            5             33            9             15            
Jebel Ali         65            47            58            125           17            25            -             50            18            142           82            74            43            181           72            85            47            159           19            53            
Kaohsiung         15            18            16            80            7             11            36            -             13            280           80            45            17            94            31            19            23            39            8             10            
Laem Chabang      11            11            27            47            5             5             56            5             -             85            26            36            11            62            37            37            9             28            14            9             
Los Angeles       275           128           108           108           33            41            159           120           28            -             457           94            218           193           413           273           115           70            73            121           
New Jersey        110           47            144           82            17            22            117           77            14            471           -             52            98            84            275           215           60            26            35            84            
Piraeus           63            32            105           15            12            20            140           42            18            91            70            -             58            35            193           155           67            21            30            57            
Qingdao           22            34            27            99            9             10            61            6             8             397           125           79            -             128           9             13            28            58            22            0             
Rotterdam         122           57            242           4             41            55            329           88            37            163           112           27            103           -             313           365           141           28            56            113           
Shanghai          13            85            64            246           16            24            118           8             23            454           255           181           19            367           -             15            61            146           32            4             
Shenzhen          26            70            56            280           23            20            146           6             16            253           304           192           15            431           47            -             36            116           8             13            
Singapore         36            53            33            140           6             9             106           29            8             278           93            101           44            218           73            72            -             85            19            48            
Tanger Med        59            34            127           11            25            31            135           40            27            82            22            13            43            13            164           162           100           -             31            51            
Tianjin           18            18            23            77            6             9             61            10            4             177           85            55            2             125           10            10            29            42            -             0             
Xiamen            18            34            41            154           6             7             72            6             7             160           164           85            11            183           32            14            32            60            1             -             

Completed TEUs by Demand Matrix
------------------------------------------------------------
Origin Dest       Busan         Cartagena     Colombo       Hamburg       Ho Chi Minh CityJakarta       Jebel Ali     Kaohsiung     Laem Chabang  Los Angeles   New Jersey    Piraeus       Qingdao       Rotterdam     Shanghai      Shenzhen      Singapore     Tanger Med    Tianjin       Xiamen        
----------------------------------------------------------------------------------------------------------------------------------------------------------------------------------------------------------------------------------------------------------------------------------------------------------
Busan             -             29            144           120           12            31            266           462           18            460           165           104           119           137           323           129           168           72            94            80            
Cartagena         16            -             31            85            14            16            44            3             5             40            225           50            17            92            84            58            44            106           13            14            
Colombo           118           42            -             149           37            55            477           73            65            39            111           106           83            181           340           208           294           103           37            78            
Hamburg           55            55            139           -             9             27            257           43            14            38            201           131           46            243           205           146           92            258           31            50            
Ho Chi Minh City  10            12            55            27            -             74            104           14            43            42            24            23            16            47            106           74            135           23            15            27            
Jakarta           31            11            74            38            34            -             105           10            30            65            33            63            19            62            137           99            107           35            15            29            
Jebel Ali         131           24            411           145           47            47            -             84            50            67            74            127           55            203           183           166           187           208           30            100           
Kaohsiung         227           10            30            56            7             21            55            -             15            355           49            47            58            72            102           26            37            19            74            30            
Laem Chabang      26            12            70            38            21            56            83            14            -             41            31            36            16            41            91            70            135           19            25            19            
Los Angeles       257           33            43            31            14            34            115           93            11            -             205           45            157           70            299           165           73            33            51            82            
New Jersey        82            281           139           212           17            19            83            48            16            167           -             106           52            218           244           183           90            88            22            53            
Piraeus           53            50            94            70            11            30            213           31            11            36            111           -             37            162           191           109           68            170           21            60            
Qingdao           118           24            58            79            17            26            114           71            13            413           91            61            -             112           241           60            96            62            41            5             
Rotterdam         87            116           223           132           26            62            363           54            26            55            361           127           57            -             241           222           107           377           34            80            
Shanghai          270           41            199           202           42            83            338           140           49            493           227           194           169           254           -             171           364           105           127           90            
Shenzhen          255           42            188           213           62            92            474           156           45            257           346           202           44            360           127           -             321           108           53            31            
Singapore         105           50            239           123           68            188           409           67            72            247           125           112           100           190           442           274           -             83            39            140           
Tanger Med        41            78            109           101           8             31            236           26            19            28            94            101           28            152           158           99            109           -             17            39            
Tianjin           91            9             41            73            9             24            114           36            6             193           63            59            76            107           169           36            92            33            -             2             
Xiamen            136           14            101           115           11            19            173           93            14            148           159           88            27            164           80            420           155           51            4             -             


============================================================
Service Route Capacity and Utilization Statistics
============================================================
Route     Name                                Avg Capacity TEU     Avg Carried TEU    Utilization
-------------------------------------------------------------------------------------------------
S1        Asia-Europe-NorthEurope                      189,441              13,163          6.95%
S2        Intra-EastAsia                                12,684                 300          2.36%
S3        SEA-Feeder                                     7,015                 236          3.36%
S4        Transpacific-WestCoast                       126,966               5,466          4.30%
S5        Asia-US-East                                 114,992               3,750          3.26%
S6        Transatlantic-SouthConnector                  22,818                 913          4.00%
S7        IndianOcean-MiddleEast                         7,443                 464          6.23%
-------------------------------------------------------------------------------------------------
TOTAL                                                  481,359              24,291          5.05%


============================================================
Vessel Statistics
============================================================
Metric                                            Average Count
---------------------------------------------------------------
Average vessels sailing                                   37.01
Average vessels waiting for berth at port                  0.21
Average vessels being served at berth                      1.78
---------------------------------------------------------------
TOTAL average active/port vessels                         39.00


Period Result Output: Period 6 (Days 26-30)
Output Simulation Day: 30
Simulation Running Time: 00:03:27

Simulation Progress: Day 35 / 360
Simulation Clock Time: 0001-06-25 00:00:00


============================================================
Shipment Waiting for Loading Statistics
============================================================

TEUs by Demand Matrix
------------------------------------------------------------
Origin Dest       Busan         Cartagena     Colombo       Hamburg       Ho Chi Minh CityJakarta       Jebel Ali     Kaohsiung     Laem Chabang  Los Angeles   New Jersey    Piraeus       Qingdao       Rotterdam     Shanghai      Shenzhen      Singapore     Tanger Med    Tianjin       Xiamen        
----------------------------------------------------------------------------------------------------------------------------------------------------------------------------------------------------------------------------------------------------------------------------------------------------------
Busan             -             4             17            17            2             3             26            81            2             68            26            13            21            17            48            28            22            10            10            12            
Cartagena         3             -             8             20            0             2             11            3             1             4             45            17            4             22            12            11            10            20            2             5             
Colombo           13            7             -             19            13            13            95            9             16            7             24            17            10            29            39            36            67            16            4             9             
Hamburg           6             16            19            -             2             4             24            4             2             6             51            18            6             34            22            21            10            24            2             5             
Ho Chi Minh City  2             1             6             5             -             6             10            2             4             4             3             3             2             5             11            9             15            3             1             2             
Jakarta           3             1             9             3             4             -             10            2             3             6             5             5             2             8             15            14            8             2             1             3             
Jebel Ali         13            6             118           22            12            15            -             6             9             11            22            16            7             32            19            20            55            27            1             8             
Kaohsiung         27            1             3             7             2             4             5             -             2             34            10            4             10            9             15            8             8             5             8             3             
Laem Chabang      2             1             6             4             2             6             9             1             -             4             2             4             2             5             11            8             15            2             2             2             
Los Angeles       27            3             8             3             3             2             12            9             2             -             16            4             17            8             44            25            8             3             6             10            
New Jersey        10            59            20            47            1             3             21            7             2             32            -             22            6             52            35            30            10            23            3             8             
Piraeus           5             7             16            9             1             2             23            3             2             4             16            -             6             24            18            17            9             24            2             6             
Qingdao           11            3             8             8             2             3             15            11            2             63            16            9             -             15            29            8             14            5             5             0             
Rotterdam         9             31            28            18            4             5             42            7             4             9             96            15            9             -             34            31            15            35            4             9             
Shanghai          34            10            24            24            6             8             27            20            7             69            42            17            23            35            -             28            40            13            17            12            
Shenzhen          33            13            29            24            8             10            38            20            4             31            56            24            9             36            21            -             36            14            7             3             
Singapore         16            8             54            14            9             15            93            9             10            25            22            16            14            24            44            48            -             12            4             14            
Tanger Med        6             20            17            15            2             3             22            4             3             4             22            13            4             19            19            16            9             -             3             6             
Tianjin           8             2             7             7             1             1             14            5             1             19            10            4             8             16            19            7             11            5             -             0             
Xiamen            17            3             14            17            2             3             20            11            2             19            18            11            5             17            14            50            15            6             1             -             

Port-Level Shipment Waiting and Vessel Queue Statistics

Port                       Origin Waiting TEU   Transshipment Waiting TEU   Total Waiting TEU   Vessels Waiting
---------------------------------------------------------------------------------------------------------------
Busan                                     428                         198                 627              0.02
Cartagena                                 199                           0                 199              0.00
Colombo                                   440                           7                 447              0.01
Hamburg                                   276                           0                 276              0.00
Ho Chi Minh City                           95                           0                  95              0.03
Jakarta                                   104                           0                 104              0.06
Jebel Ali                                 422                           0                 422              0.00
Kaohsiung                                 166                          39                 205              0.02
Laem Chabang                               88                           0                  88              0.01
Los Angeles                               214                           0                 214              0.00
New Jersey                                389                         178                 567              0.00
Piraeus                                   193                           0                 193              0.00
Qingdao                                   228                          46                 274              0.01
Rotterdam                                 403                           0                 403              0.01
Shanghai                                  455                       1,010               1,465              0.00
Shenzhen                                  416                          86                 502              0.00
Singapore                                 449                         464                 913              0.01
Tanger Med                                207                         101                 308              0.00
Tianjin                                   144                           0                 144              0.00
Xiamen                                    243                           0                 243              0.02
---------------------------------------------------------------------------------------------------------------
TOTAL                                   5,561                       2,130               7,692              0.20



============================================================
Shipment Being Transported Statistics
============================================================

Average TEUs in Transition by Demand Matrix
------------------------------------------------------------
Origin Dest       Busan         Cartagena     Colombo       Hamburg       Ho Chi Minh CityJakarta       Jebel Ali     Kaohsiung     Laem Chabang  Los Angeles   New Jersey    Piraeus       Qingdao       Rotterdam     Shanghai      Shenzhen      Singapore     Tanger Med    Tianjin       Xiamen        
----------------------------------------------------------------------------------------------------------------------------------------------------------------------------------------------------------------------------------------------------------------------------------------------------------
Busan             -             39            56            168           6             14            116           67            7             462           225           108           7             191           29            48            50            91            6             22            
Cartagena         28            -             72            48            12            21            56            22            15            118           33            42            42            58            137           92            59            39            30            27            
Colombo           49            55            -             158           10            16            75            40            15            70            92            92            40            215           84            92            30            90            21            37            
Hamburg           88            30            164           -             21            27            186           65            23            138           63            29            78            9             249           241           83            23            44            74            
Ho Chi Minh City  7             18            25            41            -             8             62            9             2             69            31            24            10            56            41            42            13            27            8             14            
Jakarta           17            14            37            53            4             -             62            8             5             94            63            59            12            101           44            47            5             32            9             15            
Jebel Ali         66            44            53            126           15            25            -             48            16            142           84            75            43            184           74            83            42            155           18            52            
Kaohsiung         15            18            18            80            7             13            37            -             14            274           83            45            17            95            33            23            26            40            8             11            
Laem Chabang      11            11            26            47            5             5             57            6             -             85            27            37            12            62            38            36            9             28            14            10            
Los Angeles       275           124           108           108           33            41            163           121           29            -             455           93            217           193           419           269           114           70            74            124           
New Jersey        105           42            137           84            17            21            116           75            13            469           -             56            93            85            266           210           57            24            34            81            
Piraeus           63            32            107           16            12            19            137           41            18            90            71            -             59            37            189           155           67            21            30            57            
Qingdao           20            34            27            99            9             10            63            7             8             408           129           79            -             129           9             12            29            55            21            0             
Rotterdam         123           52            240           4             40            53            324           87            36            163           103           25            102           -             315           361           143           26            55            112           
Shanghai          12            84            59            247           15            24            112           9             22            456           268           178           17            369           -             14            60            142           32            4             
Shenzhen          25            71            58            279           22            20            144           5             15            257           311           196           16            424           51            -             36            119           8             13            
Singapore         37            52            32            140           5             9             115           28            8             275           99            102           43            218           66            70            -             86            17            47            
Tanger Med        60            30            127           14            25            32            136           40            28            81            19            12            43            15            163           162           99            -             31            51            
Tianjin           17            18            23            76            5             9             62            10            4             180           88            53            2             128           10            10            29            42            -             0             
Xiamen            18            34            40            154           6             8             72            5             7             160           167           85            10            181           32            12            31            60            1             -             

Completed TEUs by Demand Matrix
------------------------------------------------------------
Origin Dest       Busan         Cartagena     Colombo       Hamburg       Ho Chi Minh CityJakarta       Jebel Ali     Kaohsiung     Laem Chabang  Los Angeles   New Jersey    Piraeus       Qingdao       Rotterdam     Shanghai      Shenzhen      Singapore     Tanger Med    Tianjin       Xiamen        
----------------------------------------------------------------------------------------------------------------------------------------------------------------------------------------------------------------------------------------------------------------------------------------------------------
Busan             -             31            144           157           12            31            266           628           18            560           165           124           166           175           422           182           188           95            123           80            
Cartagena         16            -             72            131           14            16            66            4             5             40            272           50            23            173           84            58            44            160           16            14            
Colombo           118           59            -             188           68            80            619           107           82            55            111           142           94            263           340           298           294           124           43            78            
Hamburg           55            85            185           -             10            27            281           64            19            59            201           160           60            332           205           198           107           258           37            50            
Ho Chi Minh City  10            15            83            31            -             82            154           21            48            60            24            29            18            55            106           103           159           28            16            27            
Jakarta           31            15            117           62            42            -             148           17            40            83            33            76            24            104           137           138           130           44            17            29            
Jebel Ali         131           45            411           185           68            79            -             109           64            101           74            160           73            262           183           200           187           270           34            100           
Kaohsiung         275           14            30            71            7             21            55            -             15            406           49            58            76            87            132           38            51            27            86            30            
Laem Chabang      26            13            98            47            29            66            136           15            -             64            31            46            20            58            91            92            164           30            28            19            
Los Angeles       257           69            58            33            17            41            137           119           13            -             205           48            203           84            403           244           97            37            63            82            
New Jersey        82            371           173           331           17            22            137           60            16            167           -             106           74            374           291           220           90            148           26            53            
Piraeus           53            55            130           87            13            30            242           42            16            49            111           -             43            229           191           151           92            214           25            60            
Qingdao           118           27            74            106           21            32            148           101           17            500           91            78            -             137           299           75            133           77            63            5             
Rotterdam         87            152           271           168           35            62            439           81            31            77            361           163           75            -             241           288           140           377           40            80            
Shanghai          270           64            238           252           49            99            373           184           68            602           227           238           231           338           -             225           437           150           176           90            
Shenzhen          314           54            262           296           82            100           539           156           54            260           346           263           59            461           183           -             378           127           67            31            
Singapore         105           62            362           165           97            223           583           96            94            290           125           150           124           263           442           332           -             107           42            140           
Tanger Med        41            110           133           149           15            31            262           37            24            45            94            132           36            198           158           126           135           -             19            39            
Tianjin           91            13            57            92            13            27            147           41            9             193           63            72            92            127           206           52            122           41            -             2             
Xiamen            186           20            132           148           16            27            220           93            18            149           159           113           39            202           103           420           189           64            6             -             


============================================================
Service Route Capacity and Utilization Statistics
============================================================
Route     Name                                Avg Capacity TEU     Avg Carried TEU    Utilization
-------------------------------------------------------------------------------------------------
S1        Asia-Europe-NorthEurope                      189,189              13,074          6.91%
S2        Intra-EastAsia                                12,795                 302          2.36%
S3        SEA-Feeder                                     7,014                 235          3.35%
S4        Transpacific-WestCoast                       126,897               5,485          4.32%
S5        Asia-US-East                                 115,047               3,760          3.27%
S6        Transatlantic-SouthConnector                  22,667                 873          3.85%
S7        IndianOcean-MiddleEast                         7,412                 459          6.19%
-------------------------------------------------------------------------------------------------
TOTAL                                                  481,022              24,189          5.03%


============================================================
Vessel Statistics
============================================================
Metric                                            Average Count
---------------------------------------------------------------
Average vessels sailing                                   36.99
Average vessels waiting for berth at port                  0.20
Average vessels being served at berth                      1.81
---------------------------------------------------------------
TOTAL average active/port vessels                         39.00


Period Result Output: Period 7 (Days 31-35)
Output Simulation Day: 35
Simulation Running Time: 00:03:34

Simulation Progress: Day 40 / 360
Simulation Clock Time: 0001-06-30 00:00:00


============================================================
Shipment Waiting for Loading Statistics
============================================================

TEUs by Demand Matrix
------------------------------------------------------------
Origin Dest       Busan         Cartagena     Colombo       Hamburg       Ho Chi Minh CityJakarta       Jebel Ali     Kaohsiung     Laem Chabang  Los Angeles   New Jersey    Piraeus       Qingdao       Rotterdam     Shanghai      Shenzhen      Singapore     Tanger Med    Tianjin       Xiamen        
----------------------------------------------------------------------------------------------------------------------------------------------------------------------------------------------------------------------------------------------------------------------------------------------------------
Busan             -             4             17            17            2             3             25            79            2             65            25            13            20            17            46            27            22            9             11            11            
Cartagena         3             -             8             20            1             1             11            2             1             5             46            17            4             23            13            11            10            20            2             5             
Colombo           12            7             -             18            13            13            96            8             16            7             22            16            10            27            38            34            66            15            4             9             
Hamburg           5             16            19            -             2             3             25            4             2             7             47            19            6             35            22            21            10            25            2             5             
Ho Chi Minh City  2             1             5             4             -             6             10            2             4             4             3             3             2             5             11            9             14            2             1             2             
Jakarta           3             1             9             4             4             -             11            2             3             6             5             6             2             8             15            14            11            3             1             3             
Jebel Ali         14            6             108           20            11            14            -             7             8             13            20            17            7             32            21            21            52            27            2             8             
Kaohsiung         25            1             3             7             2             4             5             -             2             36            10            4             10            9             15            7             8             5             8             3             
Laem Chabang      2             1             6             3             2             6             9             1             -             4             3             4             2             5             11            8             14            2             2             2             
Los Angeles       30            4             9             4             3             3             12            10            3             -             19            4             19            8             53            29            9             4             6             12            
New Jersey        9             66            20            44            1             3             19            7             2             32            -             21            6             50            36            31            11            21            3             8             
Piraeus           5             8             19            9             1             2             26            4             2             4             16            -             7             23            20            19            10            24            2             6             
Qingdao           11            4             9             8             2             3             14            10            2             62            16            9             -             15            28            9             14            5             5             0             
Rotterdam         9             28            29            18            4             5             43            7             4             9             87            15            9             -             36            30            15            36            4             9             
Shanghai          33            9             24            27            7             9             28            19            8             71            43            18            23            36            -             30            42            14            17            10            
Shenzhen          33            12            32            31            7             12            40            20            5             31            53            29            8             42            20            -             42            16            7             3             
Singapore         15            8             57            15            9             16            100           8             9             25            22            18            14            24            43            46            -             12            4             13            
Tanger Med        6             19            16            15            2             3             22            4             3             4             20            13            4             19            20            16            9             -             3             6             
Tianjin           8             2             7             7             1             1             15            5             1             19            10            5             8             15            19            7             11            5             -             0             
Xiamen            16            3             13            16            2             3             19            11            2             18            17            11            5             17            13            47            14            6             0             -             

Port-Level Shipment Waiting and Vessel Queue Statistics

Port                       Origin Waiting TEU   Transshipment Waiting TEU   Total Waiting TEU   Vessels Waiting
---------------------------------------------------------------------------------------------------------------
Busan                                     414                         192                 605              0.01
Cartagena                                 203                           0                 203              0.00
Colombo                                   432                           8                 440              0.00
Hamburg                                   276                           0                 276              0.00
Ho Chi Minh City                           92                           0                  92              0.04
Jakarta                                   111                           0                 111              0.05
Jebel Ali                                 407                           0                 407              0.00
Kaohsiung                                 166                          39                 205              0.02
Laem Chabang                               87                           0                  87              0.01
Los Angeles                               241                           0                 241              0.00
New Jersey                                389                         183                 572              0.00
Piraeus                                   206                           0                 206              0.00
Qingdao                                   226                          46                 271              0.01
Rotterdam                                 397                           0                 397              0.00
Shanghai                                  467                       1,044               1,511              0.00
Shenzhen                                  441                          95                 537              0.00
Singapore                                 457                         461                 918              0.00
Tanger Med                                203                         100                 302              0.00
Tianjin                                   146                           0                 146              0.00
Xiamen                                    233                           0                 233              0.02
---------------------------------------------------------------------------------------------------------------
TOTAL                                   5,594                       2,169               7,763              0.19



============================================================
Shipment Being Transported Statistics
============================================================

Average TEUs in Transition by Demand Matrix
------------------------------------------------------------
Origin Dest       Busan         Cartagena     Colombo       Hamburg       Ho Chi Minh CityJakarta       Jebel Ali     Kaohsiung     Laem Chabang  Los Angeles   New Jersey    Piraeus       Qingdao       Rotterdam     Shanghai      Shenzhen      Singapore     Tanger Med    Tianjin       Xiamen        
----------------------------------------------------------------------------------------------------------------------------------------------------------------------------------------------------------------------------------------------------------------------------------------------------------
Busan             -             40            58            170           6             15            117           74            8             474           229           109           8             192           30            55            56            90            6             23            
Cartagena         29            -             70            46            12            21            57            23            15            118           29            45            42            56            137           93            59            38            29            27            
Colombo           50            56            -             159           10            15            65            38            14            72            96            95            40            214           87            99            30            92            21            38            
Hamburg           88            31            163           -             21            28            190           63            23            138           70            31            77            8             250           241           84            22            43            74            
Ho Chi Minh City  8             18            25            42            -             9             58            8             2             70            31            25            11            57            42            43            14            27            8             14            
Jakarta           16            13            37            51            4             -             59            9             5             94            63            57            12            99            45            49            5             32            9             15            
Jebel Ali         66            44            65            127           15            26            -             45            16            143           85            76            42            185           74            82            51            151           16            50            
Kaohsiung         15            18            19            80            8             14            39            -             14            272           85            45            17            95            33            26            28            40            8             11            
Laem Chabang      12            10            25            47            4             6             53            7             -             85            27            37            12            62            40            37            9             28            14            10            
Los Angeles       273           121           107           108           33            40            164           120           28            -             453           93            216           192           414           266           112           69            74            125           
New Jersey        102           37            135           82            17            21            116           74            13            475           -             62            89            84            267           209           57            25            34            79            
Piraeus           63            34            105           17            12            19            135           40            18            89            74            -             59            37            186           155           66            21            29            57            
Qingdao           21            34            28            97            8             11            64            7             7             423           131           80            -             131           8             14            30            54            20            0             
Rotterdam         123           54            239           4             40            52            324           86            37            164           119           27            102           -             322           364           144           26            55            112           
Shanghai          12            84            55            247           14            24            107           9             21            468           274           173           17            368           -             16            58            139           31            4             
Shenzhen          27            74            54            271           20            19            137           6             13            265           312           194           16            410           52            -             32            119           9             13            
Singapore         42            52            28            139           5             9             101           29            8             278           100           103           46            215           68            83            -             86            17            47            
Tanger Med        62            30            127           15            25            32            140           40            28            81            21            13            43            15            164           165           96            -             31            51            
Tianjin           17            18            22            75            5             8             61            10            4             183           89            52            2             131           9             10            29            43            -             0             
Xiamen            18            34            39            155           6             9             71            6             7             163           167           84            11            180           33            12            29            60            1             -             

Completed TEUs by Demand Matrix
------------------------------------------------------------
Origin Dest       Busan         Cartagena     Colombo       Hamburg       Ho Chi Minh CityJakarta       Jebel Ali     Kaohsiung     Laem Chabang  Los Angeles   New Jersey    Piraeus       Qingdao       Rotterdam     Shanghai      Shenzhen      Singapore     Tanger Med    Tianjin       Xiamen        
----------------------------------------------------------------------------------------------------------------------------------------------------------------------------------------------------------------------------------------------------------------------------------------------------------
Busan             -             31            169           157           15            31            266           793           18            725           255           124           209           219           501           182           188           111           123           119           
Cartagena         16            -             72            144           14            16            78            4             5             59            272           102           23            173           84            58            62            160           16            14            
Colombo           139           59            -             188           68            80            619           107           82            64            168           142           109           319           413           298           294           152           43            98            
Hamburg           70            85            216           -             16            27            343           64            24            72            201           202           74            332           253           198           120           310           37            59            
Ho Chi Minh City  15            15            83            31            -             82            154           21            57            76            40            29            23            64            140           103           195           36            16            30            
Jakarta           40            15            117           62            52            -             148           17            48            97            68            76            28            123           169           138           130           49            17            33            
Jebel Ali         152           45            622           185           68            79            -             109           64            130           114           160           89            320           265           200           187           315           34            116           
Kaohsiung         308           14            36            71            11            21            55            -             22            515           85            58            97            101           167           38            51            34            86            36            
Laem Chabang      28            13            98            47            30            66            136           15            -             84            43            46            25            72            143           92            190           33            28            24            
Los Angeles       305           69            74            33            25            41            137           139           23            -             242           48            238           90            403           244           97            38            63            106           
New Jersey        100           371           191           350           20            22            170           69            18            273           -             179           87            374           291           220           102           148           26            68            
Piraeus           59            55            157           87            16            30            299           42            20            56            111           -             54            271           230           151           104           274           25            62            
Qingdao           118           27            96            106           25            32            148           113           20            645           143           78            -             156           299           75            133           88            63            6             
Rotterdam         109           152           318           168           39            62            547           81            36            95            361           199           93            -             289           288           174           461           40            100           
Shanghai          340           64            263           252           59            99            373           215           79            731           343           238           273           427           -             225           437           184           176           108           
Shenzhen          386           54            332           296           104           100           539           207           59            408           510           263           78            548           243           -             378           152           67            38            
Singapore         130           62            362           165           114           223           583           96            115           352           187           150           148           305           532           332           -             125           42            174           
Tanger Med        49            110           159           149           21            31            311           37            29            54            94            156           40            232           185           126           146           -             19            43            
Tianjin           91            13            73            92            15            27            147           51            11            279           106           72            92            148           206           52            122           49            -             4             
Xiamen            214           20            163           148           20            27            220           118           24            223           239           113           46            243           128           494           189           78            6             -             


============================================================
Service Route Capacity and Utilization Statistics
============================================================
Route     Name                                Avg Capacity TEU     Avg Carried TEU    Utilization
-------------------------------------------------------------------------------------------------
S1        Asia-Europe-NorthEurope                      189,290              13,057          6.90%
S2        Intra-EastAsia                                12,856                 304          2.37%
S3        SEA-Feeder                                     7,049                 237          3.37%
S4        Transpacific-WestCoast                       126,824               5,529          4.36%
S5        Asia-US-East                                 115,012               3,763          3.27%
S6        Transatlantic-SouthConnector                  22,722                 886          3.90%
S7        IndianOcean-MiddleEast                         7,445                 451          6.06%
-------------------------------------------------------------------------------------------------
TOTAL                                                  481,198              24,227          5.03%


============================================================
Vessel Statistics
============================================================
Metric                                            Average Count
---------------------------------------------------------------
Average vessels sailing                                   37.01
Average vessels waiting for berth at port                  0.19
Average vessels being served at berth                      1.79
---------------------------------------------------------------
TOTAL average active/port vessels                         39.00


Period Result Output: Period 8 (Days 36-40)
Output Simulation Day: 40
Simulation Running Time: 00:03:42

Simulation Progress: Day 45 / 360
Simulation Clock Time: 0001-07-05 00:00:00


============================================================
Shipment Waiting for Loading Statistics
============================================================

TEUs by Demand Matrix
------------------------------------------------------------
Origin Dest       Busan         Cartagena     Colombo       Hamburg       Ho Chi Minh CityJakarta       Jebel Ali     Kaohsiung     Laem Chabang  Los Angeles   New Jersey    Piraeus       Qingdao       Rotterdam     Shanghai      Shenzhen      Singapore     Tanger Med    Tianjin       Xiamen        
----------------------------------------------------------------------------------------------------------------------------------------------------------------------------------------------------------------------------------------------------------------------------------------------------------
Busan             -             4             16            16            2             3             25            78            2             63            24            13            20            18            46            27            22            9             11            12            
Cartagena         3             -             9             21            1             2             12            2             2             6             52            18            4             26            15            13            11            21            2             5             
Colombo           12            7             -             18            12            12            103           8             15            8             21            18            11            30            39            35            63            16            3             10            
Hamburg           5             17            18            -             2             3             23            4             2             6             48            18            5             34            22            21            10            24            2             5             
Ho Chi Minh City  2             1             5             4             -             6             10            1             5             5             3             3             2             5             11            9             14            2             1             2             
Jakarta           3             1             9             4             4             -             11            2             3             6             5             6             2             8             15            14            11            3             1             3             
Jebel Ali         14            6             107           20            11            14            -             8             7             12            20            16            7             31            20            21            54            25            2             8             
Kaohsiung         25            2             3             8             2             4             5             -             2             36            10            4             10            9             17            7             8             4             8             3             
Laem Chabang      2             1             6             4             2             5             10            1             -             5             3             4             2             5             11            9             14            2             2             2             
Los Angeles       29            4             8             4             3             3             11            10            3             -             18            4             18            8             49            27            9             3             6             11            
New Jersey        9             68            19            47            1             3             19            7             2             30            -             23            6             52            34            30            10            21            3             8             
Piraeus           5             8             18            9             1             2             25            3             2             4             16            -             6             23            19            18            10            24            2             6             
Qingdao           11            3             9             9             2             3             14            11            2             60            15            8             -             14            27            9             13            4             5             0             
Rotterdam         9             28            28            18            4             5             42            7             4             9             85            14            9             -             34            30            15            36            3             9             
Shanghai          32            9             24            26            7             9             26            20            8             71            41            17            23            35            -             28            40            13            16            10            
Shenzhen          33            11            30            29            7             11            39            22            5             31            51            28            9             39            19            -             40            15            6             3             
Singapore         16            8             56            16            9             17            97            9             9             26            22            20            14            25            46            46            -             12            4             13            
Tanger Med        5             18            16            16            2             3             22            3             2             4             20            12            4             20            20            16            9             -             3             6             
Tianjin           7             2             7             6             1             1             14            5             1             19            9             5             8             14            19            6             11            5             -             0             
Xiamen            17            3             13            15            2             3             20            11            2             18            17            11            5             18            12            46            15            6             0             -             

Port-Level Shipment Waiting and Vessel Queue Statistics

Port                       Origin Waiting TEU   Transshipment Waiting TEU   Total Waiting TEU   Vessels Waiting
---------------------------------------------------------------------------------------------------------------
Busan                                     410                         194                 604              0.01
Cartagena                                 226                           0                 226              0.00
Colombo                                   442                          11                 454              0.00
Hamburg                                   271                           0                 271              0.00
Ho Chi Minh City                           91                           0                  91              0.04
Jakarta                                   107                           0                 107              0.05
Jebel Ali                                 404                           0                 404              0.00
Kaohsiung                                 170                          35                 205              0.02
Laem Chabang                               88                           0                  88              0.02
Los Angeles                               226                           0                 226              0.00
New Jersey                                393                         177                 570              0.00
Piraeus                                   202                           0                 202              0.00
Qingdao                                   220                          47                 268              0.01
Rotterdam                                 389                           0                 389              0.00
Shanghai                                  455                       1,065               1,520              0.00
Shenzhen                                  430                          88                 518              0.00
Singapore                                 463                         476                 939              0.00
Tanger Med                                200                          92                 292              0.00
Tianjin                                   141                           0                 141              0.00
Xiamen                                    235                           0                 235              0.03
---------------------------------------------------------------------------------------------------------------
TOTAL                                   5,563                       2,186               7,749              0.19



============================================================
Shipment Being Transported Statistics
============================================================

Average TEUs in Transition by Demand Matrix
------------------------------------------------------------
Origin Dest       Busan         Cartagena     Colombo       Hamburg       Ho Chi Minh CityJakarta       Jebel Ali     Kaohsiung     Laem Chabang  Los Angeles   New Jersey    Piraeus       Qingdao       Rotterdam     Shanghai      Shenzhen      Singapore     Tanger Med    Tianjin       Xiamen        
----------------------------------------------------------------------------------------------------------------------------------------------------------------------------------------------------------------------------------------------------------------------------------------------------------
Busan             -             41            60            171           6             15            117           73            8             470           229           111           8             191           31            57            61            90            5             23            
Cartagena         29            -             68            43            11            20            56            23            15            114           26            43            42            54            130           92            59            35            28            27            
Colombo           50            56            -             156           11            16            59            38            15            72            98            96            40            209           86            95            31            94            20            39            
Hamburg           87            33            165           -             21            29            193           62            22            137           71            31            75            8             249           241           86            23            42            74            
Ho Chi Minh City  9             18            25            42            -             9             58            8             2             69            31            26            11            58            41            41            14            28            8             15            
Jakarta           15            14            40            51            4             -             61            9             5             91            62            58            12            96            47            52            6             32            9             15            
Jebel Ali         67            43            58            128           15            27            -             44            16            143           85            78            42            185           72            80            51            151           16            49            
Kaohsiung         13            18            21            80            8             15            40            -             13            266           86            45            17            95            33            27            31            41            8             12            
Laem Chabang      12            10            26            47            4             6             51            8             -             83            27            37            12            61            38            37            9             28            14            10            
Los Angeles       278           120           108           109           33            39            165           122           29            -             452           93            218           193           420           269           112           70            75            127           
New Jersey        100           41            135           79            16            20            113           74            13            471           -             58            86            81            267           211           58            24            33            78            
Piraeus           63            37            109           17            12            18            134           40            17            88            75            -             60            35            185           156           66            21            29            58            
Qingdao           23            34            29            96            8             12            63            7             8             424           131           80            -             133           8             14            31            53            19            0             
Rotterdam         125           56            241           4             41            51            321           87            37            164           122           27            103           -             330           363           145           28            55            112           
Shanghai          13            86            57            249           16            24            104           8             22            470           279           171           19            367           -             16            63            138           31            4             
Shenzhen          26            76            57            271           19            21            135           7             14            258           309           197           16            404           51            -             38            122           8             13            
Singapore         43            53            33            136           6             9             105           31            8             274           100           103           47            211           65            82            -             87            17            46            
Tanger Med        63            32            127           14            24            33            143           41            28            81            22            12            44            13            166           166           95            -             31            52            
Tianjin           17            19            23            74            5             8             61            10            5             181           89            52            2             134           9             10            30            44            -             0             
Xiamen            18            35            38            153           6             10            69            6             7             159           165           84            11            177           34            13            29            60            1             -             

Completed TEUs by Demand Matrix
------------------------------------------------------------
Origin Dest       Busan         Cartagena     Colombo       Hamburg       Ho Chi Minh CityJakarta       Jebel Ali     Kaohsiung     Laem Chabang  Los Angeles   New Jersey    Piraeus       Qingdao       Rotterdam     Shanghai      Shenzhen      Singapore     Tanger Med    Tianjin       Xiamen        
----------------------------------------------------------------------------------------------------------------------------------------------------------------------------------------------------------------------------------------------------------------------------------------------------------
Busan             -             31            169           175           15            42            308           793           18            772           317           151           248           219           501           298           253           111           146           142           
Cartagena         25            -             72            173           19            27            78            4             13            90            272           102           37            216           144           94            62            192           16            24            
Colombo           176           59            -             227           68            80            619           107           82            80            204           181           126           319           477           439           396           152           52            124           
Hamburg           85            85            257           -             22            33            388           64            29            85            318           202           84            396           292           263           120           359           48            77            
Ho Chi Minh City  23            15            83            42            -             100           154           21            73            83            44            34            32            64            140           137           195           36            18            43            
Jakarta           44            15            117           67            64            -             148           17            56            127           87            89            33            123           203           200           175           49            20            40            
Jebel Ali         195           45            622           225           68            79            -             109           64            142           114           200           103           320           272           268           304           315           36            132           
Kaohsiung         308           14            36            85            11            27            71            -             22            541           102           60            113           101           167           93            67            34            103           54            
Laem Chabang      41            13            98            53            33            81            136           15            -             95            44            51            36            72            143           120           190           33            30            31            
Los Angeles       349           69            74            38            25            51            166           139           23            -             343           76            293           90            485           328           114           38            75            143           
New Jersey        117           371           191           412           21            28            170           69            19            315           -             179           102           451           344           248           110           183           33            89            
Piraeus           73            55            181           112           19            37            322           42            23            72            205           -             67            271           259           199           104           274           30            67            
Qingdao           150           27            96            124           25            40            187           113           20            686           178           103           -             156           358           122           166           88            63            6             
Rotterdam         131           152           381           198           47            77            616           81            47            113           594           199           105           -             340           416           174           542           47            120           
Shanghai          398           64            263           300           59            111           417           215           79            774           424           279           331           427           -             339           546           184           202           122           
Shenzhen          386           54            332           355           104           116           623           207           59            408           581           333           90            548           243           -             502           152           87            52            
Singapore         194           62            362           200           145           263           583           96            128           401           213           181           196           305           596           558           -             125           48            207           
Tanger Med        61            110           209           187           27            40            342           37            34            62            140           156           51            232           210           183           146           -             25            48            
Tianjin           108           13            73            102           15            28            174           51            11            279           119           84            119           148           239           77            147           49            -             5             
Xiamen            214           20            163           187           20            37            255           118           24            223           272           134           59            243           128           580           208           78            6             -             


============================================================
Service Route Capacity and Utilization Statistics
============================================================
Route     Name                                Avg Capacity TEU     Avg Carried TEU    Utilization
-------------------------------------------------------------------------------------------------
S1        Asia-Europe-NorthEurope                      189,279              13,054          6.90%
S2        Intra-EastAsia                                12,805                 304          2.38%
S3        SEA-Feeder                                     7,040                 234          3.33%
S4        Transpacific-WestCoast                       126,837               5,519          4.35%
S5        Asia-US-East                                 114,948               3,752          3.26%
S6        Transatlantic-SouthConnector                  22,696                 881          3.88%
S7        IndianOcean-MiddleEast                         7,433                 452          6.08%
-------------------------------------------------------------------------------------------------
TOTAL                                                  481,039              24,197          5.03%


============================================================
Vessel Statistics
============================================================
Metric                                            Average Count
---------------------------------------------------------------
Average vessels sailing                                   37.00
Average vessels waiting for berth at port                  0.19
Average vessels being served at berth                      1.81
---------------------------------------------------------------
TOTAL average active/port vessels                         39.00


Period Result Output: Period 9 (Days 41-45)
Output Simulation Day: 45
Simulation Running Time: 00:03:52

Simulation Progress: Day 50 / 360
Simulation Clock Time: 0001-07-10 00:00:00


============================================================
Shipment Waiting for Loading Statistics
============================================================

TEUs by Demand Matrix
------------------------------------------------------------
Origin Dest       Busan         Cartagena     Colombo       Hamburg       Ho Chi Minh CityJakarta       Jebel Ali     Kaohsiung     Laem Chabang  Los Angeles   New Jersey    Piraeus       Qingdao       Rotterdam     Shanghai      Shenzhen      Singapore     Tanger Med    Tianjin       Xiamen        
----------------------------------------------------------------------------------------------------------------------------------------------------------------------------------------------------------------------------------------------------------------------------------------------------------
Busan             -             4             17            16            2             3             25            75            2             63            25            13            21            19            46            26            22            9             11            13            
Cartagena         3             -             9             21            1             2             11            2             2             7             51            17            4             26            15            13            11            20            2             4             
Colombo           12            7             -             18            12            12            97            8             16            8             19            17            11            30            39            34            65            16            4             9             
Hamburg           5             16            19            -             2             3             24            5             2             6             45            18            5             35            22            23            10            25            3             5             
Ho Chi Minh City  2             1             5             4             -             6             10            1             5             4             3             3             2             5             11            9             14            3             1             2             
Jakarta           3             1             9             4             4             -             10            2             3             6             5             5             2             8             14            13            11            2             1             3             
Jebel Ali         13            6             108           22            11            14            -             8             7             12            20            17            7             33            19            21            57            27            2             7             
Kaohsiung         25            1             4             7             2             4             6             -             2             36            10            4             10            9             17            8             7             4             8             4             
Laem Chabang      2             1             6             4             2             6             10            1             -             5             3             4             2             5             11            9             14            2             2             2             
Los Angeles       31            5             9             4             3             3             12            11            3             -             18            5             20            8             50            28            9             4             8             11            
New Jersey        9             63            18            54            1             3             21            7             2             28            -             26            5             57            32            29            10            22            3             7             
Piraeus           5             8             18            9             1             3             25            3             1             4             15            -             6             23            18            17            10            23            2             6             
Qingdao           11            3             9             9             2             3             14            11            2             58            15            9             -             14            27            10            13            4             5             0             
Rotterdam         9             26            29            19            4             5             45            7             4             8             80            15            9             -             35            31            15            39            3             10            
Shanghai          33            9             24            27            7             9             26            20            9             67            40            17            24            35            -             28            42            14            17            10            
Shenzhen          33            11            29            28            8             10            38            21            5             31            51            26            9             38            19            -             40            14            6             3             
Singapore         15            7             56            15            8             16            95            9             9             26            21            19            13            24            47            45            -             12            4             12            
Tanger Med        5             17            16            15            2             4             23            4             2             4             19            13            4             19            20            16            9             -             3             6             
Tianjin           7             2             7             6             1             1             15            5             1             19            9             6             9             14            19            6             11            5             -             0             
Xiamen            18            3             14            15            2             3             20            12            2             18            17            11            5             17            13            46            15            6             0             -             

Port-Level Shipment Waiting and Vessel Queue Statistics

Port                       Origin Waiting TEU   Transshipment Waiting TEU   Total Waiting TEU   Vessels Waiting
---------------------------------------------------------------------------------------------------------------
Busan                                     412                         189                 601              0.01
Cartagena                                 222                           0                 222              0.00
Colombo                                   434                          14                 448              0.00
Hamburg                                   273                           0                 273              0.00
Ho Chi Minh City                           92                           0                  92              0.04
Jakarta                                   106                           0                 106              0.06
Jebel Ali                                 412                           0                 412              0.00
Kaohsiung                                 166                          33                 199              0.02
Laem Chabang                               90                           0                  90              0.01
Los Angeles                               240                           0                 240              0.00
New Jersey                                396                         163                 559              0.00
Piraeus                                   196                           0                 196              0.00
Qingdao                                   221                          61                 283              0.01
Rotterdam                                 393                           0                 393              0.00
Shanghai                                  458                       1,045               1,503              0.00
Shenzhen                                  421                          82                 503              0.00
Singapore                                 454                         474                 928              0.00
Tanger Med                                200                          86                 286              0.00
Tianjin                                   145                           0                 145              0.01
Xiamen                                    236                           0                 236              0.02
---------------------------------------------------------------------------------------------------------------
TOTAL                                   5,568                       2,148               7,716              0.20



============================================================
Shipment Being Transported Statistics
============================================================

Average TEUs in Transition by Demand Matrix
------------------------------------------------------------
Origin Dest       Busan         Cartagena     Colombo       Hamburg       Ho Chi Minh CityJakarta       Jebel Ali     Kaohsiung     Laem Chabang  Los Angeles   New Jersey    Piraeus       Qingdao       Rotterdam     Shanghai      Shenzhen      Singapore     Tanger Med    Tianjin       Xiamen        
----------------------------------------------------------------------------------------------------------------------------------------------------------------------------------------------------------------------------------------------------------------------------------------------------------
Busan             -             41            61            174           7             15            120           80            9             471           226           112           7             190           29            57            62            87            6             23            
Cartagena         29            -             67            42            11            19            57            23            15            112           32            41            41            53            128           92            60            35            28            26            
Colombo           50            56            -             155           12            16            69            38            17            74            96            96            41            209           88            94            28            94            20            41            
Hamburg           86            35            165           -             21            29            193           62            22            136           72            30            74            9             248           241           86            23            41            74            
Ho Chi Minh City  9             18            24            42            -             9             58            8             2             69            30            26            11            59            42            42            14            28            8             15            
Jakarta           15            14            37            52            4             -             62            10            5             89            59            58            13            95            48            51            6             32            9             16            
Jebel Ali         66            42            57            127           15            26            -             45            17            144           82            77            42            182           72            81            49            145           16            48            
Kaohsiung         14            18            22            81            9             16            41            -             13            265           87            46            17            96            35            25            32            41            8             12            
Laem Chabang      12            10            25            47            4             5             51            8             -             82            28            37            12            61            39            38            9             28            14            10            
Los Angeles       280           119           107           109           34            38            165           123           29            -             446           91            216           192           422           267           110           69            75            126           
New Jersey        98            45            136           71            16            20            111           74            14            469           -             54            83            73            269           216           60            21            33            77            
Piraeus           62            39            112           18            12            19            135           40            17            86            72            -             60            36            184           157           66            22            28            58            
Qingdao           24            34            30            96            8             12            62            8             8             431           129           79            -             134           9             13            29            51            18            0             
Rotterdam         125           57            240           5             40            51            315           87            36            163           119           25            103           -             336           360           145           27            54            111           
Shanghai          13            86            57            251           18            24            102           9             23            482           280           167           18            365           -             15            60            136           31            4             
Shenzhen          26            76            57            273           19            22            138           6             15            258           305           199           16            398           50            -             37            122           8             12            
Singapore         43            53            30            135           5             9             110           32            8             273           100           106           46            210           68            81            -             89            17            44            
Tanger Med        64            32            124           15            24            33            144           41            28            80            21            11            43            15            167           166           93            -             31            53            
Tianjin           17            19            23            73            5             8             61            9             5             181           89            52            2             136           10            9             29            44            -             0             
Xiamen            18            34            37            152           6             10            70            5             8             158           163           85            11            176           33            11            28            59            1             -             

Completed TEUs by Demand Matrix
------------------------------------------------------------
Origin Dest       Busan         Cartagena     Colombo       Hamburg       Ho Chi Minh CityJakarta       Jebel Ali     Kaohsiung     Laem Chabang  Los Angeles   New Jersey    Piraeus       Qingdao       Rotterdam     Shanghai      Shenzhen      Singapore     Tanger Med    Tianjin       Xiamen        
----------------------------------------------------------------------------------------------------------------------------------------------------------------------------------------------------------------------------------------------------------------------------------------------------------
Busan             -             56            202           206           21            50            308           793           18            772           337           156           248           261           593           298           294           141           177           142           
Cartagena         25            -             81            173           19            27            78            13            13            90            272           122           37            216           144           94            77            192           27            24            
Colombo           176           98            -             293           92            106           825           121           82            80            231           200           126           381           477           439           396           206           62            124           
Hamburg           85            129           279           -             25            33            388           74            29            85            318           238           84            473           292           263           137           359           52            77            
Ho Chi Minh City  23            21            108           50            -             113           195           24            73            83            49            38            32            78            140           137           223           43            24            43            
Jakarta           44            17            179           73            70            -             221           23            56            127           98            89            33            143           203           200           211           59            23            40            
Jebel Ali         195           59            622           273           82            112           -             122           64            142           165           212           103           403           272           268           304           388           39            132           
Kaohsiung         349           21            46            105           16            33            71            -             22            541           102           60            113           119           195           93            85            45            121           54            
Laem Chabang      41            17            127           65            36            88            171           25            -             95            49            59            36            83            143           120           215           44            39            31            
Los Angeles       349           105           98            58            35            56            166           149           23            -             343           76            293           122           582           328           135           50            93            143           
New Jersey        117           546           218           412           27            31            170           84            19            315           -             212           102           451           372           274           119           183           36            89            
Piraeus           73            101           209           134           23            37            322           47            23            72            205           -             67            315           259           199           118           348           37            67            
Qingdao           150           41            118           137           33            49            187           113           20            686           178           103           -             179           358           122           187           97            71            6             
Rotterdam         131           221           429           249           55            77            616           94            47            113           594           228           105           -             340           416           213           542           61            120           
Shanghai          398           107           319           362           97            131           417           262           79            774           467           296           331           518           -             339           604           228           236           122           
Shenzhen          457           105           404           402           125           148           623           269           59            408           609           351           111           658           278           -             547           215           95            52            
Singapore         194           91            469           238           156           300           784           126           128           401           230           194           196           366           596           558           -             157           58            207           
Tanger Med        61            152           233           221           32            40            342           44            34            62            140           167           51            276           210           183           172           -             30            48            
Tianjin           108           20            88            115           20            32            174           65            11            279           119           84            140           173           239           77            173           63            -             5             
Xiamen            254           39            187           220           28            44            255           142           24            223           272           134           70            275           163           580           242           92            6             -             


============================================================
Service Route Capacity and Utilization Statistics
============================================================
Route     Name                                Avg Capacity TEU     Avg Carried TEU    Utilization
-------------------------------------------------------------------------------------------------
S1        Asia-Europe-NorthEurope                      189,370              13,087          6.91%
S2        Intra-EastAsia                                12,840                 311          2.42%
S3        SEA-Feeder                                     7,010                 235          3.36%
S4        Transpacific-WestCoast                       126,920               5,521          4.35%
S5        Asia-US-East                                 114,918               3,726          3.24%
S6        Transatlantic-SouthConnector                  22,709                 884          3.89%
S7        IndianOcean-MiddleEast                         7,427                 455          6.12%
-------------------------------------------------------------------------------------------------
TOTAL                                                  481,195              24,219          5.03%


============================================================
Vessel Statistics
============================================================
Metric                                            Average Count
---------------------------------------------------------------
Average vessels sailing                                   37.00
Average vessels waiting for berth at port                  0.20
Average vessels being served at berth                      1.80
---------------------------------------------------------------
TOTAL average active/port vessels                         39.00


Period Result Output: Period 10 (Days 46-50)
Output Simulation Day: 50
Simulation Running Time: 00:04:00

Simulation Progress: Day 55 / 360
Simulation Clock Time: 0001-07-15 00:00:00


============================================================
Shipment Waiting for Loading Statistics
============================================================

TEUs by Demand Matrix
------------------------------------------------------------
Origin Dest       Busan         Cartagena     Colombo       Hamburg       Ho Chi Minh CityJakarta       Jebel Ali     Kaohsiung     Laem Chabang  Los Angeles   New Jersey    Piraeus       Qingdao       Rotterdam     Shanghai      Shenzhen      Singapore     Tanger Med    Tianjin       Xiamen        
----------------------------------------------------------------------------------------------------------------------------------------------------------------------------------------------------------------------------------------------------------------------------------------------------------
Busan             -             4             16            15            2             3             24            70            2             60            23            13            20            18            44            25            21            8             11            12            
Cartagena         3             -             9             20            1             2             11            2             2             6             51            16            4             25            15            13            10            19            2             4             
Colombo           12            7             -             17            12            13            98            8             17            8             19            17            11            29            38            35            64            15            3             9             
Hamburg           5             16            19            -             2             3             24            4             2             6             46            17            5             33            21            22            10            24            3             5             
Ho Chi Minh City  2             1             5             4             -             6             9             1             5             4             3             3             2             5             11            10            14            3             1             2             
Jakarta           3             1             9             4             4             -             10            2             3             5             5             6             2             8             14            14            11            2             1             3             
Jebel Ali         13            6             103           21            11            14            -             8             7             12            20            17            7             32            19            21            54            26            2             8             
Kaohsiung         26            1             4             8             2             3             6             -             2             36            9             4             10            9             17            8             7             4             8             4             
Laem Chabang      2             1             6             4             2             5             10            1             -             4             3             4             2             5             11            9             13            2             2             2             
Los Angeles       30            5             9             4             3             3             11            11            2             -             18            4             19            8             48            27            9             3             8             11            
New Jersey        9             64            19            51            1             3             20            7             2             28            -             25            6             54            32            29            10            21            3             7             
Piraeus           6             8             18            8             2             3             25            4             2             4             15            -             6             22            19            17            10            23            2             6             
Qingdao           11            3             9             9             2             4             14            11            2             56            14            9             -             15            28            10            13            5             5             0             
Rotterdam         9             26            27            18            4             5             43            7             4             8             81            15            9             -             33            29            14            36            3             9             
Shanghai          31            9             25            27            6             9             26            20            8             66            39            17            23            34            -             28            41            14            16            10            
Shenzhen          33            10            31            28            9             10            40            21            6             30            49            26            8             40            18            -             43            14            6             3             
Singapore         15            7             60            16            8             15            99            9             10            26            20            20            13            24            46            43            -             12            3             12            
Tanger Med        5             17            16            15            2             4             22            4             2             4             19            13            4             18            19            16            9             -             3             6             
Tianjin           8             2             7             7             1             2             15            5             1             20            10            6             9             14            19            6             11            5             -             0             
Xiamen            17            3             14            14            2             3             19            12            2             17            16            11            4             16            12            45            15            6             0             -             

Port-Level Shipment Waiting and Vessel Queue Statistics

Port                       Origin Waiting TEU   Transshipment Waiting TEU   Total Waiting TEU   Vessels Waiting
---------------------------------------------------------------------------------------------------------------
Busan                                     390                         181                 571              0.01
Cartagena                                 216                           0                 216              0.00
Colombo                                   433                          15                 447              0.00
Hamburg                                   266                           0                 266              0.00
Ho Chi Minh City                           91                           0                  91              0.04
Jakarta                                   107                           0                 107              0.06
Jebel Ali                                 401                           0                 401              0.00
Kaohsiung                                 168                          31                 199              0.02
Laem Chabang                               88                           0                  88              0.02
Los Angeles                               233                           0                 233              0.00
New Jersey                                391                         167                 558              0.00
Piraeus                                   199                           0                 199              0.00
Qingdao                                   219                          68                 287              0.01
Rotterdam                                 380                           0                 380              0.00
Shanghai                                  448                       1,018               1,467              0.00
Shenzhen                                  425                          84                 509              0.00
Singapore                                 461                         470                 931              0.00
Tanger Med                                197                          80                 277              0.00
Tianjin                                   147                           0                 147              0.01
Xiamen                                    231                           0                 231              0.02
---------------------------------------------------------------------------------------------------------------
TOTAL                                   5,491                       2,113               7,604              0.20



============================================================
Shipment Being Transported Statistics
============================================================

Average TEUs in Transition by Demand Matrix
------------------------------------------------------------
Origin Dest       Busan         Cartagena     Colombo       Hamburg       Ho Chi Minh CityJakarta       Jebel Ali     Kaohsiung     Laem Chabang  Los Angeles   New Jersey    Piraeus       Qingdao       Rotterdam     Shanghai      Shenzhen      Singapore     Tanger Med    Tianjin       Xiamen        
----------------------------------------------------------------------------------------------------------------------------------------------------------------------------------------------------------------------------------------------------------------------------------------------------------
Busan             -             41            61            174           7             15            121           91            9             475           228           115           8             192           31            58            63            86            5             25            
Cartagena         29            -             67            42            11            19            58            23            15            110           33            40            41            55            126           93            61            36            27            27            
Colombo           48            55            -             151           12            15            63            37            17            75            94            96            42            208           90            94            31            95            19            42            
Hamburg           84            34            168           -             21            29            196           61            22            136           72            30            73            8             248           244           88            23            41            74            
Ho Chi Minh City  9             18            24            42            -             8             56            8             2             70            30            27            11            58            42            42            14            28            8             15            
Jakarta           15            14            37            52            4             -             59            10            5             87            58            59            13            95            48            52            6             31            9             15            
Jebel Ali         64            41            62            127           15            25            -             45            17            144           80            78            41            181           70            82            56            143           16            47            
Kaohsiung         15            18            22            81            9             16            41            -             12            264           88            47            17            97            35            24            33            41            8             11            
Laem Chabang      12            9             25            47            4             6             50            9             -             82            28            37            12            60            38            39            9             28            13            10            
Los Angeles       282           117           107           108           34            38            165           126           29            -             445           91            217           191           422           270           109           70            77            127           
New Jersey        96            43            136           75            15            20            113           73            14            464           -             54            80            78            268           219           62            23            33            76            
Piraeus           61            40            114           18            12            19            136           40            16            85            71            -             59            36            182           157           66            21            28            59            
Qingdao           23            34            30            96            8             12            62            11            8             435           130           80            -             136           8             13            29            51            18            0             
Rotterdam         126           55            241           4             40            50            317           88            36            164           116           28            104           -             342           362           144           29            53            113           
Shanghai          13            85            58            252           17            24            100           9             22            488           283           165           19            360           -             16            61            135           32            4             
Shenzhen          28            75            55            273           19            22            135           6             14            255           305           199           15            389           47            -             38            121           8             11            
Singapore         43            52            27            133           5             9             100           33            8             276           100           108           46            207           71            83            -             89            17            43            
Tanger Med        64            31            123           14            24            34            147           41            28            80            22            12            43            14            169           168           92            -             31            54            
Tianjin           17            19            23            73            5             8             62            9             5             181           90            52            2             138           9             9             29            44            -             0             
Xiamen            19            34            37            150           6             10            72            6             7             155           164           86            10            176           33            12            28            60            1             -             

Completed TEUs by Demand Matrix
------------------------------------------------------------
Origin Dest       Busan         Cartagena     Colombo       Hamburg       Ho Chi Minh CityJakarta       Jebel Ali     Kaohsiung     Laem Chabang  Los Angeles   New Jersey    Piraeus       Qingdao       Rotterdam     Shanghai      Shenzhen      Singapore     Tanger Med    Tianjin       Xiamen        
----------------------------------------------------------------------------------------------------------------------------------------------------------------------------------------------------------------------------------------------------------------------------------------------------------
Busan             -             56            232           236           21            54            359           936           29            861           337           156           313           276           677           355           294           141           177           164           
Cartagena         25            -             81            173           19            28            78            13            13            90            422           122           37            216           169           108           77            192           27            24            
Colombo           217           98            -             312           92            106           825           134           108           88            231           241           171           392           569           507           396           234           62            143           
Hamburg           113           129           279           -             25            48            430           85            32            87            398           264           104           481           333           321           153           428           52            82            
Ho Chi Minh City  32            21            108           62            -             119           195           24            84            83            49            46            38            90            190           176           255           49            24            43            
Jakarta           53            17            179           73            70            -             221           29            67            127           98            101           44            143           241           226           243           67            23            47            
Jebel Ali         238           59            809           282           82            112           -             130           82            160           165           242           130           421           321           314           304           425           39            146           
Kaohsiung         349           21            57            105           16            41            90            -             30            598           102           60            132           119           243           106           85            45            121           65            
Laem Chabang      51            17            127           71            36            100           171           25            -             95            49            69            43            88            190           172           248           50            39            31            
Los Angeles       440           105           119           58            35            59            192           173           31            -             343           88            352           122           619           369           135           55            93            164           
New Jersey        130           546           251           412           27            35            170           84            21            352           -             212           116           451           429           320           119           183           36            100           
Piraeus           97            101           209           150           23            42            364           57            28            72            247           -             87            333           299           236           129           369           37            76            
Qingdao           197           41            143           137           33            56            214           135           31            799           178           121           -             179           411           143           187           105           71            7             
Rotterdam         171           221           429           262           55            96            702           104           56            122           688           265           136           -             432           483           231           666           61            127           
Shanghai          496           107           353           378           97            144           477           309           110           900           467           321           405           547           -             395           604           249           236           148           
Shenzhen          457           105           436           426           125           166           724           301           81            483           609           392           111           691           312           -             547           238           95            56            
Singapore         242           91            469           246           156           329           784           139           150           421           230           222           241           382           723           659           -             188           58            220           
Tanger Med        85            152           233           231           32            59            393           50            42            68            171           196           62            291           250           225           182           -             30            56            
Tianjin           138           20            102           115           20            35            200           77            20            316           119           95            140           173           280           89            173           69            -             7             
Xiamen            254           39            210           220           28            54            284           169           35            278           272           155           70            275           163           677           242           108           6             -             


============================================================
Service Route Capacity and Utilization Statistics
============================================================
Route     Name                                Avg Capacity TEU     Avg Carried TEU    Utilization
-------------------------------------------------------------------------------------------------
S1        Asia-Europe-NorthEurope                      189,179              13,090          6.92%
S2        Intra-EastAsia                                12,841                 325          2.53%
S3        SEA-Feeder                                     7,001                 235          3.35%
S4        Transpacific-WestCoast                       126,793               5,549          4.38%
S5        Asia-US-East                                 114,930               3,721          3.24%
S6        Transatlantic-SouthConnector                  22,739                 894          3.93%
S7        IndianOcean-MiddleEast                         7,450                 447          6.00%
-------------------------------------------------------------------------------------------------
TOTAL                                                  480,933              24,261          5.04%


============================================================
Vessel Statistics
============================================================
Metric                                            Average Count
---------------------------------------------------------------
Average vessels sailing                                   36.98
Average vessels waiting for berth at port                  0.20
Average vessels being served at berth                      1.82
---------------------------------------------------------------
TOTAL average active/port vessels                         39.00


Period Result Output: Period 11 (Days 51-55)
Output Simulation Day: 55
Simulation Running Time: 00:04:10

Simulation Progress: Day 60 / 360
Simulation Clock Time: 0001-07-20 00:00:00


============================================================
Shipment Waiting for Loading Statistics
============================================================

TEUs by Demand Matrix
------------------------------------------------------------
Origin Dest       Busan         Cartagena     Colombo       Hamburg       Ho Chi Minh CityJakarta       Jebel Ali     Kaohsiung     Laem Chabang  Los Angeles   New Jersey    Piraeus       Qingdao       Rotterdam     Shanghai      Shenzhen      Singapore     Tanger Med    Tianjin       Xiamen        
----------------------------------------------------------------------------------------------------------------------------------------------------------------------------------------------------------------------------------------------------------------------------------------------------------
Busan             -             4             16            15            2             3             23            70            2             61            24            13            20            17            44            25            20            8             11            12            
Cartagena         3             -             9             19            2             2             11            2             2             6             51            15            4             25            15            13            10            19            2             4             
Colombo           12            7             -             19            11            13            102           8             16            8             19            18            11            31            37            35            63            15            3             9             
Hamburg           5             17            18            -             2             3             24            4             2             6             50            16            5             32            20            22            10            23            2             5             
Ho Chi Minh City  2             1             5             4             -             6             9             1             5             4             3             3             2             5             10            10            14            3             1             2             
Jakarta           3             1             9             4             4             -             10            2             3             5             5             5             2             8             14            14            11            3             1             3             
Jebel Ali         13            6             104           20            11            14            -             8             8             12            20            16            8             31            20            21            54            26            2             7             
Kaohsiung         27            1             4             8             2             3             6             -             2             34            9             4             10            8             17            9             7             4             9             4             
Laem Chabang      2             1             6             4             2             5             10            1             -             4             3             4             2             4             11            9             13            2             2             2             
Los Angeles       30            5             10            4             3             3             11            11            2             -             21            5             21            9             50            28            9             3             9             11            
New Jersey        9             62            19            52            1             2             20            6             2             27            -             24            6             53            31            28            10            20            3             6             
Piraeus           5             8             17            8             1             3             24            4             1             4             14            -             5             21            18            16            10            22            2             5             
Qingdao           11            3             8             9             2             4             14            11            2             54            14            9             -             15            28            10            13            5             5             1             
Rotterdam         9             29            27            18            4             5             42            7             4             8             86            15            9             -             32            29            14            35            3             9             
Shanghai          30            9             24            27            7             9             25            20            8             63            40            17            23            33            -             27            39            14            16            11            
Shenzhen          34            10            30            28            8             10            39            21            6             32            47            25            9             40            19            -             42            14            6             3             
Singapore         16            7             57            17            8             16            95            10            10            28            20            20            13            23            49            46            -             12            4             13            
Tanger Med        5             17            16            14            2             3             23            4             2             4             21            12            4             18            19            15            9             -             3             5             
Tianjin           8             2             7             7             1             2             15            5             1             20            9             6             9             13            19            6             11            5             -             0             
Xiamen            18            3             15            15            2             3             20            12            2             18            16            11            5             15            12            46            15            6             0             -             

Port-Level Shipment Waiting and Vessel Queue Statistics

Port                       Origin Waiting TEU   Transshipment Waiting TEU   Total Waiting TEU   Vessels Waiting
---------------------------------------------------------------------------------------------------------------
Busan                                     389                         180                 569              0.01
Cartagena                                 214                           0                 214              0.00
Colombo                                   437                          15                 453              0.00
Hamburg                                   268                           0                 268              0.00
Ho Chi Minh City                           90                           0                  90              0.04
Jakarta                                   107                           0                 107              0.05
Jebel Ali                                 404                           0                 404              0.00
Kaohsiung                                 169                          28                 197              0.02
Laem Chabang                               88                           0                  88              0.02
Los Angeles                               246                           0                 246              0.00
New Jersey                                381                         162                 542              0.00
Piraeus                                   191                           0                 191              0.00
Qingdao                                   217                          73                 289              0.01
Rotterdam                                 383                           0                 383              0.00
Shanghai                                  441                         994               1,435              0.00
Shenzhen                                  421                          86                 507              0.00
Singapore                                 464                         482                 946              0.00
Tanger Med                                198                          85                 284              0.00
Tianjin                                   146                           0                 146              0.01
Xiamen                                    234                           0                 234              0.03
---------------------------------------------------------------------------------------------------------------
TOTAL                                   5,488                       2,104               7,593              0.20



============================================================
Shipment Being Transported Statistics
============================================================

Average TEUs in Transition by Demand Matrix
------------------------------------------------------------
Origin Dest       Busan         Cartagena     Colombo       Hamburg       Ho Chi Minh CityJakarta       Jebel Ali     Kaohsiung     Laem Chabang  Los Angeles   New Jersey    Piraeus       Qingdao       Rotterdam     Shanghai      Shenzhen      Singapore     Tanger Med    Tianjin       Xiamen        
----------------------------------------------------------------------------------------------------------------------------------------------------------------------------------------------------------------------------------------------------------------------------------------------------------
Busan             -             41            62            174           8             15            119           95            10            480           229           116           8             194           29            58            63            85            6             27            
Cartagena         29            -             68            43            11            19            60            23            15            109           33            40            41            58            124           94            62            37            26            27            
Colombo           48            54            -             146           12            16            61            37            18            77            92            93            41            205           88            93            30            95            19            42            
Hamburg           82            33            171           -             21            29            199           60            22            136           66            30            71            8             248           245           91            23            41            74            
Ho Chi Minh City  9             17            24            41            -             8             55            8             2             71            30            27            10            58            41            42            14            28            7             15            
Jakarta           15            14            36            53            4             -             57            10            5             86            56            59            13            94            47            52            6             31            9             15            
Jebel Ali         62            41            56            128           16            25            -             47            16            146           79            77            40            180           69            82            53            142           16            46            
Kaohsiung         14            18            23            82            10            16            41            -             12            268           88            48            17            98            35            25            33            41            8             12            
Laem Chabang      12            9             26            47            4             6             50            9             -             83            29            37            11            60            37            38            9             28            13            11            
Los Angeles       284           116           106           107           34            37            163           127           28            -             441           90            217           190           421           270           108           70            77            126           
New Jersey        96            45            137           81            15            20            116           74            14            464           -             55            79            83            268           221           64            23            33            75            
Piraeus           60            41            117           17            12            20            138           41            16            85            69            -             59            36            182           158           67            21            28            60            
Qingdao           23            34            30            97            8             12            61            13            8             443           130           80            -             137           9             13            29            50            17            0             
Rotterdam         126           53            242           4             40            49            316           88            36            164           106           27            104           -             345           360           144           28            52            114           
Shanghai          13            84            61            254           17            25            99            9             23            498           283           162           18            357           -             16            62            136           31            4             
Shenzhen          26            74            59            274           20            22            134           6             15            254           304           199           15            385           45            -             41            120           8             11            
Singapore         42            52            32            132           5             9             104           34            8             278           101           110           45            204           68            79            -             88            16            43            
Tanger Med        64            30            123           14            23            34            150           41            27            80            20            12            43            14            169           168           91            -             30            55            
Tianjin           17            19            24            73            5             8             61            9             6             183           90            53            2             139           10            9             28            45            -             0             
Xiamen            18            33            39            149           6             10            69            6             7             154           164           85            10            174           33            13            27            59            1             -             

Completed TEUs by Demand Matrix
------------------------------------------------------------
Origin Dest       Busan         Cartagena     Colombo       Hamburg       Ho Chi Minh CityJakarta       Jebel Ali     Kaohsiung     Laem Chabang  Los Angeles   New Jersey    Piraeus       Qingdao       Rotterdam     Shanghai      Shenzhen      Singapore     Tanger Med    Tianjin       Xiamen        
----------------------------------------------------------------------------------------------------------------------------------------------------------------------------------------------------------------------------------------------------------------------------------------------------------
Busan             -             57            232           236           21            54            397           936           29            1026          374           193           313           276           728           355           336           159           202           216           
Cartagena         25            -             81            173           20            28            78            13            15            96            422           122           37            288           169           108           77            246           27            28            
Colombo           217           102           -             335           92            106           825           134           108           113           274           267           171           452           645           560           510           257           69            188           
Hamburg           113           157           311           -             28            48            430           85            33            110           398           277           104           514           371           361           153           428           59            108           
Ho Chi Minh City  32            25            130           70            -             119           195           24            96            104           55            51            38            97            190           176           292           57            26            54            
Jakarta           53            21            220           80            80            -             221           29            77            148           107           112           44            156           270           255           243           71            28            57            
Jebel Ali         238           72            809           320           82            112           -             130           82            199           165           281           130           460           343           354           425           465           48            173           
Kaohsiung         423           21            57            105           16            41            101           -             30            665           122           71            132           119           243           106           107           53            138           80            
Laem Chabang      51            20            155           77            45            100           171           25            -             121           55            80            43            102           190           172           278           57            45            41            
Los Angeles       440           105           119           71            35            59            215           173           31            -             391           96            352           139           692           396           157           67            109           174           
New Jersey        130           655           251           412           30            35            170           84            23            415           -             212           116           583           429           320           127           227           42            108           
Piraeus           97            130           249           160           25            42            364           57            29            99            247           -             87            376           325           261           129           403           43            106           
Qingdao           197           41            143           153           33            56            242           135           31            964           215           140           -             213           492           143           213           114           85            10            
Rotterdam         171           260           482           291           61            96            702           104           58            148           688           287           136           -             484           530           231           666           77            164           
Shanghai          496           116           353           414           97            144           504           337           110           1094          548           362           405           605           -             438           699           265           287           175           
Shenzhen          528           113           436           467           125           166           785           301           81            543           696           440           127           738           346           -             682           263           106           58            
Singapore         242           92            601           270           174           329           784           139           179           519           260           253           241           429           815           706           -             208           74            263           
Tanger Med        85            179           263           259           36            59            393           50            47            77            171           212           62            322           284           255           182           -             42            80            
Tianjin           138           20            102           122           20            35            234           77            20            371           143           99            157           194           333           89            196           82            -             9             
Xiamen            294           39            210           245           28            54            338           169           35            307           306           178           76            320           181           677           283           118           7             -             


============================================================
Service Route Capacity and Utilization Statistics
============================================================
Route     Name                                Avg Capacity TEU     Avg Carried TEU    Utilization
-------------------------------------------------------------------------------------------------
S1        Asia-Europe-NorthEurope                      189,200              13,080          6.91%
S2        Intra-EastAsia                                12,770                 335          2.63%
S3        SEA-Feeder                                     7,029                 233          3.31%
S4        Transpacific-WestCoast                       126,810               5,568          4.39%
S5        Asia-US-East                                 114,982               3,728          3.24%
S6        Transatlantic-SouthConnector                  22,750                 886          3.90%
S7        IndianOcean-MiddleEast                         7,430                 446          6.00%
-------------------------------------------------------------------------------------------------
TOTAL                                                  480,971              24,277          5.05%


============================================================
Vessel Statistics
============================================================
Metric                                            Average Count
---------------------------------------------------------------
Average vessels sailing                                   36.99
Average vessels waiting for berth at port                  0.20
Average vessels being served at berth                      1.81
---------------------------------------------------------------
TOTAL average active/port vessels                         39.00


Period Result Output: Period 12 (Days 56-60)
Output Simulation Day: 60
Simulation Running Time: 00:04:18

Simulation Progress: Day 65 / 360
Simulation Clock Time: 0001-07-25 00:00:00


============================================================
Shipment Waiting for Loading Statistics
============================================================

TEUs by Demand Matrix
------------------------------------------------------------
Origin Dest       Busan         Cartagena     Colombo       Hamburg       Ho Chi Minh CityJakarta       Jebel Ali     Kaohsiung     Laem Chabang  Los Angeles   New Jersey    Piraeus       Qingdao       Rotterdam     Shanghai      Shenzhen      Singapore     Tanger Med    Tianjin       Xiamen        
----------------------------------------------------------------------------------------------------------------------------------------------------------------------------------------------------------------------------------------------------------------------------------------------------------
Busan             -             4             16            14            2             3             23            67            2             59            23            13            19            17            43            24            19            8             11            12            
Cartagena         3             -             9             18            2             2             11            2             2             6             49            15            4             25            15            12            10            19            2             4             
Colombo           12            6             -             18            12            14            98            9             16            8             19            18            11            30            37            35            66            15            3             9             
Hamburg           5             16            18            -             2             3             24            4             2             6             47            16            5             31            20            22            11            23            2             5             
Ho Chi Minh City  2             1             5             4             -             6             9             1             5             5             3             3             2             5             10            10            15            3             1             2             
Jakarta           3             1             8             4             4             -             10            2             3             5             5             5             2             8             14            13            11            2             1             3             
Jebel Ali         13            6             104           21            11            15            -             8             8             12            20            17            8             32            20            21            53            27            2             8             
Kaohsiung         30            1             5             8             2             3             8             -             2             35            10            4             11            9             20            9             8             4             10            5             
Laem Chabang      2             1             6             4             2             6             10            1             -             5             3             4             2             5             11            9             13            2             2             2             
Los Angeles       29            5             9             4             3             2             10            12            2             -             21            5             21            9             50            27            9             3             9             11            
New Jersey        9             64            19            51            1             2             20            6             2             27            -             24            6             51            30            29            10            20            3             6             
Piraeus           5             8             17            9             1             3             24            4             1             4             14            -             5             22            18            16            10            23            2             5             
Qingdao           12            3             9             10            2             4             15            11            2             54            14            9             -             14            28            10            13            5             5             1             
Rotterdam         9             28            28            18            4             5             42            7             4             8             82            15            9             -             32            28            13            35            3             9             
Shanghai          29            9             25            30            7             9             26            20            8             61            40            18            23            34            -             28            39            14            16            11            
Shenzhen          34            10            31            29            8             10            40            21            6             31            47            25            8             41            18            -             42            14            6             3             
Singapore         16            7             58            17            8             16            95            10            10            28            20            20            13            22            47            44            -             12            4             13            
Tanger Med        5             18            15            14            2             4             22            3             2             4             21            12            4             19            19            15            9             -             3             5             
Tianjin           8             2             9             7             1             2             15            5             1             21            9             6             10            13            20            7             11            5             -             0             
Xiamen            18            3             15            15            2             3             20            12            2             17            15            11            4             15            12            46            15            6             1             -             

Port-Level Shipment Waiting and Vessel Queue Statistics

Port                       Origin Waiting TEU   Transshipment Waiting TEU   Total Waiting TEU   Vessels Waiting
---------------------------------------------------------------------------------------------------------------
Busan                                     379                         173                 551              0.01
Cartagena                                 209                           0                 209              0.00
Colombo                                   436                          14                 450              0.00
Hamburg                                   262                           0                 262              0.00
Ho Chi Minh City                           90                           0                  90              0.04
Jakarta                                   104                           0                 104              0.05
Jebel Ali                                 408                           0                 408              0.00
Kaohsiung                                 183                          26                 209              0.15
Laem Chabang                               89                           0                  89              0.02
Los Angeles                               241                           0                 241              0.00
New Jersey                                379                         162                 541              0.00
Piraeus                                   192                           0                 192              0.00
Qingdao                                   218                          72                 290              0.01
Rotterdam                                 378                           0                 378              0.00
Shanghai                                  448                         979               1,426              0.00
Shenzhen                                  426                          98                 524              0.00
Singapore                                 457                         470                 927              0.00
Tanger Med                                196                          83                 280              0.00
Tianjin                                   154                           0                 154              0.01
Xiamen                                    230                           0                 230              0.03
---------------------------------------------------------------------------------------------------------------
TOTAL                                   5,479                       2,077               7,556              0.32



============================================================
Shipment Being Transported Statistics
============================================================

Average TEUs in Transition by Demand Matrix
------------------------------------------------------------
Origin Dest       Busan         Cartagena     Colombo       Hamburg       Ho Chi Minh CityJakarta       Jebel Ali     Kaohsiung     Laem Chabang  Los Angeles   New Jersey    Piraeus       Qingdao       Rotterdam     Shanghai      Shenzhen      Singapore     Tanger Med    Tianjin       Xiamen        
----------------------------------------------------------------------------------------------------------------------------------------------------------------------------------------------------------------------------------------------------------------------------------------------------------
Busan             -             41            63            175           8             15            120           107           11            481           231           118           8             195           29            57            62            84            5             27            
Cartagena         29            -             69            42            11            19            60            23            16            109           34            40            41            57            124           96            64            36            26            27            
Colombo           47            54            -             144           12            15            66            38            19            77            92            94            41            206           88            92            28            94            18            41            
Hamburg           81            33            174           -             21            29            201           60            22            136           70            30            70            8             248           247           94            23            41            73            
Ho Chi Minh City  9             17            23            41            -             8             54            8             2             70            31            27            10            57            42            43            15            29            7             14            
Jakarta           15            14            35            54            4             -             56            10            5             85            56            60            12            94            47            52            6             30            9             15            
Jebel Ali         61            40            59            126           16            25            -             49            16            146           79            76            40            178           70            83            52            139           17            45            
Kaohsiung         13            18            22            83            10            15            41            -             11            267           88            48            16            98            34            23            31            41            7             11            
Laem Chabang      12            9             25            47            4             6             50            9             -             83            29            37            11            59            38            39            9             27            12            12            
Los Angeles       286           116           106           106           34            36            163           130           28            -             442           90            218           189           423           273           107           69            80            127           
New Jersey        95            42            139           80            14            20            116           74            14            461           -             56            77            80            266           224           66            22            33            74            
Piraeus           59            41            118           16            12            21            138           41            16            83            67            -             58            34            183           159           68            19            27            59            
Qingdao           21            34            29            97            8             12            60            17            8             442           129           80            -             137           8             14            29            50            17            0             
Rotterdam         127           54            245           5             40            49            315           90            37            163           110           27            104           -             349           360           143           28            51            114           
Shanghai          12            84            60            255           17            24            100           10            23            496           285           160           19            351           -             15            59            135           32            4             
Shenzhen          30            74            57            275           20            21            133           9             16            254           303           199           15            383           45            -             39            118           8             10            
Singapore         41            53            30            133           5             8             104           36            8             279           101           113           44            202           70            80            -             88            16            42            
Tanger Med        63            29            124           14            23            34            151           42            26            80            20            11            43            14            170           167           91            -             29            55            
Tianjin           16            19            24            73            5             8             61            9             6             182           90            55            2             138           9             9             28            44            -             0             
Xiamen            19            34            38            148           6             10            70            8             8             153           164           85            10            171           34            12            28            58            1             -             

Completed TEUs by Demand Matrix
------------------------------------------------------------
Origin Dest       Busan         Cartagena     Colombo       Hamburg       Ho Chi Minh CityJakarta       Jebel Ali     Kaohsiung     Laem Chabang  Los Angeles   New Jersey    Piraeus       Qingdao       Rotterdam     Shanghai      Shenzhen      Singapore     Tanger Med    Tianjin       Xiamen        
----------------------------------------------------------------------------------------------------------------------------------------------------------------------------------------------------------------------------------------------------------------------------------------------------------
Busan             -             57            300           277           28            61            447           936           33            1143          434           193           343           312           798           411           385           159           202           216           
Cartagena         29            -             81            218           20            28            110           13            15            96            528           156           44            291           169           108           77            246           27            28            
Colombo           235           102           -             364           109           131           1031          134           144           113           298           267           190           492           645           560           510           257           69            188           
Hamburg           123           157           371           -             32            48            505           85            36            110           398           309           110           556           371           361           172           467           59            108           
Ho Chi Minh City  32            25            130           76            -             127           234           24            104           104           63            51            38            109           190           176           292           57            26            54            
Jakarta           57            21            220           87            91            -             259           29            84            148           114           112           52            174           270           255           271           71            28            57            
Jebel Ali         254           72            809           361           100           133           -             130           93            199           195           281           144           513           343           354           425           465           48            173           
Kaohsiung         423           21            75            116           23            47            113           -             32            742           135           71            149           144           281           134           119           53            138           80            
Laem Chabang      51            20            155           89            48            121           208           25            -             121           61            80            43            114           190           172           278           57            45            41            
Los Angeles       537           105           143           95            41            69            245           173           35            -             451           96            384           171           762           396           168           67            109           174           
New Jersey        158           655           251           556           31            35            234           84            26            453           -             280           122           600           472           361           127           227           42            108           
Piraeus           106           130           305           172           26            42            428           57            32            99            247           -             98            407           325           261           148           403           43            106           
Qingdao           222           41            164           176           38            65            270           135           37            1084          244           140           -             250           492           143           213           114           85            10            
Rotterdam         189           260           545           330           72            96            775           104           62            148           688           312           151           -             484           530           258           711           77            164           
Shanghai          552           116           464           466           109           169           564           337           130           1243          615           362           450           671           -             438           750           265           287           175           
Shenzhen          528           113           553           511           153           184           886           301           101           604           771           440           127           784           346           -             735           263           106           58            
Singapore         269           92            601           295           189           363           957           139           198           519           292           253           267           462           815           706           -             208           74            263           
Tanger Med        94            179           291           278           38            59            459           50            55            77            171           225           70            352           284           255           204           -             42            80            
Tianjin           160           20            120           143           23            40            261           77            26            407           158           99            157           249           333           105           196           82            -             9             
Xiamen            294           39            254           281           32            60            373           169           40            340           349           178           76            348           181           780           283           118           7             -             


============================================================
Service Route Capacity and Utilization Statistics
============================================================
Route     Name                                Avg Capacity TEU     Avg Carried TEU    Utilization
-------------------------------------------------------------------------------------------------
S1        Asia-Europe-NorthEurope                      189,145              13,063          6.91%
S2        Intra-EastAsia                                11,960                 318          2.66%
S3        SEA-Feeder                                     7,022                 235          3.35%
S4        Transpacific-WestCoast                       126,822               5,571          4.39%
S5        Asia-US-East                                 114,993               3,742          3.25%
S6        Transatlantic-SouthConnector                  22,708                 878          3.87%
S7        IndianOcean-MiddleEast                         7,437                 446          5.99%
-------------------------------------------------------------------------------------------------
TOTAL                                                  480,087              24,254          5.05%


============================================================
Vessel Statistics
============================================================
Metric                                            Average Count
---------------------------------------------------------------
Average vessels sailing                                   36.88
Average vessels waiting for berth at port                  0.32
Average vessels being served at berth                      1.80
---------------------------------------------------------------
TOTAL average active/port vessels                         39.00


Period Result Output: Period 13 (Days 61-65)
Output Simulation Day: 65
Simulation Running Time: 00:04:28

Simulation Progress: Day 70 / 360
Simulation Clock Time: 0001-07-30 00:00:00


============================================================
Shipment Waiting for Loading Statistics
============================================================

TEUs by Demand Matrix
------------------------------------------------------------
Origin Dest       Busan         Cartagena     Colombo       Hamburg       Ho Chi Minh CityJakarta       Jebel Ali     Kaohsiung     Laem Chabang  Los Angeles   New Jersey    Piraeus       Qingdao       Rotterdam     Shanghai      Shenzhen      Singapore     Tanger Med    Tianjin       Xiamen        
----------------------------------------------------------------------------------------------------------------------------------------------------------------------------------------------------------------------------------------------------------------------------------------------------------
Busan             -             4             15            14            2             3             22            70            2             62            22            12            19            17            42            25            19            8             13            12            
Cartagena         3             -             9             19            2             2             11            2             2             6             50            15            4             26            16            13            10            19            2             4             
Colombo           12            6             -             17            12            14            102           9             16            8             20            18            11            29            36            35            66            15            3             9             
Hamburg           5             15            19            -             2             3             25            4             2             7             46            16            5             32            21            22            11            25            2             6             
Ho Chi Minh City  2             1             5             4             -             6             9             1             5             5             3             3             2             5             10            10            16            3             1             2             
Jakarta           3             1             8             4             4             -             10            2             3             5             5             5             2             8             14            13            12            2             1             3             
Jebel Ali         13            6             103           20            11            15            -             9             8             13            20            16            8             31            21            22            51            26            2             9             
Kaohsiung         34            2             6             10            2             4             10            -             2             40            11            5             13            9             23            11            9             5             12            6             
Laem Chabang      2             1             6             4             2             6             10            1             -             5             3             4             2             5             11            10            14            2             2             2             
Los Angeles       28            5             9             4             3             2             10            13            2             -             21            5             22            8             49            27            9             3             9             11            
New Jersey        9             69            18            49            1             3             19            6             2             27            -             23            6             52            29            28            10            19            3             6             
Piraeus           5             8             17            10            2             3             24            4             2             4             14            -             5             22            18            16            10            23            2             5             
Qingdao           13            3             10            11            2             4             16            12            2             58            15            10            -             15            29            10            15            6             5             1             
Rotterdam         9             27            28            19            4             5             42            7             4             9             80            15            9             -             32            28            14            36            3             8             
Shanghai          30            10            24            29            7             9             26            21            8             65            42            18            23            34            -             27            38            14            16            12            
Shenzhen          34            9             31            30            8             10            39            23            6             34            47            25            8             41            18            -             42            14            6             3             
Singapore         16            7             61            17            8             15            99            10            10            30            20            19            13            24            47            44            -             12            3             14            
Tanger Med        5             17            15            15            2             4             22            3             2             4             21            11            4             21            18            15            9             -             3             5             
Tianjin           9             3             11            8             1             3             17            6             1             23            10            7             12            14            23            8             13            5             -             0             
Xiamen            20            3             15            16            2             3             21            13            3             17            17            12            4             17            12            50            16            6             1             -             

Port-Level Shipment Waiting and Vessel Queue Statistics

Port                       Origin Waiting TEU   Transshipment Waiting TEU   Total Waiting TEU   Vessels Waiting
---------------------------------------------------------------------------------------------------------------
Busan                                     383                         170                 554              0.01
Cartagena                                 215                           0                 215              0.00
Colombo                                   438                          16                 454              0.00
Hamburg                                   268                           0                 268              0.00
Ho Chi Minh City                           92                           0                  92              0.04
Jakarta                                   105                           0                 105              0.05
Jebel Ali                                 403                           0                 403              0.00
Kaohsiung                                 211                          24                 235              0.31
Laem Chabang                               91                           0                  91              0.02
Los Angeles                               240                           0                 240              0.00
New Jersey                                380                         166                 546              0.00
Piraeus                                   193                           0                 193              0.00
Qingdao                                   237                          74                 311              0.01
Rotterdam                                 378                           0                 378              0.00
Shanghai                                  455                         973               1,428              0.00
Shenzhen                                  430                         100                 530              0.00
Singapore                                 469                         466                 935              0.00
Tanger Med                                195                          79                 274              0.00
Tianjin                                   175                           0                 175              0.01
Xiamen                                    249                           0                 249              0.02
---------------------------------------------------------------------------------------------------------------
TOTAL                                   5,608                       2,068               7,676              0.48



============================================================
Shipment Being Transported Statistics
============================================================

Average TEUs in Transition by Demand Matrix
------------------------------------------------------------
Origin Dest       Busan         Cartagena     Colombo       Hamburg       Ho Chi Minh CityJakarta       Jebel Ali     Kaohsiung     Laem Chabang  Los Angeles   New Jersey    Piraeus       Qingdao       Rotterdam     Shanghai      Shenzhen      Singapore     Tanger Med    Tianjin       Xiamen        
----------------------------------------------------------------------------------------------------------------------------------------------------------------------------------------------------------------------------------------------------------------------------------------------------------
Busan             -             42            62            174           9             15            120           117           12            475           230           119           8             198           29            59            60            84            5             28            
Cartagena         29            -             71            41            12            19            60            24            16            108           32            38            41            55            124           98            66            35            26            27            
Colombo           47            54            -             143           13            16            62            39            19            78            91            95            42            206           85            91            33            95            18            40            
Hamburg           80            33            173           -             21            29            202           60            22            136           73            29            70            7             247           247           96            22            41            73            
Ho Chi Minh City  9             17            23            40            -             8             53            8             2             71            31            27            10            56            40            44            15            29            7             14            
Jakarta           16            14            34            54            4             -             54            10            5             83            55            60            12            94            47            52            6             30            9             15            
Jebel Ali         60            40            60            126           16            26            -             52            16            146           78            76            41            180           70            83            55            140           17            44            
Kaohsiung         12            18            22            83            10            14            40            -             11            260           87            48            15            98            31            21            30            41            7             10            
Laem Chabang      12            9             24            46            4             6             50            10            -             82            29            38            11            58            37            39            9             27            12            12            
Los Angeles       286           117           106           105           34            35            161           133           28            -             441           91            219           187           426           273           106           69            83            129           
New Jersey        94            39            143           81            14            20            116           75            14            456           -             54            76            80            266           228           69            23            33            73            
Piraeus           59            42            118           16            12            22            138           42            16            81            66            -             57            34            182           159           68            20            28            59            
Qingdao           19            35            28            96            8             12            57            20            8             434           126           79            -             135           8             14            29            49            16            0             
Rotterdam         127           56            245           4             39            49            315           91            37            163           117           27            104           -             351           358           143           26            50            115           
Shanghai          11            84            58            259           18            24            100           10            24            485           285           160           18            349           -             15            60            138           34            4             
Shenzhen          37            74            57            279           20            21            131           12            17            249           301           200           16            384           46            -             40            118           9             10            
Singapore         41            54            28            132           5             9             97            38            8             281           102           114           43            200           68            80            -             89            15            43            
Tanger Med        64            30            124           13            23            34            153           43            26            80            22            11            44            13            171           167           90            -             30            55            
Tianjin           15            19            23            72            4             8             59            9             6             178           89            55            2             136           8             8             27            44            -             0             
Xiamen            20            34            38            146           5             9             69            9             7             150           161           85            10            168           33            11            28            58            0             -             

Completed TEUs by Demand Matrix
------------------------------------------------------------
Origin Dest       Busan         Cartagena     Colombo       Hamburg       Ho Chi Minh CityJakarta       Jebel Ali     Kaohsiung     Laem Chabang  Los Angeles   New Jersey    Piraeus       Qingdao       Rotterdam     Shanghai      Shenzhen      Singapore     Tanger Med    Tianjin       Xiamen        
----------------------------------------------------------------------------------------------------------------------------------------------------------------------------------------------------------------------------------------------------------------------------------------------------------
Busan             -             57            300           277           33            68            500           936           33            1143          487           226           374           312           858           411           413           159           202           216           
Cartagena         29            -             81            218           20            28            127           13            15            96            528           156           44            291           169           108           77            275           27            28            
Colombo           235           102           -             364           109           131           1031          134           144           113           309           310           190           492           716           629           510           257           69            188           
Hamburg           123           157           371           -             38            53            559           85            36            110           398           328           110           556           416           409           201           513           59            108           
Ho Chi Minh City  32            25            130           76            -             140           234           24            104           104           66            63            38            109           229           223           335           57            26            54            
Jakarta           57            21            220           87            96            -             259           29            84            148           127           144           52            174           294           287           308           71            28            57            
Jebel Ali         254           72            1010          361           100           133           -             130           93            199           195           318           144           513           386           412           425           465           48            173           
Kaohsiung         423           21            75            116           27            53            122           -             32            742           154           80            149           144           281           134           129           53            138           80            
Laem Chabang      51            20            155           89            50            136           208           25            -             121           73            86            43            114           229           213           313           57            45            41            
Los Angeles       537           105           143           95            42            72            266           173           35            -             488           103           417           171           762           482           187           67            109           174           
New Jersey        158           655           251           556           31            35            259           84            26            453           -             280           137           600           472           361           127           259           42            108           
Piraeus           106           130           305           172           30            47            477           57            32            99            247           -             98            407           367           306           169           403           43            106           
Qingdao           222           41            164           176           38            65            270           135           37            1084          265           159           -             250           492           167           241           114           85            10            
Rotterdam         189           260           545           330           79            102           857           104           62            148           688           341           151           -             546           596           302           773           77            164           
Shanghai          552           116           464           466           117           178           610           337           130           1243          692           402           502           671           -             487           832           265           287           175           
Shenzhen          528           113           553           511           160           195           930           301           101           604           841           519           127           784           346           -             815           263           106           58            
Singapore         269           92            601           295           206           395           957           139           198           519           321           316           267           462           916           809           -             208           74            263           
Tanger Med        94            179           291           278           43            65            496           50            55            77            171           242           70            352           314           285           224           -             42            80            
Tianjin           160           20            120           143           23            40            261           77            26            407           184           114           157           249           333           105           219           82            -             9             
Xiamen            294           39            254           281           32            60            373           169           40            340           381           196           76            348           204           780           315           118           7             -             


============================================================
Service Route Capacity and Utilization Statistics
============================================================
Route     Name                                Avg Capacity TEU     Avg Carried TEU    Utilization
-------------------------------------------------------------------------------------------------
S1        Asia-Europe-NorthEurope                      189,307              13,072          6.90%
S2        Intra-EastAsia                                11,106                 295          2.66%
S3        SEA-Feeder                                     7,019                 231          3.29%
S4        Transpacific-WestCoast                       126,560               5,530          4.37%
S5        Asia-US-East                                 115,069               3,755          3.26%
S6        Transatlantic-SouthConnector                  22,767                 885          3.89%
S7        IndianOcean-MiddleEast                         7,452                 443          5.94%
-------------------------------------------------------------------------------------------------
TOTAL                                                  479,281              24,210          5.05%


============================================================
Vessel Statistics
============================================================
Metric                                            Average Count
---------------------------------------------------------------
Average vessels sailing                                   36.78
Average vessels waiting for berth at port                  0.48
Average vessels being served at berth                      1.74
---------------------------------------------------------------
TOTAL average active/port vessels                         39.00


Period Result Output: Period 14 (Days 66-70)
Output Simulation Day: 70
Simulation Running Time: 00:04:38

Simulation Progress: Day 75 / 360
Simulation Clock Time: 0001-08-04 00:00:00


============================================================
Shipment Waiting for Loading Statistics
============================================================

TEUs by Demand Matrix
------------------------------------------------------------
Origin Dest       Busan         Cartagena     Colombo       Hamburg       Ho Chi Minh CityJakarta       Jebel Ali     Kaohsiung     Laem Chabang  Los Angeles   New Jersey    Piraeus       Qingdao       Rotterdam     Shanghai      Shenzhen      Singapore     Tanger Med    Tianjin       Xiamen        
----------------------------------------------------------------------------------------------------------------------------------------------------------------------------------------------------------------------------------------------------------------------------------------------------------
Busan             -             4             17            14            3             3             24            80            3             70            22            13            21            19            46            28            21            8             15            14            
Cartagena         3             -             9             20            2             3             12            2             3             7             51            15            4             28            17            13            11            21            2             4             
Colombo           12            6             -             18            12            13            105           10            16            8             19            18            11            29            36            35            64            15            3             10            
Hamburg           6             14            20            -             2             3             27            5             2             7             45            17            6             33            22            24            11            27            3             6             
Ho Chi Minh City  2             1             5             4             -             6             9             2             5             6             3             3             2             5             10            10            15            3             1             2             
Jakarta           3             1             9             4             4             -             10            3             3             6             5             5             2             8             14            13            12            2             1             3             
Jebel Ali         13            6             106           21            11            15            -             11            8             14            20            16            8             32            21            22            53            26            3             9             
Kaohsiung         39            2             8             11            2             4             11            -             3             47            13            6             15            11            27            12            11            5             14            6             
Laem Chabang      2             1             6             4             2             6             10            2             -             6             3             4             2             5             11            9             14            2             1             2             
Los Angeles       28            5             9             4             3             2             10            15            2             -             21            4             22            8             48            26            9             3             9             11            
New Jersey        9             65            18            49            1             3             20            7             2             29            -             24            6             55            29            27            10            19            3             6             
Piraeus           5             8             17            10            1             3             24            5             2             5             14            -             5             22            18            15            10            22            2             5             
Qingdao           14            4             12            13            3             4             19            13            3             65            18            12            -             16            32            12            17            8             6             1             
Rotterdam         10            27            30            20            4             5             44            7             4             10            77            17            9             -             34            30            15            40            3             8             
Shanghai          32            11            24            29            7             9             27            24            9             75            47            19            26            34            -             27            37            14            17            14            
Shenzhen          34            10            31            31            9             10            41            28            7             40            49            24            8             41            19            -             43            15            6             3             
Singapore         16            7             58            17            8             16            94            11            9             35            21            19            13            23            50            45            -             12            3             14            
Tanger Med        5             17            15            15            2             4             23            4             2             4             21            12            5             21            18            16            9             -             3             5             
Tianjin           10            3             13            10            2             4             19            6             2             28            12            9             14            16            28            10            15            6             -             1             
Xiamen            23            3             17            18            2             3             24            15            4             19            19            14            5             19            14            59            20            7             1             -             

Port-Level Shipment Waiting and Vessel Queue Statistics

Port                       Origin Waiting TEU   Transshipment Waiting TEU   Total Waiting TEU   Vessels Waiting
---------------------------------------------------------------------------------------------------------------
Busan                                     425                         168                 593              0.01
Cartagena                                 225                           0                 225              0.00
Colombo                                   440                          15                 455              0.00
Hamburg                                   281                           0                 281              0.00
Ho Chi Minh City                           93                           0                  93              0.04
Jakarta                                   108                           0                 108              0.05
Jebel Ali                                 415                           0                 415              0.00
Kaohsiung                                 246                          23                 269              0.50
Laem Chabang                               91                           0                  91              0.02
Los Angeles                               241                           0                 241              0.00
New Jersey                                382                         155                 537              0.00
Piraeus                                   193                           0                 193              0.00
Qingdao                                   272                          77                 349              0.01
Rotterdam                                 393                           0                 393              0.00
Shanghai                                  481                         981               1,462              0.00
Shenzhen                                  449                          99                 548              0.00
Singapore                                 473                         479                 952              0.00
Tanger Med                                200                          82                 282              0.00
Tianjin                                   207                           0                 207              0.01
Xiamen                                    288                           0                 288              0.02
---------------------------------------------------------------------------------------------------------------
TOTAL                                   5,903                       2,079               7,982              0.66



============================================================
Shipment Being Transported Statistics
============================================================

Average TEUs in Transition by Demand Matrix
------------------------------------------------------------
Origin Dest       Busan         Cartagena     Colombo       Hamburg       Ho Chi Minh CityJakarta       Jebel Ali     Kaohsiung     Laem Chabang  Los Angeles   New Jersey    Piraeus       Qingdao       Rotterdam     Shanghai      Shenzhen      Singapore     Tanger Med    Tianjin       Xiamen        
----------------------------------------------------------------------------------------------------------------------------------------------------------------------------------------------------------------------------------------------------------------------------------------------------------
Busan             -             43            61            173           9             14            116           124           11            465           227           119           7             199           27            60            57            83            4             29            
Cartagena         29            -             69            40            12            19            59            24            16            106           31            37            40            53            125           100           67            34            25            27            
Colombo           48            55            -             142           13            16            62            40            20            78            93            94            43            206           84            91            31            94            18            42            
Hamburg           79            34            173           -             21            29            202           59            21            134           72            28            69            8             245           248           97            23            41            74            
Ho Chi Minh City  10            16            23            39            -             8             52            8             2             70            31            27            10            56            40            44            15            29            7             15            
Jakarta           17            15            33            55            4             -             54            10            5             81            54            59            12            94            47            52            7             29            9             16            
Jebel Ali         61            40            56            127           16            26            -             53            16            145           78            75            42            181           70            83            52            138           18            46            
Kaohsiung         12            18            21            83            9             14            39            -             11            252           85            47            14            97            30            20            28            40            7             9             
Laem Chabang      13            9             24            46            4             6             50            10            -             81            29            38            12            58            37            39            9             27            12            13            
Los Angeles       287           117           107           104           35            35            159           135           28            -             440           91            223           186           432           274           105           69            86            132           
New Jersey        94            46            144           78            14            21            114           76            14            450           -             53            76            76            269           233           71            21            34            73            
Piraeus           60            43            118           18            12            22            138           42            15            79            65            -             57            36            182           158           69            20            28            59            
Qingdao           18            35            26            95            7             12            55            22            7             425           123           77            -             133           7             13            27            48            16            0             
Rotterdam         129           59            244           5             38            48            313           92            36            161           113           25            105           -             350           355           141           26            49            115           
Shanghai          11            85            58            264           18            24            101           11            24            471           281           159           17            347           -             15            58            138           35            4             
Shenzhen          45            74            57            284           20            22            129           14            18            244           295           197           17            385           49            -             39            118           10            11            
Singapore         42            54            32            133           5             9             103           39            8             278           102           114           44            199           67            79            -             89            15            45            
Tanger Med        64            31            123           14            23            34            153           43            25            80            21            11            45            14            171           166           89            -             30            56            
Tianjin           14            20            23            70            4             8             57            9             6             173           87            55            2             133           8             7             26            43            -             0             
Xiamen            21            34            37            143           5             9             68            11            7             146           156           83            10            165           33            10            26            56            0             -             

Completed TEUs by Demand Matrix
------------------------------------------------------------
Origin Dest       Busan         Cartagena     Colombo       Hamburg       Ho Chi Minh CityJakarta       Jebel Ali     Kaohsiung     Laem Chabang  Los Angeles   New Jersey    Piraeus       Qingdao       Rotterdam     Shanghai      Shenzhen      Singapore     Tanger Med    Tianjin       Xiamen        
----------------------------------------------------------------------------------------------------------------------------------------------------------------------------------------------------------------------------------------------------------------------------------------------------------
Busan             -             79            330           312           33            74            500           1185          44            1245          487           245           374           